Symbol,Name,Last Sale,Net Change,% Change,Market Cap,Country,IPO Year,Volume,Sector,Industry
A,Agilent Technologies Inc. Common Stock,$116.64,1.57,1.364%,32962734255.00,United States,1999,3207759,Industrials,Biotechnology: Laboratory Analytical Instruments
AA,Alcoa Corporation Common Stock ,$61.16,1.51,2.531%,16136438621.00,United States,2016,6888675,Industrials,Aluminum
AACB,Artius II Acquisition Inc. Class A Ordinary Shares,$10.34,0.00,0.00%,0.00,United States,2025,6305,,
AACBR,Artius II Acquisition Inc. Rights,$0.375,0.0718,23.681%,0.00,United States,2025,97429,,
AACBU,Artius II Acquisition Inc. Units,$10.53,0.00,0.00%,0.00,United States,2025,60,Finance,Blank Checks
AACG,ATA Creativity Global American Depositary Shares,$0.95,-0.0182,-1.88%,40829987.00,China,2008,10297,Real Estate,Other Consumer Services
AACIU,Armada Acquisition Corp. III Units,$9.9558,-0.0042,-0.042%,0.00,United States,2026,1468,Finance,Blank Checks
AACOU,Abony Acquisition Corp. I Units,$9.945,0.00,0.00%,0.00,United States,2026,303,,
AAL,American Airlines Group Inc. Common Stock,$11.44,0.26,2.326%,7553884315.00,United States,,152981854,Consumer Discretionary,Air Freight/Delivery Services
AAME,Atlantic American Corporation Common Stock,$2.77,0.15,5.725%,56500322.00,United States,,14113,Finance,Life Insurance
AAMI,Acadian Asset Management Inc. Common Stock,$51.56,0.38,0.742%,1841855606.00,United Kingdom,2014,271466,Finance,Investment Managers
AAOI,Applied Optoelectronics Inc. Common Stock,$110.62,15.04,15.736%,8318493137.00,United States,2013,13798179,Technology,Semiconductors
AAON,AAON Inc. Common Stock,$90.33,2.00,2.264%,7361881721.00,United States,,825082,Industrials,Industrial Machinery/Components
AAP,Advance Auto Parts Inc.,$51.09,0.76,1.51%,3070509000.00,United States,,1488411,Consumer Discretionary,Auto & Home Supply Stores
AAPG,Ascentage Pharma Group International American Depository Shares,$23.69,0.55,2.377%,2062608820.00,China,2025,1165,Health Care,Biotechnology: Pharmaceutical Preparations
AAPL,Apple Inc. Common Stock,$259.88,2.42,0.94%,3815334663200.00,United States,1980,38147573,Technology,Computer Manufacturing
AARD,Aardvark Therapeutics Inc. Common Stock,$6.09,0.24,4.103%,132599226.00,United States,2025,320436,Health Care,Biotechnology: Pharmaceutical Preparations
AAT,American Assets Trust Inc. Common Stock,$19.05,-0.04,-0.21%,1169497331.00,United States,2011,473532,Real Estate,Real Estate Investment Trusts
AAUC,Allied Gold Corporation Common Shares,$31.47,0.10,0.319%,3902280000.00,,2025,1663086,,
AB,AllianceBernstein Holding L.P.  Units,$37.91,0.00,0.00%,3498500353.00,United States,,472943,Finance,Investment Managers
ABAT,American Battery Technology Company Common Stock,$3.34,-0.03,-0.89%,439908878.00,United States,,3273291,Basic Materials,Metal Mining
ABBV,AbbVie Inc. Common Stock,$227.45,-2.66,-1.156%,402170041779.00,United States,2012,7915228,Health Care,Biotechnology: Pharmaceutical Preparations
ABCB,Ameris Bancorp Common Stock,$76.40,-0.28,-0.365%,5186054691.00,United States,1994,555221,Finance,Major Banks
ABCL,AbCellera Biologics Inc. Common Shares,$3.52,0.07,2.029%,1037222673.00,Canada,2020,1970177,Health Care,Biotechnology: Pharmaceutical Preparations
ABEO,Abeona Therapeutics Inc. Common Stock,$5.16,0.31,6.392%,279627423.00,United States,,1939186,Health Care,Biotechnology: Pharmaceutical Preparations
ABEV,Ambev S.A. American Depositary Shares (Each representing 1 Common Share),$3.00,0.08,2.74%,47284916268.00,Brazil,2013,20405049,Consumer Staples,Beverages (Production/Distribution)
ABG,Asbury Automotive Group Inc Common Stock,$204.17,-0.61,-0.298%,3931889526.00,United States,2002,331540,Consumer Discretionary,Retail-Auto Dealers and Gas Stations
ABLV,Able View Global Inc. Class B Ordinary Shares,$0.6942,-0.0179,-2.514%,34286484.00,China,,1071,Consumer Discretionary,Other Consumer Services
ABLVW,Able View Global Inc. Warrant,$0.0169,-0.0048,-22.12%,834690.00,China,,5016,Consumer Discretionary,Other Consumer Services
ABM,ABM Industries Incorporated Common Stock,$43.28,-0.56,-1.277%,2536137540.00,United States,,935125,Consumer Discretionary,Diversified Commercial Services
ABNB,Airbnb Inc. Class A Common Stock,$134.03,0.80,0.60%,81585931791.00,United States,2020,3919373,Consumer Discretionary,Diversified Commercial Services
ABOS,Acumen Pharmaceuticals Inc. Common Stock,$3.14,-0.17,-5.136%,190200555.00,United States,2021,306523,Health Care,Biotechnology: Biological Products (No Diagnostic Substances)
ABR,Arbor Realty Trust Common Stock,$8.50,-0.19,-2.186%,1641480186.00,United States,2004,5274670,Real Estate,Real Estate Investment Trusts
ABR^D,Arbor Realty Trust 6.375% Series D Cumulative Redeemable Preferred Stock Liquidation Preference $25.00 per Share,$17.45,-0.24,-1.357%,,United States,,15099,,
ABR^E,Arbor Realty Trust 6.25% Series E Cumulative Redeemable Preferred Stock,$17.30,-0.05,-0.288%,,United States,,2002,,
ABR^F,Arbor Realty Trust 6.25% Series F Fixed-to-Floating Rate Cumulative Redeemable Preferred Stock Liquidation Preference $25.00 per share,$22.21,0.05,0.226%,,United States,,5145,,
ABSI,Absci Corporation Common Stock,$2.51,0.13,5.462%,377432543.00,United States,2021,5380241,Health Care,Biotechnology: Commercial Physical & Biological Resarch
ABT,Abbott Laboratories Common Stock,$112.65,3.09,2.82%,195749977221.00,United States,,13560757,Health Care,Biotechnology: Pharmaceutical Preparations
ABTC,American Bitcoin Corp. Class A Common Stock,$1.10,0.01,0.917%,1020365493.00,United States,2018,16582114,Technology,EDP Services
ABTS,Abits Group Inc Ordinary Shares,$2.82,0.01,0.356%,6683386.00,China,,48278,Technology,Computer Software: Programming Data Processing
ABUS,Arbutus Biopharma Corporation Common Stock,$4.72,0.19,4.194%,907769360.00,Canada,,3790168,Health Care,Biotechnology: Pharmaceutical Preparations
ABVC,ABVC BioPharma Inc. Common Stock,$1.46,0.12,8.955%,37142994.00,United States,,75118,Health Care,Biotechnology: Pharmaceutical Preparations
ABVE,Above Food Ingredients Inc. Common Stock,$1.12,0.02,1.818%,57334870.00,Canada,,1504509,Consumer Staples,Packaged Foods
ABVEW,Above Food Ingredients Inc. Warrants,$0.31,-0.01,-3.125%,15869473.00,Canada,,26575,Consumer Staples,Packaged Foods
ABVX,Abivax SA American Depositary Shares,$109.61,0.28,0.256%,8608376119.00,France,2023,648888,Health Care,Biotechnology: Pharmaceutical Preparations
ABX,Abacus Global Management Inc. Class A Common Stock,$9.63,-0.20,-2.035%,941359994.00,United States,,732834,Finance,Investment Managers
ABXL,Abacus Global Management Inc. 9.875% Fixed Rate Senior Notes due 2028,$25.86,-0.0601,-0.232%,0.00,United States,,8980,,
ACA,Arcosa Inc. Common Stock ,$109.93,0.44,0.402%,5391409338.00,United States,2018,654343,Industrials,Metal Fabrications
ACAAU,Averin Capital Acquisition Corp. Units,$10.10,0.01,0.099%,0.00,United States,2026,24980,Finance,Blank Checks
ACAD,ACADIA Pharmaceuticals Inc. Common Stock,$22.58,0.42,1.895%,3849768362.00,United States,1985,1753212,Health Care,Biotechnology: Pharmaceutical Preparations
ACB,Aurora Cannabis Inc. Common Shares,$3.50,-0.01,-0.285%,198482984.00,Canada,,539680,Health Care, Medicinal Chemicals and Botanical Products 
ACCL,Acco Group Holdings Limited Class A Ordinary Shares,$1.59,-0.02,-1.242%,22101000.00,Hong Kong,2025,12421,Consumer Discretionary,Professional Services
ACCO,Acco Brands Corporation Common Stock,$3.67,-0.24,-6.138%,330799608.00,United States,,1665071,Consumer Discretionary,Publishing
ACCS,ACCESS Newswire Inc. Common Stock,$7.29,-0.18,-2.41%,28203742.00,United States,,31725,Consumer Discretionary,Publishing
ACDC,ProFrac Holding Corp. Class A Common Stock,$5.43,0.03,0.556%,982130524.00,United States,2022,1551449,Energy,Oilfield Services/Equipment
ACEL,Accel Entertainment Inc. ,$11.48,-0.22,-1.88%,936389906.00,United States,2017,645626,Consumer Discretionary,Services-Misc. Amusement & Recreation
ACET,Adicet Bio Inc. Common Stock,$7.61,0.32,4.39%,72892187.00,United States,2018,93722,Health Care,Biotechnology: Pharmaceutical Preparations
ACFN,Acorn Energy Inc. Common Stock,$19.70,0.155,0.793%,49378070.00,United States,,22663,Consumer Discretionary,Military/Government/Technical
ACGL,Arch Capital Group Ltd. Common Stock,$95.62,-1.59,-1.636%,34021913458.00,Bermuda,,1919182,Finance,Property-Casualty Insurers
ACGLN,Arch Capital Group Ltd. Depositary Shares each Representing a 1/1000th Interest in a 4.550% Non-Cumulative Preferred Share Series G,$17.08,-0.15,-0.871%,6077120706.00,Bermuda,,27001,Finance,Property-Casualty Insurers
ACGLO,Arch Capital Group Ltd. Depositary Shares Each Representing 1/1000th Interest in a Share of 5.45% Non-Cumulative Preferred Shares Series F,$20.43,-0.07,-0.341%,7269061828.00,Bermuda,,24215,Finance,Property-Casualty Insurers
ACH,Accendra Health Inc. Common Stock,$2.37,0.01,0.424%,181155247.00,United States,,834112,Health Care,Medical Specialities
ACHC,Acadia Healthcare Company Inc. Common Stock,$24.71,-0.91,-3.552%,2278553010.00,United States,,3487275,Health Care,Medical Specialities
ACHR,Archer Aviation Inc. Class A Common Stock,$6.52,0.26,4.153%,4854393185.00,United States,2020,29951899,Industrials,Aerospace
ACHV,Achieve Life Sciences Inc. Common Shares,$4.22,-0.05,-1.171%,224647429.00,United States,,342619,Health Care,Biotechnology: In Vitro & In Vivo Diagnostic Substances
ACI,Albertsons Companies Inc. Class A Common Stock,$17.23,-0.54,-3.039%,8854723075.00,United States,2020,5440298,Consumer Staples,Food Chains
ACIC,American Coastal Insurance Corporation Common Stock,$11.50,-0.13,-1.118%,560800973.00,United States,,210299,Finance,Property-Casualty Insurers
ACIU,AC Immune SA Common Stock,$2.86,0.07,2.509%,287173678.00,Switzerland,2016,221561,Health Care,Biotechnology: Pharmaceutical Preparations
ACIW,ACI Worldwide Inc. Common Stock,$42.63,0.08,0.188%,4336322790.00,United States,,948644,Technology,Computer Software: Prepackaged Software
ACLS,Axcelis Technologies Inc. Common Stock,$84.06,1.82,2.213%,2582223589.00,United States,2000,666794,Technology,Industrial Machinery/Components
ACLX,Arcellx Inc. Common Stock,$114.50,0.17,0.149%,6695938474.00,United States,2022,1420268,Health Care,Biotechnology: Biological Products (No Diagnostic Substances)
ACM,AECOM Common Stock,$94.08,0.02,0.021%,12163473746.00,United States,2007,1078169,Consumer Discretionary,Military/Government/Technical
ACMR,ACM Research Inc. Class A Common Stock,$46.69,1.77,3.94%,3068821364.00,United States,2017,1171193,Technology,Industrial Machinery/Components
ACN,Accenture plc Class A Ordinary Shares (Ireland),$209.36,-5.64,-2.623%,138268156993.00,Ireland,2001,7848248,Real Estate,Real Estate
ACNB,ACNB Corporation Common Stock,$47.18,-0.32,-0.674%,489955430.00,United States,,45199,Finance,Major Banks
ACNT,Ascent Industries Co. Common Stock,$13.21,-0.05,-0.377%,125096322.00,United States,,378938,Industrials,Steel/Iron Ore
ACOG,Alpha Cognition Inc. Common Stock,$5.87,0.08,1.382%,127626150.00,Canada,,22933,,
ACON,Aclarion Inc. Common Stock,$3.26,-0.01,-0.306%,2785249.00,United States,2022,23093,Health Care,Medical Specialities
ACONW,Aclarion Inc. Warrant,$0.0345,0.00,0.00%,29476.00,United States,2022,5,Health Care,Medical Specialities
ACP,abrdn Income Credit Strategies Fund Common Shares,$5.32,-0.01,-0.188%,0.00,United States,2011,716359,Finance,Investment Managers
ACP^A,abrdn Income Credit Strategies Fund 5.250% Series A Perpetual Preferred Stock,$20.65,0.10,0.487%,,United States,,14093,,
ACR,ACRES Commercial Realty Corp. Common Stock,$19.00,-0.02,-0.105%,138427920.00,United States,,27444,Real Estate,Real Estate Investment Trusts
ACR^C,ACRES Commercial Realty Corp. 8.625% Fixed-to-Floating Series C Cumulative Redeemable Preferred Stock ,$25.13,0.08,0.319%,,United States,,7872,,
ACR^D,ACRES Commercial Realty Corp. 7.875% Series D Cumulative Redeemable Preferred Stock,$22.02,-0.15,-0.677%,,United States,,4780,,
ACRE,Ares Commercial Real Estate Corporation Common Stock,$5.06,-0.07,-1.365%,280160420.00,United States,2012,577721,Real Estate,Real Estate Investment Trusts
ACRS,Aclaris Therapeutics Inc. Common Stock,$3.39,0.33,10.784%,408817691.00,United States,2015,13708463,Health Care,Biotechnology: Pharmaceutical Preparations
ACRV,Acrivon Therapeutics Inc. Common Stock,$1.60,0.05,3.226%,50488202.00,United States,2022,804146,Health Care,Biotechnology: Pharmaceutical Preparations
ACT,Enact Holdings Inc. Common Stock,$41.72,0.28,0.676%,5903958406.00,United States,2021,379777,Finance,Specialty Insurers
ACTG,Acacia Research Corporation (Acacia Tech) Common Stock,$4.11,0.03,0.735%,396452154.00,United States,,486737,Miscellaneous,Multi-Sector Companies
ACTU,Actuate Therapeutics Inc. Common stock,$2.945,0.085,2.972%,68451601.00,United States,2024,91370,Health Care,Biotechnology: Pharmaceutical Preparations
ACU,Acme United Corporation. Common Stock,$43.63,1.13,2.659%,166087368.00,United States,1988,53497,Consumer Discretionary,Industrial Machinery/Components
ACV,Virtus Diversified Income & Convertible Fund Common Shares of Beneficial Interest,$26.01,-0.34,-1.29%,269540434.00,United States,2015,21146,Finance,Finance/Investors Services
ACVA,ACV Auctions Inc. Class A Common Stock,$5.15,0.03,0.586%,896468637.00,United States,2025,2205586,Real Estate,Real Estate
ACXP,Acurx Pharmaceuticals Inc. Common Stock,$1.955,0.605,44.815%,4978832.00,United States,2021,6406096,Health Care,Biotechnology: Pharmaceutical Preparations
AD,Array Digital Infrastructure Inc. Common Shares,$49.06,0.03,0.061%,4238784000.00,United States,1988,146965,Telecommunications,Telecommunications Equipment
ADAC,American Drive Acquisition Company Class A Ordinary Shares,$9.92,0.00,0.00%,0.00,United States,2026,101,,
ADACU,American Drive Acquisition Company Units,$10.03,0.00,0.00%,0.00,United States,2025,101,Finance,Blank Checks
ADACW,American Drive Acquisition Company Warrant,$0.265,-0.0149,-5.323%,0.00,United States,2026,32432,,
ADAG,Adagene Inc. American Depositary Shares,$3.05,0.21,7.394%,143750374.00,China,2021,34593,Health Care,Biotechnology: Pharmaceutical Preparations
ADAM,Adamas Trust Inc. Common Stock,$8.06,0.07,0.876%,729223188.00,United States,,854125,Technology,Computer Software: Prepackaged Software
ADAMG,Adamas Trust Inc. 9.125% Senior Notes Due 2030,$25.2566,-0.0334,-0.132%,0.00,United States,,17283,Real Estate,Real Estate Investment Trusts
ADAMH,Adamas Trust Inc. 9.875% Senior Notes Due 2030,$25.75,0.06,0.234%,0.00,United States,,58132,Real Estate,Real Estate Investment Trusts
ADAMI,Adamas Trust Inc. 9.125% Senior Notes Due 2029,$25.30,-0.0901,-0.355%,2291660060.00,United States,,7529,Real Estate,Real Estate Investment Trusts
ADAML,Adamas Trust Inc. 6.875% Series F Fixed-to-Floating Rate Cumulative Redeemable Preferred Stock $0.01 par value per share,$23.50,-0.02,-0.085%,2126147014.00,United States,,2964,Real Estate,Real Estate Investment Trusts
ADAMM,Adamas Trust Inc. 7.875% Series E Fixed-to-Floating Rate Cumulative Redeemable Preferred Stock,$25.445,-0.005,-0.02%,2302119607.00,United States,,15970,Real Estate,Real Estate Investment Trusts
ADAMN,Adamas Trust Inc. 8.00% Series D Fixed-to-Floating Rate Cumulative Redeemable Preferred Stock,$22.59,-0.13,-0.572%,2043815363.00,United States,,6934,Real Estate,Real Estate Investment Trusts
ADAMO,Adamas Trust Inc. 9.250% Senior Notes Due 2031,$25.30,0.08,0.317%,0.00,United States,,18758,Real Estate,Real Estate Investment Trusts
ADAMZ,Adamas Trust Inc. 7.000% Series G Cumulative Redeemable Preferred Stock $0.01 par value per share,$19.64,-0.13,-0.658%,1776916057.00,United States,,2296,Real Estate,Real Estate Investment Trusts
ADBE,Adobe Inc. Common Stock,$282.44,-1.18,-0.416%,115941620000.00,United States,1986,4722794,Technology,Computer Software: Prepackaged Software
ADC,Agree Realty Corporation Common Stock,$81.06,-0.29,-0.356%,9729493917.00,United States,,1587217,Real Estate,Real Estate Investment Trusts
ADC^A,Agree Realty Corporation Depositary Shares each representing 1/1000th of a 4.250% Series A Cumulative Redeemable Preferred Stock,$17.20,-0.1234,-0.712%,,United States,,11425,,
ADCT,ADC Therapeutics SA Common Shares,$4.23,0.12,2.92%,524000180.00,Switzerland,2020,703555,Health Care,Biotechnology: Pharmaceutical Preparations
ADEA,Adeia Inc. Common Stock,$22.31,2.44,12.28%,2432961431.00,United States,2003,2743422,Technology,Computer Software: Prepackaged Software
ADGM,Adagio Medical Holdings Inc Common Stock,$0.9858,0.0088,0.901%,20878886.00,United States,,8378,Health Care,Medical/Dental Instruments
ADI,Analog Devices Inc. Common Stock,$319.71,3.90,1.235%,156083751034.00,United States,,5945371,Technology,Semiconductors
ADIL,Adial Pharmaceuticals Inc Common Stock,$1.72,-0.11,-6.011%,2456108.00,United States,2018,124011,Health Care,Biotechnology: Pharmaceutical Preparations
ADM,Archer-Daniels-Midland Company Common Stock,$67.92,0.48,0.712%,32683229244.00,United States,,3646284,Consumer Staples,Packaged Foods
ADMA,ADMA Biologics Inc Common Stock,$15.81,0.42,2.729%,3765296573.00,United States,,3056386,Health Care,Biotechnology: Biological Products (No Diagnostic Substances)
ADNT,Adient plc Ordinary Shares ,$21.18,-0.10,-0.47%,1659025228.00,United States,2016,1163862,Consumer Discretionary,Auto Parts:O.E.M.
ADP,Automatic Data Processing Inc. Common Stock,$223.04,-3.20,-1.414%,89805798947.00,United States,,4331929,Industrials,Diversified Commercial Services
ADPT,Adaptive Biotechnologies Corporation Common Stock,$14.95,0.09,0.606%,2302024337.00,United States,2019,3493642,Health Care,Biotechnology: Biological Products (No Diagnostic Substances)
ADSE,ADS-TEC ENERGY PLC Ordinary Shares,$11.25,-0.28,-2.428%,676378530.00,Ireland,,6374,Consumer Discretionary,Industrial Specialties
ADSEW,ADS-TEC ENERGY PLC Warrant,$0.7299,-0.0402,-5.22%,43883439.00,Ireland,,8748,Consumer Discretionary,Industrial Specialties
ADSK,Autodesk Inc. Common Stock,$260.75,-0.24,-0.092%,55018250000.00,United States,,1802655,Technology,Computer Software: Prepackaged Software
ADT,ADT Inc. Common Stock,$6.53,-0.02,-0.305%,5355395596.00,United States,2018,12697867,Consumer Discretionary,Diversified Commercial Services
ADTN,ADTRAN Holdings Inc. Common Stock,$9.62,0.03,0.313%,775945843.00,United States,1994,875394,Utilities,Telecommunications Equipment
ADTX,Aditxt Inc. Common Stock,$3.47,-0.2548,-6.841%,1941271.00,United States,2020,266897,Health Care,Biotechnology: Pharmaceutical Preparations
ADUR,Aduro Clean Technologies Inc. Common Stock,$10.99,0.08,0.733%,365735902.00,Canada,,155716,Industrials,Major Chemicals
ADUS,Addus HomeCare Corporation Common Stock,$102.86,-0.35,-0.339%,1904789355.00,United States,2009,216533,Health Care,Medical/Nursing Services
ADV,Advantage Solutions Inc. Class A Common Stock,$0.6317,-0.0083,-1.297%,206886608.00,United States,2019,642314,Real Estate,Real Estate
ADVB,Advanced Biomed Inc. Common Stock,$4.95,0.49,10.987%,6754453.00,Taiwan,2025,87878,Health Care,Medical Specialities
ADX,Adams Diversified Equity Fund Inc.,$22.90,0.10,0.439%,0.00,United States,,629234,Finance,Investment Managers
ADXN,Addex Therapeutics Ltd American Depositary Shares,$7.20,0.03,0.418%,11655842.00,Switzerland,,585,Health Care,Biotechnology: Pharmaceutical Preparations
AEAQ,Activate Energy Acquisition Corp. Class A Ordinary Share,$9.89,0.00,0.00%,0.00,Cayman Islands,2026,21,,
AEAQU,Activate Energy Acquisition Corp. Unit,$10.01,-0.04,-0.398%,0.00,Cayman Islands,2025,667,,
AEBI,Aebi Schmidt Holding AG Common Stock ,$13.50,0.15,1.124%,1047591684.00,Switzerland,,247057,Industrials,Auto Manufacturing
AEC,Anfield Energy Inc. Common Shares,$6.10,0.01,0.164%,96854354.00,Canada,,74762,Basic Materials,Metal Mining
AEE,Ameren Corporation Common Stock,$111.16,-0.36,-0.323%,30727349087.00,United States,,1697105,Utilities,Power Generation
AEF,abrdn Emerging Markets ex-China Fund Inc. Common Stock,$7.65,-0.03,-0.391%,821323125.00,United States,,331398,Finance,Finance/Investors Services
AEFC,Aegon Funding Company LLC 5.10% Subordinated Notes due 2049,$19.85,-0.07,-0.351%,0.00,United States,2019,32721,,
AEG,Aegon Ltd. New York Registry Shares,$7.06,0.01,0.142%,14163667738.00,Netherlands,,9862259,Finance,Life Insurance
AEHL,Antelope Enterprise Holdings Limited Class A Ordinary Shares,$2.23,0.02,0.905%,8428537.00,China,,580921,Industrials,Building Materials
AEHR,Aehr Test Systems Common Stock,$40.88,5.27,14.799%,1252045741.00,United States,1997,1631115,Industrials,Electrical Products
AEI,Alset Inc. Common Stock (TX),$1.74,0.19,12.258%,67996587.00,United States,2020,25727,Finance,Real Estate
AEIS,Advanced Energy Industries Inc. Common Stock,$305.02,14.24,4.897%,11514806970.00,United States,1995,978545,Technology,Industrial Machinery/Components
AEM,Agnico Eagle Mines Limited Common Stock,$224.75,3.75,1.697%,112606403724.00,Canada,,2096847,Basic Materials,Precious Metals
AEMD,Aethlon Medical Inc. Common Stock,$1.74,0.04,2.353%,2288291.00,United States,,18687,Health Care,Medical/Dental Instruments
AENT,Alliance Entertainment Holding Corporation Class A Common Stock,$6.81,-0.23,-3.267%,347019690.00,United States,,52518,Consumer Discretionary,Durable Goods
AENTW,Alliance Entertainment Holding Corporation Warrant,$0.6101,-0.0599,-8.94%,31089091.00,United States,,88358,Consumer Discretionary,Durable Goods
AEO,American Eagle Outfitters Inc. Common Stock,$18.47,0.01,0.054%,3130886751.00,United States,,11943591,Consumer Discretionary,Clothing/Shoe/Accessory Stores
AEON,AEON Biopharma Inc. Class A Common Stock,$1.07,0.01,0.943%,27074272.00,United States,,129651,Health Care,Biotechnology: Pharmaceutical Preparations
AEP,American Electric Power Company Inc. Common Stock,$131.86,-0.01,-0.008%,71590793446.00,United States,,4476527,Utilities,Electric Utilities: Central
AER,AerCap Holdings N.V. Ordinary Shares,$139.34,3.24,2.381%,24947954592.00,Netherlands,2006,2537580,Consumer Discretionary,Diversified Commercial Services
AERO,Grupo Aeromexico S.A.B. de C.V. American Depositary Shares (each representing ten (10) Common Shares),$15.78,0.06,0.382%,2302355794.00,,2025,1138239,Consumer Discretionary,Air Freight/Delivery Services
AERT,Aeries Technology Inc. Class A Ordinary Share,$0.3002,0.0083,2.843%,15072957.00,United States,2021,282133,Consumer Discretionary,Professional Services
AERTW,Aeries Technology Inc. Warrant,$0.0198,-0.0002,-1.00%,994152.00,United States,2021,21066,Consumer Discretionary,Professional Services
AES,The AES Corporation Common Stock,$14.19,0.04,0.283%,10111210223.00,United States,,14667679,Utilities,Electric Utilities: Central
AESI,Atlas Energy Solutions Inc. Common Stock,$11.90,0.11,0.933%,1477519672.00,United States,2023,3336019,Industrials,Mining & Quarrying of Nonmetallic Minerals (No Fuels)
AEVA,Aeva Technologies Inc. Common Stock,$14.76,0.59,4.164%,886779442.00,United States,,1569574,Consumer Discretionary,Auto Parts:O.E.M.
AEVAW,Aeva Technologies Inc. Warrants,$0.0022,-0.0004,-15.385%,132176.00,United States,,649519,Consumer Discretionary,Auto Parts:O.E.M.
AEXA,American Exceptionalism Acquisition Corp. A Class A Ordinary Shares,$11.25,0.05,0.446%,0.00,,2025,139552,,
AEYE,AudioEye Inc. Common Stock,$5.85,-0.26,-4.255%,72648909.00,United States,,341130,Technology,Computer Software: Prepackaged Software
AFB,AllianceBernstein National Municipal Income Fund Inc,$10.81,-0.04,-0.369%,0.00,United States,2002,99573,Finance,Trusts Except Educational Religious and Charitable
AFBI,Affinity Bancshares Inc. Common Stock (MD),$19.50,-0.45,-2.256%,120268239.00,United States,2017,1320,Finance,Banks
AFCG,Advanced Flower Capital Inc. Common Stock,$2.57,-0.05,-1.908%,60469129.00,United States,2021,686165,Finance,Real Estate
AFG,American Financial Group Inc. Common Stock,$129.25,-1.49,-1.14%,10766374165.00,United States,,366082,Finance,Property-Casualty Insurers
AFGB,American Financial Group Inc. 5.875% Subordinated Debentures due 2059,$21.7843,-0.1257,-0.574%,1814606768.00,United States,2019,11958,Finance,Property-Casualty Insurers
AFGC,American Financial Group Inc. 5.125% Subordinated Debentures due 2059,$18.54,-0.26,-1.383%,1544360364.00,United States,2019,14624,Finance,Property-Casualty Insurers
AFGD,American Financial Group Inc. 5.625% Subordinated Debentures due 2060,$20.59,-0.11,-0.531%,1715122971.00,United States,2020,4136,Finance,Property-Casualty Insurers
AFGE,American Financial Group Inc. 4.500% Subordinated Debentures due 2060,$16.99,0.01,0.059%,1415247173.00,United States,2020,21760,Finance,Property-Casualty Insurers
AFJK,Aimei Health Technology Co. Ltd Ordinary Share,$26.65,-3.41,-11.344%,0.00,United States,2024,7441,,
AFJKR,Aimei Health Technology Co. Ltd Right,$0.315,-0.064,-16.887%,0.00,United States,2024,41138,,
AFJKU,Aimei Health Technology Co. Ltd Unit,$23.83,-11.65,-32.835%,0.00,United States,2023,897,,
AFL,AFLAC Incorporated Common Stock,$110.18,-1.11,-0.997%,56893586221.00,United States,,2802769,Finance,Accident &Health Insurance
AFRI,Forafric Global PLC Ordinary Shares,$9.81,0.13,1.343%,263904618.00,Gibraltar,,4344,Consumer Staples,Packaged Foods
AFRIW,Forafric Global PLC Warrants,$0.8145,0.0495,6.471%,21911347.00,Gibraltar,,1544,Consumer Staples,Packaged Foods
AFRM,Affirm Holdings Inc. Class A Common Stock,$50.81,-0.89,-1.721%,16925352177.00,United States,2021,6591158,Finance,Finance: Consumer Services
AFYA,Afya Limited Class A Common Shares,$14.01,0.15,1.082%,1266347326.00,Brazil,2019,90969,Real Estate,Other Consumer Services
AG,First Majestic Silver Corp. Ordinary Shares (Canada),$26.14,0.31,1.20%,12890608734.00,Canada,,21003670,Basic Materials,Precious Metals
AGAE,Allied Gaming & Entertainment Inc. Common Stock,$0.3094,0.0066,2.18%,11666524.00,United States,2017,84162,Consumer Discretionary,Services-Misc. Amusement & Recreation
AGBK,AGI Inc Class A Common Shares,$10.58,0.08,0.762%,1692060141.00,,2026,1060391,Finance,Commercial Banks
AGCC,Agencia Comercial Spirits Ltd Class A Ordinary Shares,$18.20,0.09,0.497%,620874800.00,Taiwan,2025,184498,Consumer Staples,Beverages (Production/Distribution)
AGCO,AGCO Corporation Common Stock,$123.92,0.04,0.032%,8971877271.00,United States,,754335,Industrials,Industrial Machinery/Components
AGD,abrdn Global Dynamic Dividend Fund Common Shares of Beneficial Interest,$11.51,-0.33,-2.787%,0.00,United States,2006,151354,Finance,Trusts Except Educational Religious and Charitable
AGEN,Agenus Inc. Common Stock,$3.15,0.19,6.419%,107126299.00,United States,2000,454097,Health Care,Biotechnology: Biological Products (No Diagnostic Substances)
AGH,Aureus Greenway Holdings Inc. Common Stock,$5.48,0.60,12.295%,82508508.00,United States,2025,28736509,Consumer Discretionary,Hotels/Resorts
AGI,Alamos Gold Inc. Class A Common Shares,$51.16,1.27,2.546%,21481101575.00,Canada,2015,3783483,Basic Materials,Precious Metals
AGIG,Abundia Global Impact Group Inc. Common stock,$1.87,-0.17,-8.333%,70417245.00,United States,,1580797,Energy,Oil & Gas Production
AGIO,Agios Pharmaceuticals Inc. Common Stock,$28.53,1.06,3.859%,1671634667.00,United States,2013,779712,Health Care,Biotechnology: Pharmaceutical Preparations
AGL,agilon health inc. Common Stock,$0.5999,0.0016,0.267%,248880368.00,United States,2021,4380321,Health Care,Misc Health and Biotechnology Services
AGM,Federal Agricultural Mortgage Corporation Common Stock,$161.46,0.38,0.236%,1752968152.00,United States,,106745,Finance,Finance Companies
AGM^D,Federal Agricultural Mortgage Corporation 5.700% Non-Cumulative Preferred Stock Series D,$21.73,0.10,0.462%,,United States,,3965,,
AGM^E,Federal Agricultural Mortgage Corporation 5.750% Non-Cumulative Preferred Stock Series E,$22.14,-0.08,-0.36%,,United States,,2285,,
AGM^F,Federal Agricultural Mortgage Corporation 5.250% Non-Cumulative Preferred Stock Series F,$19.85,0.09,0.455%,,United States,,3395,,
AGM^G,Federal Agricultural Mortgage Corporation 4.875% Non-Cumulative Preferred Stock Series G,$18.29,-0.07,-0.381%,,United States,,4362,,
AGM^H,Federal Agricultural Mortgage Corporation 6.500% Non-Cumulative Preferred Stock Series H,$24.93,0.10,0.403%,,United States,,3926,,
AGMB,AgomAb Therapeutics NV American Depositary Shares,$14.43,0.81,5.947%,703271721.00,Belgium,2026,69543,Health Care,Biotechnology: Biological Products (No Diagnostic Substances)
AGMH,AGM Group Holdings Inc. Class A Ordinary Shares,$1.205,-0.045,-3.60%,4216212.00,Hong Kong,2018,16028,Technology,EDP Services
AGNC,AGNC Investment Corp. Common Stock,$10.54,-0.10,-0.94%,11686442862.00,United States,2008,28284799,Real Estate,Real Estate Investment Trusts
AGNCL,AGNC Investment Corp. Depositary Shares Each Representing a 1/1000th Interest in a Share of 7.75% Series G Fixed-Rate Reset Cumulative Redeemable Preferred Stock,$25.22,0.02,0.079%,27963196297.00,United States,,14174,Real Estate,Real Estate Investment Trusts
AGNCM,AGNC Investment Corp. Depositary Shares rep 6.875% Series D Fixed-to-Floating Cumulative Redeemable Preferred Stock,$24.94,0.02,0.08%,27652740510.00,United States,,27369,Real Estate,Real Estate Investment Trusts
AGNCN,AGNC Investment Corp. Depositary Shares Each Representing a 1/1000th Interest in a Share of 7.00% Series C Fixed-To-Floating Rate Cumulative Redeemable Preferred Stock,$25.60,0.01,0.039%,28384529152.00,United States,,16712,Real Estate,Real Estate Investment Trusts
AGNCO,AGNC Investment Corp. Depositary Shares each representing a 1/1000th interest in a share of 6.50% Series E Fixed-to-Floating Cumulative Redeemable Preferred Stock,$25.41,0.00,0.00%,28173862725.00,United States,,35789,Real Estate,Real Estate Investment Trusts
AGNCP,AGNC Investment Corp. Depositary Shares Each Representing a 1/1000th Interest in a Share of 6.125% Series F Fixed-to-Floating Rate Cumulative Redeemable Preferred Stock,$24.889,-0.051,-0.204%,27596193206.00,United States,,54960,Real Estate,Real Estate Investment Trusts
AGNCZ,AGNC Investment Corp. Depositary Shares Each Representing a 1/1000th Interest in a Share of 8.75% Series H Fixed-Rate Cumulative Redeemable Preferred Stock,$25.66,-0.02,-0.078%,28451055392.00,United States,,55644,,
AGO,Assured Guaranty Ltd. Common Stock,$85.59,0.28,0.328%,3847165139.00,Bermuda,2004,303525,Finance,Property-Casualty Insurers
AGPU,Axe Compute Inc. Common Stock,$1.77,-0.06,-3.279%,6006523.00,United States,,73162,Health Care,Industrial Specialties
AGRO,Adecoagro S.A. Common Shares,$9.99,-0.17,-1.673%,1413242852.00,Luxembourg,2011,2404787,Consumer Staples,Farming/Seeds/Milling
AGRZ,Agroz Inc. Ordinary Shares,$0.46,0.0946,25.889%,9394803.00,Malaysia,2025,2306294,Consumer Staples,Farming/Seeds/Milling
AGX,Argan Inc. Common Stock,$466.38,52.18,12.598%,6470280956.00,United States,,777835,Consumer Discretionary,Engineering & Construction
AGYS,Agilysys Inc. Common Stock (DE),$75.99,-1.47,-1.898%,2135945690.00,United States,,282026,Technology,EDP Services
AHCO,AdaptHealth Corp. Common Stock,$9.67,0.18,1.897%,1314296271.00,United States,2018,2393877,Health Care,Medical/Nursing Services
AHG,Akso Health Group ADS,$1.48,0.13,9.63%,816754542.00,China,2017,10025,Real Estate,Real Estate
AHL^D,Aspen Insurance Holdings Limited 5.625% Perpetual Non-Cumulative Preference Shares,$20.9116,-0.0584,-0.278%,,Bermuda,,22813,,
AHL^E,Aspen Insurance Holdings Limited Depositary Shares each representing a 1/1000th interest in a share of 5.625% Perpetual Non-Cumulative Preference Shares,$20.88,0.06,0.288%,,Bermuda,,22143,,
AHL^F,Aspen Insurance Holdings Limited Depositary Shares each representing a 1/1000th Interest in a 7.00% Perpetual Non-Cumulative Preference Share,$25.00,-0.18,-0.715%,,Bermuda,,27114,,
AHMA,Ambitions Enterprise Management Co. L.L.C Class A Ordinary Shares,$5.97,0.02,0.336%,176115000.00,United Arab Emirates,2025,15944,Consumer Discretionary,Services-Misc. Amusement & Recreation
AHR,American Healthcare REIT Inc. Common Stock,$52.19,0.68,1.32%,9813209607.00,United States,2024,2611808,Real Estate,Real Estate Investment Trusts
AHRT,AH Realty Trust Inc. Common Stock,$5.94,-0.28,-4.502%,476249533.00,United States,2013,2741553,Finance,Real Estate
AHRT^A,AH Realty Trust Inc. 6.75% Series A Cumulative Redeemable Perpetual Preferred Stock,$21.4801,-0.2699,-1.241%,,United States,,19519,,
AHT,Ashford Hospitality Trust Inc Common Stock,$3.23,-0.01,-0.309%,20709248.00,United States,2003,59042,Real Estate,Real Estate Investment Trusts
AHT^D,Ashford Hospitality Trust Inc 8.45% Series D Cumulative Preferred Stock,$9.98,0.205,2.097%,,United States,,1283,,
AHT^F,Ashford Hospitality Trust Inc 7.375% Series F Cumulative Preferred Stock,$8.2741,-0.0509,-0.611%,,United States,,4414,,
AHT^G,Ashford Hospitality Trust Inc 7.375% Series G Cumulative Preferred Stock,$8.775,0.4127,4.935%,,United States,,990,,
AHT^H,Ashford Hospitality Trust Inc 7.50% Series H Cumulative Preferred Stock,$8.4999,-0.0001,-0.001%,,United States,,10646,,
AHT^I,Ashford Hospitality Trust Inc 7.50% Series I Cumulative Preferred Stock,$8.4001,0.00,0.00%,,United States,,612,,
AI,C3.ai Inc. Class A Common Stock,$9.27,0.08,0.871%,1304782915.00,United States,2020,4371538,Technology,Computer Software: Prepackaged Software
AIDX,20/20 Biolabs Inc. Common Stock,$2.84,0.04,1.429%,15455987.00,United States,,90730,Health Care,Precision Instruments
AIFF,Firefly Neuroscience Inc. Common Stock,$1.67,-0.18,-9.73%,23737517.00,United States,,2814069,Technology,Computer Software: Prepackaged Software
AIFU,AIFU Inc. Class A Ordinary Share,$1.80,-0.10,-5.263%,222208398.00,China,2007,2298,Finance,Specialty Insurers
AIG,American International Group Inc. New Common Stock,$77.62,-1.10,-1.397%,41647761042.00,United States,,6020400,Finance,Life Insurance
AIHS,Senmiao Technology Limited Common Stock,$1.43,-0.01,-0.694%,6517209.00,China,2018,41702,Finance,Finance: Consumer Services
AII,American Integrity Insurance Group Inc. Common Stock,$18.96,-0.54,-2.769%,371218011.00,United States,2025,316126,Finance,Property-Casualty Insurers
AIIA,AI Infrastructure Acquisition Corp. Class A Ordinary Shares,$10.12,0.02,0.198%,0.00,,2025,308,Finance,Blank Checks
AIIO,Robo.ai Inc. Class B Ordinary Shares,$0.1441,0.0021,1.479%,53367210.00,United Arab Emirates,,2223744,Industrials,Auto Manufacturing
AIIOW,Robo.ai Inc. Warrant,$0.0285,-0.0023,-7.468%,10554931.00,United Arab Emirates,,45773,Industrials,Auto Manufacturing
AIM,AIM ImmunoTech Inc. Common Stock,$0.7245,0.0301,4.335%,2886077.00,,,98757,Health Care,Biotechnology: Biological Products (No Diagnostic Substances)
AIMD,Ainos Inc. Common Stock,$1.48,0.10,7.246%,10334359.00,United States,,22353,Health Care,Biotechnology: Pharmaceutical Preparations
AIN,Albany International Corporation Common Stock,$56.48,-1.96,-3.354%,1598384000.00,United States,,338255,Consumer Discretionary,Textiles
AIO,Virtus Artificial Intelligence & Technology Opportunities Fund Common Shares of Beneficial Interest,$21.96,-0.09,-0.408%,754127745.00,,2019,99323,Finance,Finance/Investors Services
AIOS,AIOS Tech Inc. Class A Common Shares,$0.71,-0.02,-2.74%,3406834.00,China,2016,97198,Industrials,Metal Fabrications
AIOT,PowerFleet Inc. Common Stock,$3.38,-0.01,-0.295%,453417796.00,United States,,1179766,Telecommunications,Telecommunications Equipment
AIP,Arteris Inc. Common Stock,$14.54,0.02,0.138%,661093975.00,United States,2021,437076,Technology,Semiconductors
AIR,AAR Corp. Common Stock,$107.87,-0.65,-0.599%,4268686438.00,United States,,687327,Industrials,Aerospace
AIRE,reAlpha Tech Corp. Common Stock,$0.2868,0.0004,0.14%,37496426.00,United States,,1599968,Finance,Real Estate
AIRG,Airgain Inc. Common Stock,$4.04,-0.09,-2.179%,49384524.00,United States,2016,24932,Technology,Radio And Television Broadcasting And Communications Equipment
AIRI,Air Industries Group Common Stock,$3.35,-0.02,-0.593%,15998853.00,United States,,23293,Industrials,Military/Government/Technical
AIRJ,AirJoule Technologies Corporation Class A Common Stock,$3.51,0.00,0.00%,212985768.00,United States,2022,224565,Industrials,Industrial Machinery/Components
AIRJW,AirJoule Technologies Corporation Warrant,$0.73,0.00,0.00%,44296185.00,United States,2022,1046,Industrials,Industrial Machinery/Components
AIRO,AIRO Group Holdings Inc. Common Stock,$10.55,0.47,4.663%,330255449.00,United States,2025,743865,Industrials,Aerospace
AIRS,AirSculpt Technologies Inc. Common Stock,$2.06,-0.03,-1.435%,128619540.00,United States,2021,1791699,Health Care,Medical/Nursing Services
AIRT,Air T Inc. Common Stock,$21.00,0.10,0.478%,56755419.00,United States,,2302,Consumer Discretionary,Air Freight/Delivery Services
AIRTP,Air T Inc. Air T Funding Alpha Income Trust Preferred Securities,$19.41,-0.245,-1.247%,52458223.00,United States,,762,Consumer Discretionary,Air Freight/Delivery Services
AISP,Airship AI Holdings Inc. Class A Common Stock,$2.68,0.03,1.132%,92117394.00,United States,2021,326674,Technology,Computer Software: Prepackaged Software
AISPW,Airship AI Holdings Inc. Warrants,$0.95,0.0601,6.754%,32653554.00,United States,2021,2222,Technology,Computer Software: Prepackaged Software
AIT,Applied Industrial Technologies Inc. Common Stock,$267.57,-0.21,-0.078%,9981013871.00,United States,,244997,Consumer Discretionary,Industrial Specialties
AIV,Apartment Investment and Management Company Common Stock,$4.27,-0.05,-1.157%,614326292.00,United States,1994,3071731,Real Estate,Real Estate Investment Trusts
AIXC,AIxCrypto Holdings Inc. Common Stock,$1.21,0.11,10.00%,28171072.00,United States,2015,108042,Health Care,Biotechnology: Pharmaceutical Preparations
AIXI,XIAO-I Corporation American Depositary Shares,$0.2122,-0.0107,-4.80%,2644083.00,China,2023,2409566,Technology,Computer Software: Prepackaged Software
AIZ,Assurant Inc. Common Stock,$219.67,-3.24,-1.454%,10917548256.00,United States,2004,381682,Finance,Property-Casualty Insurers
AIZN,Assurant Inc. 5.25% Subordinated Notes due 2061,$20.36,0.05,0.246%,1027349536.00,United States,2020,22235,Finance,Property-Casualty Insurers
AJG,Arthur J. Gallagher & Co. Common Stock,$217.78,-10.35,-4.537%,55991238000.00,United States,,1968361,Finance,Specialty Insurers
AKA,a.k.a. Brands Holding Corp. Common Stock,$9.82,0.05,0.512%,106219258.00,,2021,930,Consumer Discretionary,Catalog/Specialty Distribution
AKAM,Akamai Technologies Inc. Common Stock,$102.11,2.22,2.222%,14807376170.00,United States,1999,2883344,Real Estate,Real Estate
AKAN,Akanda Corp. Common Shares,$0.841,-0.0392,-4.454%,2022506.00,United Kingdom,2022,40819,Health Care, Medicinal Chemicals and Botanical Products 
AKBA,Akebia Therapeutics Inc. Common Stock,$1.35,0.08,6.299%,361636973.00,United States,2014,2425392,Health Care,Biotechnology: Pharmaceutical Preparations
AKO/A,Embotelladora Andina S.A.,$23.39,0.23,0.993%,,Chile,,5392,,
AKO/B,Embotelladora Andina S.A.,$27.22,1.22,4.692%,,Chile,,59943,,
AKR,Acadia Realty Trust Common Stock,$20.74,-0.11,-0.528%,2717756907.00,United States,,843438,Real Estate,Real Estate Investment Trusts
AKTS,Aktis Oncology Inc. Common stock,$19.06,0.25,1.329%,1015839867.00,United States,2026,254436,Health Care,Biotechnology: Pharmaceutical Preparations
AKTX,Akari Therapeutics plc ADS,$0.2512,0.00,0.00%,11500275.00,United Kingdom,,71237,Health Care,Biotechnology: Pharmaceutical Preparations
AL,Air Lease Corporation Class A Common Stock,$64.78,0.26,0.403%,7257653730.00,United States,2011,4832212,Consumer Discretionary,Diversified Commercial Services
ALAB,Astera Labs Inc. Common Stock,$122.31,3.11,2.609%,20818935862.00,United States,2024,5933744,Technology,Semiconductors
ALAR,Alarum Technologies Ltd. American Depositary Share,$7.40,-0.02,-0.27%,51312333.00,Israel,2018,13852,Technology,Computer Software: Prepackaged Software
ALB,Albemarle Corporation Common Stock,$169.57,7.28,4.486%,19983353095.00,United States,,2420198,Industrials,Major Chemicals
ALB^A,Albemarle Corporation Depositary Shares each representing a 1/20th of 7.25% Series A Mandatory Convertible Preferred Stock,$68.33,2.68,4.082%,,United States,,620879,,
ALBT,Avalon GloboCare Corp. Common Stock,$0.8787,-0.0382,-4.166%,5504827.00,United States,,434899,Health Care,Biotechnology: Biological Products (No Diagnostic Substances)
ALC,Alcon Inc. Ordinary Shares,$81.85,0.52,0.639%,40900445000.00,Switzerland,2019,1486156,Health Care,Ophthalmic Goods
ALCO,Alico Inc. Common Stock,$38.80,-1.40,-3.483%,297077865.00,United States,,39585,,
ALCY,Alchemy Investments Acquisition Corp 1 Class A Ordinary Shares,$11.78,0.03,0.255%,0.00,United States,2023,1024,Finance,Blank Checks
ALCYW,Alchemy Investments Acquisition Corp 1 Warrants,$0.1561,-0.0439,-21.95%,0.00,United States,2023,204,Finance,Blank Checks
ALDF,Aldel Financial II Inc. Class A Ordinary Shares,$10.52,-0.03,-0.284%,0.00,United States,2024,452,,
ALDFU,Aldel Financial II Inc. Units,$10.67,-0.05,-0.466%,0.00,United States,2024,279,Finance,Blank Checks
ALDFW,Aldel Financial II Inc. Warrants,$0.44,0.00,0.00%,0.00,United States,2024,57,Finance,Blank Checks
ALDX,Aldeyra Therapeutics Inc. Common Stock,$5.26,0.46,9.583%,316561433.00,United States,2014,1371791,Health Care,Biotechnology: Pharmaceutical Preparations
ALEC,Alector Inc. Common Stock,$2.19,0.19,9.50%,241694052.00,United States,2019,939030,Health Care,Biotechnology: Biological Products (No Diagnostic Substances)
ALEX,Alexander & Baldwin Inc. Common Stock REIT Holding Company,$20.85,0.04,0.192%,1519454008.00,United States,,1761691,Real Estate,Real Estate Investment Trusts
ALF,Centurion Acquisition Corp. Class A Ordinary Shares,$10.73,-0.04,-0.371%,0.00,United States,2024,705,,
ALFUW,Centurion Acquisition Corp. Warrant,$0.1635,-0.0165,-9.167%,0.00,United States,2024,2736,Finance,Blank Checks
ALG,Alamo Group Inc. Common Stock,$167.90,-0.23,-0.137%,2035165263.00,United States,,205771,Industrials,Industrial Machinery/Components
ALGM,Allegro MicroSystems Inc. Common Stock,$32.87,0.94,2.944%,6090510897.00,United States,2020,2391519,Technology,Semiconductors
ALGN,Align Technology Inc. Common Stock,$175.05,1.05,0.603%,12477937207.00,United States,2001,1796885,Health Care,Industrial Specialties
ALGS,Aligos Therapeutics Inc. Common Stock,$7.025,0.045,0.645%,43469344.00,United States,2020,36704,Health Care,Biotechnology: Biological Products (No Diagnostic Substances)
ALGT,Allegiant Travel Company Common Stock,$82.48,2.98,3.748%,1521945209.00,United States,2006,740878,Consumer Discretionary,Air Freight/Delivery Services
ALH,Alliance Laundry Holdings Inc. Common Stock,$21.37,0.61,2.938%,4218442295.00,United States,2025,629149,Industrials,Industrial Machinery/Components
ALHC,Alignment Healthcare Inc. Common Stock,$18.22,-0.22,-1.193%,3722282102.00,United States,2021,2022441,Health Care,Medical Specialities
ALIS,Calisa Acquisition Corp Ordinary shares,$10.03,0.0499,0.50%,0.00,United States,2025,114,,
ALISR,Calisa Acquisition Corp Right,$0.575,0.0749,14.977%,0.00,United States,2025,33207,Finance,Blank Checks
ALISU,Calisa Acquisition Corp Units,$11.05,0.00,0.00%,0.00,United States,2025,63,,
ALIT,Alight Inc. Class A Common Stock,$0.9419,0.0102,1.095%,503448169.00,United States,2021,96657595,Real Estate,Real Estate
ALK,Alaska Air Group Inc. Common Stock,$43.26,0.96,2.27%,4959389127.00,United States,,6730287,Consumer Discretionary,Air Freight/Delivery Services
ALKS,Alkermes plc Ordinary Shares,$28.45,-0.18,-0.629%,4741190622.00,Ireland,1991,2027207,Health Care,Biotechnology: Pharmaceutical Preparations
ALKT,Alkami Technology Inc. Common Stock,$17.50,0.44,2.579%,1857592520.00,United States,2021,2591950,Technology,Computer Software: Prepackaged Software
ALL,Allstate Corporation (The) Common Stock,$207.69,-4.63,-2.181%,53902999025.00,United States,,1407710,Finance,Property-Casualty Insurers
ALL^B,Allstate Corporation (The) 5.100% Fixed-to-Floating Rate Subordinated Debentures due 2053,$26.015,-0.135,-0.516%,,United States,,3884,,
ALL^H,Allstate Corporation (The) Depositary Shares each representing a 1/1000th interest in a share of Fixed Rate Noncumulative Perpetual Preferred Stock Series H,$21.1679,-0.0821,-0.386%,,United States,,53316,,
ALL^I,Allstate Corporation (The) Depositary Shares each representing a 1/1000th interest in a share of Fixed Rate Noncumulative Perpetual Preferred Stock Series I,$19.56,0.04,0.205%,,United States,,28488,,
ALL^J,Allstate Corporation (The) Depositary Shares each representing a 1/1000th interest in a share of Fixed Rate Noncumulative Perpetual Preferred Stock Series J,$26.51,-0.06,-0.226%,,United States,,46211,,
ALLE,Allegion plc Ordinary Shares,$150.22,-0.15,-0.10%,12940774606.00,United States,2013,806061,Consumer Discretionary,Diversified Commercial Services
ALLO,Allogene Therapeutics Inc. Common Stock,$2.50,0.20,8.696%,561825360.00,United States,2018,5604483,Health Care,Biotechnology: Biological Products (No Diagnostic Substances)
ALLR,Allarity Therapeutics Inc. Common Stock,$1.24,0.00,0.00%,19940415.00,United States,,740617,Health Care,Biotechnology: Pharmaceutical Preparations
ALLT,Allot Ltd. Ordinary Shares,$7.05,0.25,3.676%,279834339.00,Israel,2006,659609,Telecommunications,Computer Communications Equipment
ALLY,Ally Financial Inc. Common Stock,$38.44,0.37,0.972%,11881484948.00,United States,2014,5402940,Finance,Major Banks
ALM,Almonty Industries Inc. Common Shares,$19.70,0.98,5.235%,4428788678.00,Canada,,4851691,Basic Materials,Other Metals and Minerals
ALMS,Alumis Inc. Common Stock,$26.84,-0.06,-0.223%,2801918937.00,United States,2024,1812130,Health Care,Biotechnology: Pharmaceutical Preparations
ALMU,Aeluma Inc. Common Stock,$15.40,0.38,2.53%,277959312.00,United States,,715415,Technology,Semiconductors
ALNT,Allient Inc. Common Stock,$60.95,-4.30,-6.59%,1032495987.00,United States,,317486,Industrials,Electrical Products
ALNY,Alnylam Pharmaceuticals Inc. Common Stock,$323.59,2.93,0.914%,42915523167.00,United States,2004,1081124,Health Care,Biotechnology: Pharmaceutical Preparations
ALOT,AstroNova Inc. Common Stock,$8.685,-0.075,-0.856%,66339704.00,United States,1983,31213,Technology,Computer peripheral equipment
ALOVU,Aldabra 4 Liquidity Opportunity Vehicle Inc. Units,$9.95,0.00,0.00%,0.00,United States,2026,656,Finance,Blank Checks
ALOY,REalloys Inc. Common Stock,$15.58,-1.92,-10.971%,0.00,United States,,1837791,,
ALPS,ALPS Group Inc Ordinary Share,$0.94,0.059,6.697%,156416306.00,Malaysia,,44027,,
ALRM,Alarm.com Holdings Inc. Common Stock,$49.58,-0.34,-0.681%,2462448114.00,United States,2015,447975,Technology,Computer Software: Prepackaged Software
ALRS,Alerus Financial Corporation Common Stock,$23.67,-0.21,-0.879%,601245481.00,United States,2019,132121,Finance,Major Banks
ALSN,Allison Transmission Holdings Inc. Common Stock,$116.87,-0.07,-0.06%,9677489537.00,United States,2012,856906,Consumer Discretionary,Auto Parts:O.E.M.
ALT,Altimmune Inc. Common Stock,$3.88,0.34,9.605%,437794356.00,United States,,5331048,Health Care,Biotechnology: Pharmaceutical Preparations
ALTG,Alta Equipment Group Inc. Class A Common Stock,$6.65,0.00,0.00%,214572770.00,United States,2019,390627,Industrials,Industrial Machinery/Components
ALTG^A,Alta Equipment Group Inc. Depositary Shares (each representing 1/1000th in a share of 10% Series A Cumulative Perpetual Preferred Stock),$25.35,0.25,0.996%,,United States,,2031,,
ALTI,AlTi Global Inc. Class A Common Stock,$4.18,0.04,0.966%,613011099.00,United States,2021,71354,Finance,Investment Managers
ALTO,Alto Ingredients Inc. Common Stock,$4.37,-0.02,-0.456%,337986673.00,United States,,2731334,Industrials,Major Chemicals
ALTS,ALT5 Sigma Corporation Common Stock,$1.42,0.04,2.899%,179401556.00,United States,,1727760,Finance,Finance: Consumer Services
ALUB,Alussa Energy Acquisition Corp. II Class A Ordinary Shares,$10.04,0.00,0.00%,0.00,,2026,12598,,
ALV,Autoliv Inc. Common Stock,$109.45,-1.55,-1.396%,8176627848.00,Sweden,,832883,Consumer Discretionary,Auto Parts:O.E.M.
ALVO,Alvotech Ordinary Shares,$4.02,0.01,0.249%,1213258822.00,Luxembourg,,371063,Health Care,Biotechnology: Biological Products (No Diagnostic Substances)
ALVOW,Alvotech Warrant,$0.3301,-0.0352,-9.636%,99626054.00,Luxembourg,,400,Health Care,Biotechnology: Biological Products (No Diagnostic Substances)
ALX,Alexander's Inc. Common Stock,$240.32,8.20,3.533%,1227383933.00,United States,,110650,Real Estate,Real Estate Investment Trusts
ALXO,ALX Oncology Holdings Inc. Common Stock,$2.13,-0.08,-3.62%,115484342.00,United States,2020,647380,Health Care,Biotechnology: Pharmaceutical Preparations
ALZN,Alzamend Neuro Inc. Common Stock,$2.10,0.12,6.061%,7989956.00,United States,2021,103677,Health Care,Biotechnology: Pharmaceutical Preparations
AM,Antero Midstream Corporation Common Stock,$22.75,-0.22,-0.958%,10762592750.00,United States,2017,2275120,Utilities,Natural Gas Distribution
AMAL,Amalgamated Financial Corp. Common Stock (DE),$37.87,0.07,0.185%,1129637712.00,United States,2018,195828,Finance,Major Banks
AMAT,Applied Materials Inc. Common Stock,$338.94,14.20,4.373%,268986128321.00,United States,1972,9500009,Technology,Semiconductors
AMBA,Ambarella Inc. Ordinary Shares,$53.26,0.885,1.69%,2292868884.00,United States,2012,1028255,Technology,Semiconductors
AMBO,Ambow Education Holding Ltd. American Depository Shares (each representing twenty (20) Class A Ordinary Shares),$1.62,-0.1104,-6.38%,4633722.00,China,,22736,Real Estate,Other Consumer Services
AMBP,Ardagh Metal Packaging S.A. Ordinary Shares,$4.39,-0.13,-2.876%,2623901183.00,,,2776745,Industrials,Containers/Packaging
AMBQ,Ambiq Micro Inc. Common Stock,$29.04,0.65,2.29%,617468547.00,United States,2025,283604,Technology,Semiconductors
AMBR,Amber International Holding Limited American Depositary Shares,$2.51,-0.16,-5.993%,235144142.00,Hong Kong,2017,90196,Finance,Finance: Consumer Services
AMC,AMC Entertainment Holdings Inc. Class A Common Stock,$1.13,-0.04,-3.419%,598388635.00,United States,2013,41366670,Consumer Discretionary,Movies/Entertainment
AMCI,AMC Robotics Corporation Common Stock,$6.73,0.43,6.825%,152066934.00,United States,2023,80257,Consumer Discretionary,Home Furnishings
AMCR,Amcor plc Ordinary Shares,$42.30,-0.98,-2.264%,19544532687.00,United Kingdom,2019,8027096,Consumer Discretionary,Miscellaneous manufacturing industries
AMCX,AMC Networks Inc. Class A Common Stock,$8.05,-0.25,-3.012%,343848352.00,United States,,445263,Telecommunications,Cable & Other Pay Television Services
AMD,Advanced Micro Devices Inc. Common Stock,$202.68,10.25,5.327%,330451669659.00,United States,,38781372,Technology,Semiconductors
AME,AMETEK Inc.,$225.07,3.09,1.392%,51535898854.00,United States,,1731312,Industrials,Industrial Machinery/Components
AMG,Affiliated Managers Group Inc. Common Stock,$281.53,-4.24,-1.484%,7512552037.00,United States,,457339,Finance,Investment Managers
AMGN,Amgen Inc. Common Stock,$376.97,7.44,2.013%,203212341445.00,United States,1983,2719897,Health Care,Biotechnology: Biological Products (No Diagnostic Substances)
AMH,American Homes 4 Rent Common Shares of Beneficial Interest,$29.47,-0.43,-1.438%,10720487148.00,United States,2013,5322083,Real Estate,Real Estate Investment Trusts
AMH^G,American Homes 4 Rent Series G cumulative redeemable perpetual preferred shares of beneficial interest,$22.8952,-0.0148,-0.065%,,United States,,1426,,
AMH^H,American Homes 4 Rent Series H cumulative redeemable perpetual Preferred Shares of Beneficial Interest,$23.82,0.05,0.21%,,United States,,3807,,
AMIX,Autonomix Medical Inc. Common Stock,$0.4338,0.0051,1.19%,4949373.00,United States,2024,320742,Health Care,Medical/Dental Instruments
AMKR,Amkor Technology Inc. Common Stock,$43.22,1.61,3.869%,10688697703.00,United States,1998,5621713,Technology,Semiconductors
AMLX,Amylyx Pharmaceuticals Inc. Common Stock,$14.31,0.46,3.321%,1581783669.00,United States,2022,799874,Health Care,Biotechnology: Pharmaceutical Preparations
AMN,AMN Healthcare Services Inc,$20.63,-0.64,-3.009%,797165522.00,United States,,1240362,Consumer Discretionary,Professional Services
AMOD,Alpha Modus Holdings Inc. Class A Common Stock,$0.4974,-0.0006,-0.12%,20870883.00,United States,,305784,Miscellaneous,Multi-Sector Companies
AMODW,Alpha Modus Holdings Inc. Warrant,$0.0673,-0.008,-10.624%,2823905.00,United States,,800,Miscellaneous,Multi-Sector Companies
AMP,Ameriprise Financial Inc. Common Stock,$461.48,-3.41,-0.734%,42077283536.00,United States,,664183,Finance,Investment Managers
AMPG,Amplitech Group Inc. Common Stock,$2.57,0.03,1.181%,64715938.00,United States,,476518,Telecommunications,Telecommunications Equipment
AMPGR,Amplitech Group Inc. Series A Right,$0.1398,-0.0102,-6.80%,3520346.00,United States,,1280,Telecommunications,Telecommunications Equipment
AMPGZ,Amplitech Group Inc. Series B Right,$0.23,0.0001,0.043%,5791699.00,United States,,1829,Telecommunications,Telecommunications Equipment
AMPH,Amphastar Pharmaceuticals Inc. Common Stock,$19.21,-0.13,-0.672%,871560985.00,United States,2014,687787,Health Care,Biotechnology: Pharmaceutical Preparations
AMPL,Amplitude Inc. Class A Common Stock,$7.80,-0.05,-0.637%,1043068182.00,United States,,1520813,Technology,Computer Software: Prepackaged Software
AMPX,Amprius Technologies Inc. Common Stock,$17.72,1.39,8.512%,2312173609.00,United States,2022,14986265,Miscellaneous,Industrial Machinery/Components
AMPY,Amplify Energy Corp. Common Stock,$5.90,-0.20,-3.279%,238808382.00,United States,2016,1440802,Energy,Oil & Gas Production
AMR,Alpha Metallurgical Resources Inc. Common Stock,$175.18,6.58,3.903%,2241022558.00,United States,2018,304474,Energy,Coal Mining
AMRC,Ameresco Inc. Class A Common Stock,$26.24,0.54,2.101%,1387573116.00,United States,2010,394460,Consumer Discretionary,Engineering & Construction
AMRN,Amarin Corporation plc,$14.58,0.52,3.698%,296911844.00,Ireland,,81544,Health Care,Biotechnology: Pharmaceutical Preparations
AMRX,Amneal Pharmaceuticals Inc. Class A Common Stock,$13.25,0.01,0.076%,4168835588.00,United States,,1494002,Health Care,Biotechnology: Pharmaceutical Preparations
AMRZ,Amrize Ltd Ordinary Shares,$58.91,0.79,1.359%,32582091548.00,Switzerland,2025,5360745,Industrials,Building Materials
AMS,American Shared Hospital Services Common Stock,$2.10,0.01,0.478%,13740300.00,United States,1988,3673,Health Care,Medical Specialities
AMSC,American Superconductor Corporation Common Stock,$29.04,1.34,4.838%,1382660756.00,United States,1991,1292039,Consumer Discretionary,Metal Fabrications
AMSF,AMERISAFE Inc. Common Stock,$33.57,-0.80,-2.328%,630944155.00,United States,2005,195797,Finance,Property-Casualty Insurers
AMST,Amesite Inc. Common Stock,$1.80,0.05,2.857%,8230883.00,United States,2020,16924,Technology,Computer Software: Prepackaged Software
AMT,American Tower Corporation (REIT) Common Stock,$186.64,-1.95,-1.034%,86990070805.00,United States,,2800902,Real Estate,Real Estate Investment Trusts
AMTB,Amerant Bancorp Inc. Class A Common Stock,$21.31,-0.03,-0.141%,857321459.00,United States,,377557,Finance,Major Banks
AMTD,AMTD IDEA Group American Depositary Shares each representing six (6) Class A Ordinary Shares,$0.9997,-0.0203,-1.99%,92814854.00,,,14843,Finance,Finance: Consumer Services
AMTM,Amentum Holdings Inc. Common Stock,$30.30,0.29,0.966%,7391235833.00,United States,2024,1529997,Real Estate,Real Estate
AMTX,Aemetis Inc. (DE) Common Stock,$1.53,0.13,9.286%,100319869.00,United States,,1176217,Industrials,Major Chemicals
AMWD,American Woodmark Corporation Common Stock,$42.25,-1.73,-3.934%,615565389.00,United States,1986,391853,Basic Materials,Forest Products
AMWL,American Well Corporation Class A Common Stock,$5.56,0.10,1.832%,92028052.00,United States,2020,105529,Real Estate,Real Estate
AMX,America Movil S.A.B. de C.V. American Depositary Shares (each representing the right to receive twenty (20) Series B Shares,$24.03,0.30,1.264%,72979110000.00,Mexico,2023,2446395,Telecommunications,Telecommunications Equipment
AMZE,Amaze Holdings Inc. Common Stock,$0.331,-0.001,-0.301%,11798721.00,,2021,654883,Consumer Staples,Beverages (Production/Distribution)
AMZN,Amazon.com Inc. Common Stock,$213.49,0.28,0.131%,2291798256536.00,United States,1997,54480136,Consumer Discretionary,Catalog/Specialty Distribution
AN,AutoNation Inc. Common Stock,$193.58,0.85,0.441%,6719265946.00,United States,,764784,Consumer Discretionary,Retail-Auto Dealers and Gas Stations
ANAB,AnaptysBio Inc. Common Stock,$59.70,4.29,7.742%,1716270824.00,United States,2017,405436,Health Care,Biotechnology: Pharmaceutical Preparations
ANDE,Andersons Inc. (The) Common Stock,$65.71,1.66,2.592%,2226263342.00,United States,,358851,Industrials,Farming/Seeds/Milling
ANDG,Andersen Group Inc. Class A Common Stock,$23.94,0.15,0.631%,2656202850.00,,2025,155316,Real Estate,Real Estate
ANET,Arista Networks Inc. Common Stock,$137.17,4.28,3.221%,172359304566.00,United States,,6709392,Telecommunications,Computer Communications Equipment
ANF,Abercrombie & Fitch Company Common Stock,$86.27,1.27,1.494%,3956131356.00,United States,,1572335,Consumer Discretionary,Clothing/Shoe/Accessory Stores
ANG^D,American National Group Inc. Depositary Shares each representing a 1/1000th interest in a share of 7.375% Fixed-Rate Non-Cumulative Preferred Stock Series D,$24.615,-0.135,-0.545%,,United States,,13419,,
ANGH,Anghami Inc. Ordinary Shares,$2.75,-0.277,-9.151%,24928431.00,United Arab Emirates,,3221,Consumer Discretionary,Telecommunications Equipment
ANGHW,Anghami Inc. Warrants,$0.0128,0.00,0.00%,116031.00,United Arab Emirates,,2100,Consumer Discretionary,Telecommunications Equipment
ANGI,Angi Inc. Class A Common Stock,$8.84,0.02,0.227%,354525972.00,United States,,1833973,Consumer Discretionary,Advertising
ANGO,AngioDynamics Inc. Common Stock,$10.78,-0.05,-0.462%,444323421.00,United States,2004,257706,Health Care,Medical/Dental Instruments
ANGX,Angel Studios Inc. Class A Common Stock,$4.52,0.08,1.802%,1023534781.00,,2025,727399,Consumer Discretionary,Movies/Entertainment
ANIK,Anika Therapeutics Inc. Common Stock,$14.96,0.84,5.949%,200475235.00,United States,,153914,Health Care,Medical/Dental Instruments
ANIP,ANI Pharmaceuticals Inc.,$74.81,0.77,1.04%,1680095548.00,United States,,241547,Health Care,Biotechnology: Pharmaceutical Preparations
ANIX,Anixa Biosciences Inc. Common Stock,$2.98,0.13,4.561%,99470925.00,United States,,128693,Health Care,Biotechnology: Pharmaceutical Preparations
ANL,Adlai Nortye Ltd. American Depositary Shares,$8.79,-0.12,-1.347%,324353356.00,Cayman Islands,2023,143618,Health Care,Biotechnology: Pharmaceutical Preparations
ANNA,AleAnna Inc. Class A Common Stock,$3.57,-0.52,-12.714%,237955783.00,United States,,592143,Energy,Oil & Gas Production
ANNAW,AleAnna Inc. Warrant,$0.265,-0.0649,-19.673%,17663384.00,United States,,52388,Energy,Oil & Gas Production
ANNX,Annexon Inc. Common Stock,$5.59,0.43,8.333%,668747374.00,United States,2020,2107178,Health Care,Biotechnology: Pharmaceutical Preparations
ANPA,Rich Sparkle Holdings Limited Ordinary Shares,$8.50,-0.57,-6.284%,106250000.00,Hong Kong,2025,49627,Consumer Discretionary,Other Consumer Services
ANRO,Alto Neuroscience Inc. Common Stock,$21.99,1.23,5.925%,683148707.00,United States,2024,327660,Health Care,Biotechnology: Pharmaceutical Preparations
ANSC,Agriculture & Natural Solutions Acquisition Corporation Class A Ordinary Shares,$11.24,0.00,0.00%,0.00,United States,2024,1062,,
ANTA,Antalpha Platform Holding Company Class A Ordinary Shares,$7.66,-0.18,-2.296%,181487423.00,Singapore,2025,3021,Finance,Investment Bankers/Brokers/Service
ANTX,AN2 Therapeutics Inc. Common Stock,$5.25,2.40,84.211%,143860626.00,United States,2022,57860314,Health Care,Biotechnology: Pharmaceutical Preparations
ANVS,Annovis Bio Inc. Common Stock,$2.57,0.08,3.213%,68112425.00,United States,2020,400213,Health Care,Biotechnology: Pharmaceutical Preparations
ANY,Sphere 3D Corp. Common Shares,$1.82,0.05,2.825%,6138709.00,Canada,,1227532,Finance,Finance: Consumer Services
AOD,abrdn Total Dynamic Dividend Fund Common Shares of Beneficial Interest,$9.57,-0.08,-0.829%,0.00,United States,2007,1138791,Finance,Investment Managers
AOMD,Angel Oak Mortgage REIT Inc. 9.750% Senior Notes due 2030,$25.1999,-0.06,-0.238%,0.00,United States,2025,6308,Finance,Real Estate
AOMN,Angel Oak Mortgage REIT Inc. 9.500% Senior Notes due 2029,$25.12,-0.15,-0.594%,0.00,United States,2024,8305,Finance,Real Estate
AOMR,Angel Oak Mortgage REIT Inc. Common Stock,$8.49,-0.11,-1.279%,211525353.00,United States,2021,70527,Finance,Real Estate
AON,Aon plc Class A Ordinary Shares (Ireland),$332.84,-7.76,-2.278%,71312466449.00,United States,,1708493,Finance,Specialty Insurers
AORT,Artivion Inc. Common Stock,$36.09,-0.95,-2.565%,1728129843.00,United States,,421343,Health Care,Medical/Dental Instruments
AOS,A.O. Smith Corporation Common Stock,$70.46,-0.55,-0.775%,9743907552.00,United States,,1450383,Consumer Discretionary,Consumer Electronics/Appliances
AOSL,Alpha and Omega Semiconductor Limited Common Shares,$19.85,-0.01,-0.05%,590752376.00,Bermuda,2010,439178,Technology,Semiconductors
AOUT,American Outdoor Brands Inc. Common Stock ,$8.85,0.00,0.00%,111395932.00,United States,,58299,Consumer Discretionary,Recreational Games/Products/Toys
AP,Ampco-Pittsburgh Corporation Common Stock,$9.10,0.85,10.303%,184970140.00,United States,,298543,Industrials,Fluid Controls
APA,APA Corporation Common Stock,$32.59,-0.09,-0.275%,11512465603.00,United States,,11485424,Energy,Oil & Gas Production
APAC,StoneBridge Acquisition II Corporation Class A Ordinary Shares,$10.00,-0.04,-0.398%,0.00,United States,2025,1476,,
APACR,StoneBridge Acquisition II Corporation Rights,$0.16,0.01,6.667%,0.00,United States,2025,6100,,
APACU,StoneBridge Acquisition II Corporation Units,$10.30,0.00,0.00%,0.00,United States,2025,152,Finance,Blank Checks
APAD,A Paradise Acquisition Corp. Class A Ordinary Shares,$10.16,0.00,0.00%,0.00,Singapore,2025,32985,,
APADR,A Paradise Acquisition Corp. Rights,$0.41,0.00,0.00%,0.00,Singapore,2025,6426,,
APADU,A Paradise Acquisition Corp. Unit,$10.50,0.00,0.00%,0.00,Singapore,2025,4701,,
APAM,Artisan Partners Asset Management Inc. Class A Common Stock,$37.02,-0.32,-0.857%,2983299643.00,United States,2013,895555,Finance,Investment Managers
APC,ARKO Petroleum Corp. Class A Common Stock,$19.09,0.37,1.976%,880261109.00,United States,2026,329151,Energy,Oil Refining/Marketing
APD,Air Products and Chemicals Inc. Common Stock,$274.40,2.22,0.816%,61096808595.00,United States,,1791239,Basic Materials,Major Chemicals
APEI,American Public Education Inc. Common Stock,$45.86,0.85,1.888%,829379476.00,United States,2007,235427,Real Estate,Other Consumer Services
APG,APi Group Corporation Common Stock,$42.45,0.58,1.385%,18315310893.00,United States,2020,3192840,Consumer Discretionary,Engineering & Construction
APGE,Apogee Therapeutics Inc. Common Stock,$74.94,1.89,2.587%,5207224410.00,United States,2023,856006,Health Care,Biotechnology: Biological Products (No Diagnostic Substances)
APH,Amphenol Corporation Common Stock,$136.06,4.19,3.177%,167246983376.00,United States,,8753001,Technology,Electrical Products
API,Agora Inc. American Depositary Shares,$4.39,0.05,1.152%,410512153.00,China,2020,337980,Technology,Computer Software: Prepackaged Software
APLD,Applied Digital Corporation Common Stock,$27.03,1.89,7.518%,7557204796.00,United States,2022,18550629,Finance,Finance: Consumer Services
APLE,Apple Hospitality REIT Inc. Common Shares,$12.03,-0.11,-0.906%,2834975605.00,United States,2015,3740687,Real Estate,Real Estate Investment Trusts
APLM,Apollomics Inc. Class A Ordinary Shares,$20.01,-0.05,-0.249%,22077993.00,United States,,5708,Health Care,Biotechnology: Pharmaceutical Preparations
APLMW,Apollomics Inc. Warrant,$0.0139,0.001,7.752%,15337.00,United States,,15125,Health Care,Biotechnology: Pharmaceutical Preparations
APLS,Apellis Pharmaceuticals Inc. Common Stock,$19.99,-0.08,-0.399%,2555319881.00,United States,2017,1661068,Health Care,Biotechnology: Pharmaceutical Preparations
APM,Aptorum Group Limited Class A Ordinary Shares,$0.7999,0.00,0.00%,5714291.00,Hong Kong,2018,14812,Health Care,Biotechnology: Pharmaceutical Preparations
APO,Apollo Global Management Inc. (New) Common Stock,$108.14,-0.56,-0.515%,62531667131.00,United States,,5555983,Finance,Investment Managers
APO^A,Apollo Global Management Inc. 6.75% Series A Mandatory Convertible Preferred Stock,$57.57,-0.34,-0.587%,,United States,,74344,,
APOG,Apogee Enterprises Inc. Common Stock,$34.55,-0.70,-1.986%,743174508.00,United States,,156170,Consumer Discretionary,Auto Parts:O.E.M.
APOS,Apollo Global Management Inc. 7.625% Fixed-Rate Resettable Junior Subordinated Notes due 2053,$25.61,-0.02,-0.078%,14585772680.00,United States,1987,175591,Finance,Investment Managers
APP,Applovin Corporation Class A Common Stock,$517.23,15.09,3.005%,174450299940.00,United States,2021,5322451,Technology,Computer Software: Programming Data Processing
APPF,AppFolio Inc. Class A Common Stock,$189.71,-1.46,-0.764%,6827649241.00,United States,2015,437976,Technology,Computer Software: Prepackaged Software
APPN,Appian Corporation Class A Common Stock,$26.57,-0.05,-0.188%,1965110398.00,United States,2017,710526,Technology,Computer Software: Prepackaged Software
APPS,Digital Turbine Inc. Common Stock,$3.99,-0.11,-2.683%,478400733.00,United States,,1746621,Miscellaneous,Multi-Sector Companies
APRE,Aprea Therapeutics Inc. Common stock,$0.8448,-0.0554,-6.154%,9673904.00,United States,2019,102645,Health Care,Biotechnology: Pharmaceutical Preparations
APT,Alpha Pro Tech Ltd. Common Stock,$5.23,0.06,1.161%,53788275.00,Canada,2000,60738,Health Care,Industrial Specialties
APTV,Aptiv PLC Ordinary Shares,$72.85,0.15,0.206%,15498721013.00,United Kingdom,,2812509,Consumer Discretionary,Auto Parts:O.E.M.
APUS,Apimeds Pharmaceuticals US Inc. Common Stock,$1.30,-0.03,-2.256%,16348778.00,,2025,16282,Health Care,Biotechnology: Pharmaceutical Preparations
APVO,Aptevo Therapeutics Inc. Common Stock,$6.735,0.335,5.234%,5166850.00,United States,,10679,Health Care,Biotechnology: Pharmaceutical Preparations
APWC,Asia Pacific Wire & Cable Corporation Ltd. Ordinary Shares (Bermuda),$1.61,-0.0499,-3.006%,33192125.00,Taiwan,,13162,Industrials,Telecommunications Equipment
APXT,Apex Treasury Corporation Class A Ordinary Share,$10.00,0.04,0.402%,0.00,United States,2025,2735,Technology,Computer Software: Prepackaged Software
APXTU,Apex Treasury Corporation Units,$10.09,0.00,0.00%,0.00,United States,2025,104,Finance,Blank Checks
APXTW,Apex Treasury Corporation Warrants,$0.2555,0.00,0.00%,0.00,United States,2025,9,Finance,Blank Checks
APYX,Apyx Medical Corporation Common Stock,$3.43,0.31,9.936%,140731603.00,United States,,188676,Health Care,Medical/Dental Instruments
AQB,AquaBounty Technologies Inc. Common Stock,$0.90,-0.027,-2.913%,3489926.00,United States,,61190,Consumer Staples,Meat/Poultry/Fish
AQMS,Aqua Metals Inc. Common Stock,$4.90,0.13,2.725%,46802473.00,United States,2015,46374,Industrials,Metal Fabrications
AQN,Algonquin Power & Utilities Corp. Common Shares,$6.19,0.11,1.809%,4758202378.00,United States,2016,4623025,Utilities,Electric Utilities: Central
AQNB,Algonquin Power & Utilities Corp. 6.20% Fixed-to-Floating Subordinated Notes Series 2019-A due July 1 2079,$26.02,0.08,0.308%,19984010526.00,United States,2019,7993,Utilities,Electric Utilities: Central
AQST,Aquestive Therapeutics Inc. Common Stock,$4.29,0.07,1.659%,523573260.00,United States,2018,1969897,Health Care,Biotechnology: Pharmaceutical Preparations
AR,Antero Resources Corporation Common Stock,$39.09,0.26,0.67%,12060242250.00,United States,2013,9245125,Energy,Oil & Gas Production
ARAI,Arrive AI Inc. Common Stock,$1.06,0.03,2.913%,36287072.00,United States,,257229,Consumer Discretionary,Diversified Commercial Services
ARAY,Accuray Incorporated Common Stock,$0.4906,0.0003,0.061%,58274758.00,United States,2007,686777,Health Care,Medical/Dental Instruments
ARBB,ARB IOT Group Limited Ordinary Shares,$5.28,0.5599,11.862%,9320552.00,Malaysia,2023,5148,Technology,EDP Services
ARBE,Arbe Robotics Ltd. Ordinary Shares,$0.8088,0.0288,3.692%,97346765.00,Israel,,1583068,Technology,EDP Services
ARBEW,Arbe Robotics Ltd. Warrant,$0.0738,0.00,0.00%,8882531.00,Israel,,160,Technology,EDP Services
ARBK,Argo Blockchain plc American Depositary Shares,$3.053,0.133,4.555%,40787079.00,United Kingdom,2021,8090,Finance,Finance: Consumer Services
ARCB,ArcBest Corporation Common Stock,$94.14,0.86,0.922%,2098926894.00,United States,,339571,Industrials,Trucking Freight/Courier Services
ARCC,Ares Capital Corporation Common Stock,$18.69,-0.05,-0.267%,13419846973.00,United States,2004,11013180,Finance,Finance: Consumer Services
ARCIU,Archimedes Tech SPAC Partners III Co. Units,$10.03,-0.01,-0.10%,0.00,United States,2026,102,Finance,Blank Checks
ARCO,Arcos Dorados Holdings Inc. Class A Shares,$8.00,0.06,0.756%,1685304456.00,Argentina,2011,1158153,Consumer Discretionary,Restaurants
ARCT,Arcturus Therapeutics Holdings Inc. Common Stock,$7.36,0.25,3.516%,209193788.00,Israel,2013,491574,Health Care,Biotechnology: Pharmaceutical Preparations
ARDC,Ares Dynamic Credit Allocation Fund Inc. Common Shares,$12.23,0.01,0.082%,280249704.00,United States,2012,151763,Finance,Investment Managers
ARDT,Ardent Health Inc. Common Stock,$9.17,0.27,3.034%,1313031035.00,United States,2024,742762,Health Care,Hospital/Nursing Management
ARDX,Ardelyx Inc. Common Stock,$6.17,-0.02,-0.323%,1513176625.00,United States,2014,3276462,Health Care,Biotechnology: Pharmaceutical Preparations
ARE,Alexandria Real Estate Equities Inc. Common Stock,$51.18,0.45,0.887%,8869512476.00,United States,,2240540,Real Estate,Real Estate Investment Trusts
AREB,American Rebel Holdings Inc. Common Stock,$0.1453,-0.0073,-4.784%,1545130.00,United States,,1187282,Industrials,Plastic Products
AREBW,American Rebel Holdings Inc. Warrants,$0.0128,-0.0002,-1.538%,136116.00,United States,,15162,Industrials,Plastic Products
AREC,American Resources Corporation Class A Common Stock,$3.28,0.14,4.459%,332570050.00,United States,,2030004,Energy,Coal Mining
AREN,The Arena Group Holdings Inc. Common Stock,$3.09,-0.03,-0.962%,146669164.00,United States,2022,27127,Technology,EDP Services
ARES,Ares Management Corporation Class A Common Stock,$108.85,-1.16,-1.054%,35863097408.00,United States,2014,3764204,Finance,Investment Managers
ARES^B,Ares Management Corporation 6.75% Series B Mandatory Convertible Preferred Stock,$37.23,-0.18,-0.481%,,United States,,280170,,
ARGX,argenx SE American Depositary Shares,$740.40,22.60,3.149%,45157630523.00,Netherlands,2017,441214,Health Care,Biotechnology: Biological Products (No Diagnostic Substances)
ARHS,Arhaus Inc. Class A Common Stock,$7.37,-0.27,-3.534%,796059053.00,United States,2021,1806274,Consumer Discretionary,Other Specialty Stores
ARI,Apollo Commercial Real Estate Finance Inc,$10.47,-0.02,-0.191%,1461601352.00,United States,2009,1795174,Real Estate,Real Estate Investment Trusts
ARIS,Aris Mining Corporation Common Shares,$19.32,-0.01,-0.052%,3916164000.00,,2023,1581603,,
ARKO,ARKO Corp. Common Stock,$5.89,-0.15,-2.483%,653149904.00,United States,,504395,Consumer Staples,Food Chains
ARKR,Ark Restaurants Corp. Common Stock,$6.78,-0.13,-1.881%,24449744.00,United States,,1346,Consumer Discretionary,Restaurants
ARL,American Realty Investors Inc. Common Stock,$17.30,0.20,1.17%,279430344.00,United States,,4213,Real Estate,Other Consumer Services
ARLO,Arlo Technologies Inc. Common Stock,$14.07,0.17,1.223%,1503455703.00,United States,2018,1111074,Consumer Staples,Consumer Electronics/Appliances
ARLP,Alliance Resource Partners L.P. Common Units representing Limited Partners Interests,$27.24,0.73,2.754%,3504665739.00,United States,1999,503800,Energy,Coal Mining
ARM,Arm Holdings plc American Depositary Shares,$117.63,3.25,2.841%,124601224202.00,United Kingdom,2023,3978902,Technology,Semiconductors
ARMK,Aramark Common Stock,$40.32,0.07,0.174%,10597547480.00,United States,2013,3606414,Consumer Discretionary,Restaurants
ARMP,Armata Pharmaceuticals Inc. Common Stock,$11.61,1.01,9.528%,422684167.00,United States,,24750,Health Care,Biotechnology: Biological Products (No Diagnostic Substances)
AROC,Archrock Inc. Common Stock,$35.94,0.62,1.755%,6287554999.00,United States,,1776366,Utilities,Natural Gas Distribution
AROW,Arrow Financial Corporation Common Stock,$32.92,-0.53,-1.584%,541285553.00,United States,,125473,Finance,Major Banks
ARQ,Arq Inc. Common Stock,$3.20,-0.01,-0.312%,136620429.00,United States,,439735,Industrials,Major Chemicals
ARQQ,Arqit Quantum Inc. Ordinary Shares,$15.48,0.07,0.454%,242290777.00,United Kingdom,,284387,Technology,Computer Software: Prepackaged Software
ARQQW,Arqit Quantum Inc. Warrants,$0.1359,0.0046,3.503%,2127088.00,United Kingdom,,33698,Technology,Computer Software: Prepackaged Software
ARQT,Arcutis Biotherapeutics Inc. Common Stock,$24.82,0.82,3.417%,3078508541.00,United States,2020,1035996,Health Care,Biotechnology: Pharmaceutical Preparations
ARR,ARMOUR Residential REIT Inc.,$17.27,-0.44,-2.484%,2061777568.00,United States,,6048780,Real Estate,Real Estate Investment Trusts
ARR^C,ARMOUR Residential REIT Inc. 7% Series C Cumulative Redeemable Preferred Stock (liquidation preference $25.00 per share),$20.9805,0.0104,0.05%,,United States,,18527,,
ARRY,Array Technologies Inc. Common Stock,$6.73,-0.08,-1.175%,1028673716.00,United States,2020,5737584,Consumer Discretionary,Miscellaneous manufacturing industries
ARTC,Art Technology Acquisition Corp. Class A Ordinary Shares,$9.81,0.02,0.204%,0.00,United States,2026,23061,Finance,Blank Checks
ARTCU,Art Technology Acquisition Corp. Units,$9.89,0.00,0.00%,0.00,United States,2026,26,,
ARTCW,Art Technology Acquisition Corp. Warrants,$0.32,-0.03,-8.571%,0.00,United States,2026,5000,,
ARTL,Artelo Biosciences Inc. Common Stock,$1.17,0.03,2.632%,2485983.00,United States,,275320,Health Care,Biotechnology: Pharmaceutical Preparations
ARTNA,Artesian Resources Corporation Class A Common Stock,$33.80,0.07,0.208%,348584301.00,United States,,22346,Utilities,Water Supply
ARTV,Artiva Biotherapeutics Inc. Common Stock,$5.71,-0.03,-0.523%,140151402.00,United States,2024,109513,Health Care,Biotechnology: Biological Products (No Diagnostic Substances)
ARTW,Art's-Way Manufacturing Co. Inc. Common Stock,$2.43,0.18,8.00%,12580314.00,United States,,240525,Industrials,Industrial Machinery/Components
ARVN,Arvinas Inc. Common Stock,$13.37,-0.23,-1.691%,855158530.00,United States,2018,590365,Health Care,Biotechnology: Pharmaceutical Preparations
ARW,Arrow Electronics Inc. Common Stock,$139.84,1.48,1.07%,7143889314.00,United States,,647069,Technology,Electronic Components
ARWR,Arrowhead Pharmaceuticals Inc. Common Stock,$60.67,0.85,1.421%,8495752967.00,United States,,2260792,Health Care,Biotechnology: Pharmaceutical Preparations
ARX,Accelerant Holdings Class A Common Shares,$10.94,-0.30,-2.669%,2426711281.00,,2025,784982,Finance,Specialty Insurers
AS,Amer Sports Inc. Ordinary Shares,$34.08,0.10,0.294%,19005304549.00,,2024,6689798,Consumer Discretionary,Apparel
ASA,ASA  Gold and Precious Metals Limited,$71.72,-1.17,-1.605%,1328994837.00,United States,,89254,Industrials,Precious Metals
ASAN,Asana Inc. Class A Common Stock,$7.90,-0.06,-0.754%,1873090008.00,United States,2020,4280940,Technology,Computer Software: Prepackaged Software
ASB,Associated Banc-Corp Common Stock,$25.08,-0.08,-0.318%,4162655157.00,United States,,2646123,Finance,Major Banks
ASB^E,Associated Banc-Corp Depositary Shares each representing a 1/40th interest in a share of 5.875% Non-Cumulative Perpetual Preferred Stock Series E,$20.87,-0.1137,-0.542%,,United States,,4192,,
ASB^F,Associated Banc-Corp Depositary Shares each representing a 1/40th interest in a share of Associated Banc-Corp 5.625% Non-Cumulative Perpetual Preferred Stock Series F,$20.215,-0.075,-0.37%,,United States,,5401,,
ASBA,Associated Banc-Corp 6.625% Fixed-Rate Reset Subordinated Notes due 2033,$24.64,-0.01,-0.041%,3718196082.00,United States,2023,25820,Finance,Major Banks
ASBP,Aspire Biopharma Holdings Inc. Common Stock,$1.20,0.04,3.448%,6028970.00,United States,2022,88595,Health Care,Biotechnology: Pharmaceutical Preparations
ASBPW,Aspire Biopharma Holdings Inc. Warrant,$0.0212,-0.0018,-7.826%,106512.00,United States,2022,7297,Health Care,Biotechnology: Pharmaceutical Preparations
ASC,Ardmore Shipping Corporation Common Stock,$15.79,-0.16,-1.003%,639547754.00,,2013,1383906,Consumer Discretionary,Marine Transportation
ASG,Liberty All-Star Growth Fund Inc.,$5.01,0.02,0.401%,0.00,United States,,478739,Finance,Investment Managers
ASGI,abrdn Global Infrastructure Income Fund Common Shares of Beneficial Interest,$22.62,-0.78,-3.333%,0.00,United States,2020,344589,Finance,Investment Managers
ASGN,ASGN Incorporated Common Stock,$40.33,-2.56,-5.969%,1665629000.00,United States,1992,976341,Consumer Discretionary,Professional Services
ASH,Ashland Inc. Common Stock,$54.87,-0.58,-1.046%,2510982394.00,United States,,605501,Consumer Discretionary,Specialty Chemicals
ASIC,Ategrity Specialty Insurance Company Holdings Common Stock,$20.24,-0.87,-4.121%,972869482.00,,2025,131459,Finance,Property-Casualty Insurers
ASIX,AdvanSix Inc. Common Stock ,$18.82,-0.79,-4.029%,505748204.00,United States,2016,636962,Industrials,Major Chemicals
ASLE,AerSale Corporation Common Stock,$6.46,0.00,0.00%,304815171.00,United States,2019,555648,Consumer Discretionary,Industrial Specialties
ASM,Avino Silver & Gold Mines Ltd. Common Shares (Canada),$7.78,-0.05,-0.639%,1220280731.00,Canada,,4387930,Basic Materials,Metal Mining
ASMB,Assembly Biosciences Inc. Common Stock,$29.13,0.86,3.042%,460753288.00,United States,2010,103297,Health Care,Biotechnology: Pharmaceutical Preparations
ASML,ASML Holding N.V. New York Registry Shares,$1357.42,64.62,4.998%,523173646824.00,Netherlands,1995,1807022,Technology,Industrial Machinery/Components
ASND,Ascendis Pharma A/S American Depositary Shares,$239.92,-0.73,-0.303%,14869619727.00,Denmark,2015,748051,Health Care,Biotechnology: Pharmaceutical Preparations
ASNS,Actelis Networks Inc. Common Stock,$0.3983,0.0774,24.12%,3488870.00,United States,2022,68967242,Telecommunications,Telecommunications Equipment
ASO,Academy Sports and Outdoors Inc. Common Stock,$59.26,-0.99,-1.643%,3951533838.00,United States,2020,2006029,Consumer Discretionary,Other Specialty Stores
ASPC,A SPAC III Acquisition Corp. Class A Ordinary Shares,$10.90,-0.30,-2.679%,0.00,China,2025,11835,Finance,Blank Checks
ASPCR,A SPAC III Acquisition Corp. Right,$0.1512,0.00,0.00%,0.00,China,2025,40,Finance,Blank Checks
ASPCU,A SPAC III Acquisition Corp. Unit,$10.45,-0.75,-6.696%,0.00,China,2024,321,Finance,Blank Checks
ASPI,ASP Isotopes Inc. Common Stock,$5.81,0.26,4.685%,643981109.00,United States,2022,5790381,Industrials,Major Chemicals
ASPN,Aspen Aerogels Inc. Common Stock,$3.21,-0.01,-0.311%,265297130.00,United States,2014,1321279,Consumer Discretionary,RETAIL: Building Materials
ASPS,Altisource Portfolio Solutions S.A. Common Stock,$6.54,-0.015,-0.229%,73746583.00,Luxembourg,,54035,Consumer Discretionary,Other Consumer Services
ASPSW,Altisource Portfolio Solutions S.A. Net Settle Stakeholder Warrants,$0.39,-0.03,-7.143%,4397732.00,Luxembourg,,47136,Consumer Discretionary,Other Consumer Services
ASPSZ,Altisource Portfolio Solutions S.A. Cash Exercise Stakeholder Warrants,$0.23,-0.0365,-13.696%,2593534.00,Luxembourg,,31060,Consumer Discretionary,Other Consumer Services
ASR,Grupo Aeroportuario del Sureste S.A. de C.V. Common Stock,$330.17,-3.05,-0.915%,9905100000.00,Mexico,,78331,Consumer Discretionary,Aerospace
ASRT,Assertio Holdings Inc. Common Stock,$11.57,-0.15,-1.28%,74242445.00,United States,,28237,Health Care,Biotechnology: Pharmaceutical Preparations
ASRV,AmeriServ Financial Inc. Common Stock,$3.65,-0.09,-2.406%,61886725.00,United States,,10843,Finance,Major Banks
ASST,Strive Inc. Class A Common Stock,$8.51,-0.19,-2.184%,530784367.00,United States,2023,3586913,Technology,Computer Software: Prepackaged Software
ASTC,Astrotech Corporation (DE) Common Stock,$2.42,0.01,0.415%,4256666.00,United States,,11645,Industrials,Biotechnology: Laboratory Analytical Instruments
ASTE,Astec Industries Inc. Common Stock,$57.21,-0.53,-0.918%,1310097501.00,United States,1986,227387,Industrials,Construction/Ag Equipment/Trucks
ASTH,Astrana Health Inc. Common Stock,$24.72,-0.19,-0.763%,1391449619.00,United States,,493173,Consumer Discretionary,Professional Services
ASTI,Ascent Solar Technologies Inc. Common Stock,$6.01,0.31,5.439%,46236042.00,United States,,644973,Technology,Semiconductors
ASTL,Algoma Steel Group Inc. Common Shares,$4.34,-0.06,-1.364%,455412701.00,Canada,,1489331,Industrials,Steel/Iron Ore
ASTLW,Algoma Steel Group Inc. Warrant,$0.1122,-0.0199,-15.064%,11773573.00,Canada,,89902,Industrials,Steel/Iron Ore
ASTS,AST SpaceMobile Inc. Class A Common Stock,$89.76,0.285,0.319%,34289686865.00,United States,2019,10568040,Consumer Discretionary,Telecommunications Equipment
ASUR,Asure Software Inc Common Stock,$9.34,-0.11,-1.164%,265007126.00,United States,,105285,Technology,EDP Services
ASX,ASE Technology Holding Co. Ltd. American Depositary Shares (each representing Two Common Shares) ,$21.66,0.54,2.557%,47830538377.00,Taiwan,2018,9484466,Technology,Semiconductors
ASYS,Amtech Systems Inc. Common Stock,$12.83,-0.09,-0.697%,184197706.00,United States,,201569,Technology,Industrial Machinery/Components
ATAI,AtaiBeckley Inc. Common Stock,$3.89,0.50,14.749%,1412904802.00,Germany,2008,9154494,Health Care,Biotechnology: Pharmaceutical Preparations
ATAT,Atour Lifestyle Holdings Limited American Depositary Shares,$36.21,-0.25,-0.686%,5003713286.00,China,2022,1108322,Consumer Discretionary,Hotels/Resorts
ATCH,AtlasClear Holdings Inc. Common Stock,$0.215,-0.0052,-2.361%,32183887.00,,2024,1400550,Finance,Finance: Consumer Services
ATCX,Atlas Critical Minerals Corporation Common Stock,$6.53,0.52,8.652%,32633316.00,Brazil,,49392,Basic Materials,Precious Metals
ATEC,Alphatec Holdings Inc. Common Stock,$12.87,0.64,5.233%,1947959699.00,United States,2006,4573260,Health Care,Medical/Dental Instruments
ATEN,A10 Networks Inc. Common Stock,$20.45,-0.02,-0.098%,1466775923.00,United States,2014,608851,Telecommunications,Computer Communications Equipment
ATER,Aterian Inc. Common Stock,$0.554,-0.0211,-3.669%,5554983.00,United States,2019,86875,Consumer Discretionary,Home Furnishings
ATEX,Anterix Inc. Common Stock,$38.62,-0.98,-2.475%,723464173.00,United States,2015,268223,Telecommunications,Telecommunications Equipment
ATGL,Alpha Technology Group Limited Class A Ordinary Shares,$16.52,-0.78,-4.509%,271960500.00,China,2023,1379,Technology,EDP Services
ATH^A,Athene Holding Ltd. Depositary Shares Each Representing a 1/1000th Interest in a 6.35% Fixed-to-Floating Rate Perpetual Non-Cumulative Preference Share Series A,$23.80,-0.23,-0.957%,,Bermuda,,51775,,
ATH^B,Athene Holding Ltd. Depositary Shares Each Representing a 1/1000th Interest in a 5.625% Fixed Rate Perpetual Non- Cumulative Preference Share Series B par value $1.00 per share,$18.62,-0.01,-0.054%,,Bermuda,,59547,,
ATH^D,Athene Holding Ltd. Depositary Shares Each Representing a 1/1000th Interest in a 4.875% Fixed-Rate Perpetual Non-Cumulative Preference Share Series D,$16.36,0.05,0.307%,,Bermuda,,96464,,
ATH^E,Athene Holding Ltd. Depositary Shares Each Representing a 1/1000th Interest in a 7.750% Fixed-Rate Reset Perpetual Non-Cumulative Preference Share Series E,$25.31,-0.09,-0.354%,,Bermuda,,151850,,
ATHE,Alterity Therapeutics Limited American Depositary Shares,$3.55,0.12,3.499%,54485102.00,Australia,,6041,Health Care,Biotechnology: Pharmaceutical Preparations
ATHM,Autohome Inc. American Depositary Shares each representing four class A ordinary shares.,$19.61,0.54,2.832%,2322681643.00,China,2013,758112,Technology,EDP Services
ATHR,Aether Holdings Inc. Common Stock,$3.32,-0.04,-1.19%,40230386.00,United States,2025,9857,Technology,Computer Software: Prepackaged Software
ATHS,Athene Holding Ltd. 7.250% Fixed-Rate Reset Junior Subordinated Debentures due 2064,$24.68,-0.13,-0.524%,5029907400.00,Bermuda,2024,105090,Finance,Life Insurance
ATI,ATI Inc. Common Stock,$156.70,6.61,4.404%,21457918053.00,United States,,2520667,Industrials,Steel/Iron Ore
ATII,Archimedes Tech SPAC Partners II Co. Ordinary Shares,$10.44,-0.05,-0.477%,0.00,United States,2025,440,,
ATIIU,Archimedes Tech SPAC Partners II Co. Unit,$10.93,0.00,0.00%,0.00,United States,2025,1,Finance,Blank Checks
ATIIW,Archimedes Tech SPAC Partners II Co. Warrant,$0.78,0.045,6.122%,0.00,United States,2025,10144,Finance,Blank Checks
ATKR,Atkore Inc. Common Stock,$61.59,0.18,0.293%,2078701856.00,United States,2016,323670,Miscellaneous,Industrial Machinery/Components
ATLC,Atlanticus Holdings Corporation Common Stock,$55.43,0.62,1.131%,839295008.00,United States,1995,91542,Finance,Finance: Consumer Services
ATLCL,Atlanticus Holdings Corporation 6.125% Senior Notes due 2026,$24.985,-0.015,-0.06%,377909343.00,United States,,5686,Finance,Finance: Consumer Services
ATLCP,Atlanticus Holdings Corporation 7.625% Series B Cumulative Perpetual Preferred Stock no par value per share,$24.49,-0.12,-0.488%,370816070.00,United States,,718,Finance,Finance: Consumer Services
ATLCZ,Atlanticus Holdings Corporation 9.25% Senior Notes due 2029,$25.62,-0.03,-0.117%,387514003.00,United States,,14536,Finance,Finance: Consumer Services
ATLN,Atlantic International Corp. Common Stock,$3.37,0.48,16.609%,197230895.00,United States,2024,152340,Industrials,Biotechnology: Laboratory Analytical Instruments
ATLO,Ames National Corporation Common Stock,$26.67,0.035,0.131%,237154094.00,United States,,49009,Finance,Major Banks
ATLX,Atlas Lithium Corporation Common Stock,$4.99,-0.05,-0.992%,135407273.00,United States,,447245,Industrials,Mining & Quarrying of Nonmetallic Minerals (No Fuels)
ATMU,Atmus Filtration Technologies Inc. Common Stock,$58.21,-0.45,-0.767%,4744615082.00,United States,2023,766044,Consumer Discretionary,Auto Parts:O.E.M.
ATNI,ATN International Inc. Common Stock,$23.57,-0.61,-2.523%,359616706.00,United States,,143835,Telecommunications,Telecommunications Equipment
ATNM,Actinium Pharmaceuticals Inc. (Delaware) Common Stock,$1.20,0.00,0.00%,37435069.00,United States,,51784,Health Care,Biotechnology: Pharmaceutical Preparations
ATO,Atmos Energy Corporation Common Stock,$185.24,0.20,0.108%,30645910357.00,United States,,1601559,Utilities,Oil/Gas Transmission
ATOM,Atomera Incorporated Common Stock,$4.56,0.02,0.441%,176454430.00,United States,2016,1000040,Technology,Semiconductors
ATON,AlphaTON Capital Corp. Common Stock,$0.392,0.026,7.104%,9186358.00,Canada,,346322,Energy,Oil & Gas Production
ATOS,Atossa Therapeutics Inc. Common Stock,$4.57,0.04,0.883%,39354226.00,United States,2012,129150,Health Care,Biotechnology: Pharmaceutical Preparations
ATPC,Agape ATP Corporation Common Stock,$2.02,-0.17,-7.763%,2021091.00,Malaysia,,82672,Health Care,Medical/Nursing Services
ATR,AptarGroup Inc. Common Stock,$133.75,1.67,1.264%,8610789556.00,United States,,545673,Industrials,Plastic Products
ATRA,Atara Biotherapeutics Inc. Common Stock,$6.68,1.51,29.207%,48164370.00,United States,2014,3214793,Health Care,Biotechnology: Biological Products (No Diagnostic Substances)
ATRC,AtriCure Inc. Common Stock,$29.39,-0.63,-2.099%,1463912990.00,United States,2005,572456,Health Care,Medical/Dental Instruments
ATRO,Astronics Corporation Common Stock,$74.34,-1.65,-2.171%,2653281950.00,United States,,829558,Industrials,Military/Government/Technical
ATS,ATS Corporation Common Shares,$30.36,0.13,0.43%,2977096378.00,Canada,2023,219433,Industrials,Industrial Machinery/Components
ATXG,Addentax Group Corp. Common Stock,$0.269,0.004,1.509%,3151429.00,China,,101835,Consumer Discretionary,Professional Services
ATYR,aTyr Pharma Inc. Common Stock,$0.8996,0.0756,9.175%,88206870.00,United States,2015,1556289,Health Care,Biotechnology: Biological Products (No Diagnostic Substances)
AU,AngloGold Ashanti PLC Ordinary Shares,$108.90,2.36,2.215%,54834095963.00,South Africa,,2426761,Basic Materials,Precious Metals
AUB,Atlantic Union Bankshares Corporation Common Stock,$35.15,-0.34,-0.958%,5012529440.00,United States,,1448053,Finance,Major Banks
AUB^A,Atlantic Union Bankshares Corporation Depositary Shares each representing a 1/400th ownership interest in a share of 6.875% Perpetual Non-Cumulative Preferred Stock Series A,$24.655,-0.095,-0.384%,,United States,,11993,,
AUBN,Auburn National Bancorporation Inc. Common Stock,$24.31,-0.43,-1.738%,84931823.00,United States,,9184,Finance,Major Banks
AUDC,AudioCodes Ltd. Common Stock,$7.92,-0.14,-1.737%,233426897.00,Israel,1999,166355,Utilities,Telecommunications Equipment
AUGO,Aura Minerals Inc. Common Shares,$80.72,0.12,0.149%,6742905324.00,United States,,694069,,
AUID,authID Inc. Common Stock,$1.55,0.01,0.649%,20837797.00,United States,,221719,Technology,Computer Software: Prepackaged Software
AUNA,Auna SA Class A Ordinary Shares,$4.77,-0.06,-1.242%,353041843.00,Peru,2024,301748,Health Care,Medical/Nursing Services
AUPH,Aurinia Pharmaceuticals Inc Ordinary Shares,$14.37,0.05,0.349%,1910792968.00,Canada,,1360807,Health Care,Biotechnology: Pharmaceutical Preparations
AUR,Aurora Innovation Inc. Class A Common Stock,$4.61,0.12,2.673%,8984029046.00,United States,2021,22601526,Technology,EDP Services
AURA,Aura Biosciences Inc. Common Stock,$5.67,0.07,1.25%,360063535.00,United States,2021,171904,Health Care,Biotechnology: Biological Products (No Diagnostic Substances)
AURE,Aurelion Inc. Class A Ordinary Shares,$2.32,0.02,0.87%,80269290.00,Hong Kong,2023,19202,Finance,Finance: Consumer Services
AUROW,Aurora Innovation Inc. Warrant,$0.2885,0.0043,1.513%,562232620.00,United States,2021,382,Technology,EDP Services
AUST,Austin Gold Corp. Common Shares,$1.62,0.09,5.882%,22182662.00,,2022,189821,Basic Materials,Precious Metals
AUTL,Autolus Therapeutics plc American Depositary Share,$1.62,0.11,7.285%,431152123.00,United Kingdom,2018,2306940,Health Care,Biotechnology: Biological Products (No Diagnostic Substances)
AUUD,Auddia Inc. Common Stock,$0.73,0.0081,1.122%,2264039.00,United States,2021,174591,Technology,EDP Services
AVA,Avista Corporation Common Stock,$39.67,0.01,0.025%,3262906889.00,United States,,668490,Utilities,Power Generation
AVAH,Aveanna Healthcare Holdings Inc. Common Stock,$7.30,0.07,0.968%,1525053096.00,United States,2021,834127,Health Care,Medical/Nursing Services
AVAL,Grupo Aval Acciones y Valores S.A. ADR (Each representing 20 preferred shares),$3.93,0.17,4.521%,4665592987.00,,2014,131607,Finance,Commercial Banks
AVAV,AeroVironment Inc. Common Stock,$227.29,-2.51,-1.092%,11347652811.00,United States,2007,2081180,Industrials,Aerospace
AVB,AvalonBay Communities Inc. Common Stock,$176.71,-1.18,-0.663%,24754150514.00,United States,,1108068,Real Estate,Real Estate Investment Trusts
AVBC,Avidia Bancorp Inc. Common Stock,$19.11,-0.01,-0.052%,383657138.00,,2025,69494,Finance,Banks
AVBH,Avidbank Holdings Inc. Common stock,$28.09,-0.005,-0.018%,307608028.00,United States,,150118,Finance,Commercial Banks
AVBP,ArriVent BioPharma Inc. Common Stock,$24.81,1.38,5.89%,1096642242.00,United States,2024,1439262,Health Care,Biotechnology: Pharmaceutical Preparations
AVD,American Vanguard Corporation Common Stock ($0.10 Par Value),$4.50,0.03,0.671%,128106630.00,United States,1998,225170,Industrials,Agricultural Chemicals
AVGO,Broadcom Inc. Common Stock,$345.75,15.27,4.621%,1637334603099.00,United States,2009,40515575,Technology,Semiconductors
AVIR,Atea Pharmaceuticals Inc. Common Stock,$6.15,0.26,4.414%,489983310.00,United States,2020,967568,Health Care,Biotechnology: Pharmaceutical Preparations
AVK,Advent Convertible and Income Fund,$12.06,-0.03,-0.248%,0.00,United States,2003,161672,Finance,Trusts Except Educational Religious and Charitable
AVNS,Avanos Medical Inc. Common Stock,$13.12,-0.17,-1.279%,610125369.00,United States,2014,724577,Health Care,Industrial Specialties
AVNT,Avient Corporation Common Stock,$36.62,0.03,0.082%,3355297539.00,United States,,757065,Industrials,Major Chemicals
AVNW,Aviat Networks Inc. Common Stock,$25.37,0.42,1.683%,327331605.00,United States,,109234,Technology,Radio And Television Broadcasting And Communications Equipment
AVO,Mission Produce Inc. Common Stock,$13.72,-0.07,-0.508%,972005625.00,United States,2020,679981,Consumer Staples,Farming/Seeds/Milling
AVPT,AvePoint Inc. Class A Common Stock,$11.02,-0.07,-0.631%,2374435529.00,United States,2019,2091660,Technology,Computer Software: Prepackaged Software
AVR,Anteris Technologies Global Corp. Common Stock,$5.93,-0.27,-4.355%,576586080.00,United States,2024,1151351,Health Care,Industrial Specialties
AVT,Avnet Inc. Common Stock,$61.55,1.50,2.498%,5038665619.00,United States,,1363537,Technology,Electronic Components
AVTR,Avantor Inc. Common Stock,$8.15,-0.02,-0.245%,5558755846.00,United States,2019,10495756,Industrials,Biotechnology: Laboratory Analytical Instruments
AVTX,Avalo Therapeutics Inc. Common Stock,$17.31,0.00,0.00%,320455824.00,United States,2015,531985,Health Care,Biotechnology: Pharmaceutical Preparations
AVX,Avax One Technology Ltd. Common Shares,$0.745,0.012,1.637%,69368550.00,Canada,2021,196851,Finance,Finance: Consumer Services
AVXL,Anavex Life Sciences Corp. Common Stock,$4.79,0.14,3.011%,443897721.00,United States,,900610,Health Care,Biotechnology: Biological Products (No Diagnostic Substances)
AVY,Avery Dennison Corporation Common Stock,$176.47,-3.17,-1.765%,13566650072.00,United States,,742815,Consumer Discretionary,Containers/Packaging
AWF,Alliancebernstein Global High Income Fund,$10.13,-0.03,-0.295%,0.00,United States,1993,542226,Finance,Trusts Except Educational Religious and Charitable
AWI,Armstrong World Industries Inc Common Stock,$166.48,-1.76,-1.046%,7131012478.00,United States,,1291996,Industrials,Plastic Products
AWK,American Water Works Company Inc. Common Stock,$137.73,0.24,0.175%,26886089568.00,United States,2008,2658184,Utilities,Water Supply
AWP,abrdn Global Premier Properties Fund Common Shares of Beneficial Interest,$11.75,-0.30,-2.49%,0.00,United States,2007,441315,Finance,Trusts Except Educational Religious and Charitable
AWR,American States Water Company Common Stock,$75.67,0.38,0.505%,2957370505.00,United States,,231388,Utilities,Water Supply
AWRE,Aware Inc. Common Stock,$1.52,-0.09,-5.59%,32488018.00,United States,1996,20445,Technology,Computer Software: Prepackaged Software
AWX,Avalon Holdings Corporation Common Stock,$2.58,-0.02,-0.769%,10060532.00,United States,1998,3188,Utilities,Environmental Services
AX,Axos Financial Inc. Common Stock,$85.53,-0.61,-0.708%,4847690637.00,United States,2018,399226,Finance,Savings Institutions
AXG,Solowin Holdings Class A Ordinary Share,$3.61,-0.01,-0.276%,682123315.00,Hong Kong,2023,821828,Finance,Investment Bankers/Brokers/Service
AXGN,Axogen Inc. Common Stock,$29.28,0.73,2.557%,1519564129.00,United States,,768764,Health Care,Biotechnology: Electromedical & Electrotherapeutic Apparatus
AXIA,AXIA Energia American Depositary Shares (Each representing one Common Share),$11.59,0.29,2.566%,32827438417.00,Brazil,2016,3210419,Utilities,Electric Utilities: Central
AXIA^,AXIA Energia AXIA Energia American Depositary Shares (Each representing one Preferred Class B1 Share),$12.82,0.47,3.806%,,Brazil,,32535,,
AXIA^C,AXIA Energia American Depositary Shares each representing one Preferred Class C Share,$11.30,0.38,3.48%,,Brazil,,297069,,
AXIL,AXIL Brands Inc. Common Stock,$6.266,-0.009,-0.143%,42625825.00,,2024,29561,Consumer Discretionary,Package Goods/Cosmetics
AXIN,Axiom Intelligence Acquisition Corp 1 Class A Ordinary Shares,$10.12,-0.03,-0.296%,0.00,United Kingdom,2025,251,Finance,Blank Checks
AXINR,Axiom Intelligence Acquisition Corp 1 Right,$0.16,0.00,0.00%,0.00,United Kingdom,2025,47,Finance,Blank Checks
AXON,Axon Enterprise Inc. Common Stock,$559.06,-14.95,-2.604%,44947124186.00,United States,2001,792143,Industrials,Ordnance And Accessories
AXP,American Express Company Common Stock,$305.38,4.38,1.455%,209678184847.00,United States,,4692210,Finance,Finance: Consumer Services
AXR,AMREP Corporation Common Stock,$24.26,-0.34,-1.382%,128704128.00,United States,,2533,Real Estate,Homebuilding
AXS,Axis Capital Holdings Limited Common Stock,$101.44,-1.59,-1.543%,7503104852.00,Bermuda,2003,457619,Finance,Property-Casualty Insurers
AXS^E,Axis Capital Holdings Limited Depositary Shares each representing 1/100th interest in a share of a 5.50% Series E Preferred Shares,$20.21,-0.03,-0.148%,,Bermuda,,23789,,
AXSM,Axsome Therapeutics Inc. Common Stock,$164.49,2.16,1.331%,8414204508.00,United States,2015,425554,Health Care,Biotechnology: Pharmaceutical Preparations
AXTA,Axalta Coating Systems Ltd. Common Shares,$29.29,-0.32,-1.081%,6249722761.00,United States,2014,4478303,Consumer Discretionary,Paints/Coatings
AXTI,AXT Inc Common Stock,$38.56,6.19,19.123%,1816596073.00,United States,1998,8640138,Technology,Semiconductors
AYI,Acuity Inc. Common Stock,$274.48,-0.94,-0.341%,8416276212.00,United States,,578446,Consumer Discretionary,Building Products
AYTU,Aytu BioPharma Inc.  Common Stock,$2.61,0.09,3.571%,28013673.00,United States,,61810,Health Care,Biotechnology: Pharmaceutical Preparations
AZ,A2Z Cust2Mate Solutions Corp. Common Shares,$5.41,-0.02,-0.368%,240988493.00,Canada,,317946,Industrials,Industrial Machinery/Components
AZI,Autozi Internet Technology (Global) Ltd. Class A Ordinary Shares,$0.65,0.3862,146.399%,29577810.00,China,2024,531348738,Consumer Discretionary,Automotive Aftermarket
AZN,AstraZeneca PLC Ordinary Shares,$194.95,0.73,0.376%,604628016323.00,United Kingdom,2026,1875024,Health Care,Biotechnology: Pharmaceutical Preparations
AZO,AutoZone Inc. Common Stock,$3672.68,31.39,0.862%,60848304830.00,United States,,152478,Consumer Discretionary,Auto & Home Supply Stores
AZTA,Azenta Inc.,$23.13,-1.17,-4.815%,1065403166.00,United States,,1670093,Technology,Industrial Machinery/Components
AZTR,Azitra Inc Common Stock,$0.203,0.0226,12.528%,3287065.00,,2023,5698241,Health Care,Biotechnology: Pharmaceutical Preparations
AZZ,AZZ Inc.,$125.52,1.49,1.201%,3747483196.00,United States,,256030,Industrials,Industrial Specialties
B,Barrick Mining Corporation Common Shares,$45.81,0.39,0.859%,76748259695.00,Canada,,11224157,Basic Materials,Precious Metals
BA,Boeing Company (The) Common Stock,$225.00,-6.11,-2.644%,176703096600.00,United States,,8388833,Industrials,Aerospace
BA^A,Boeing Company (The) Depositary Shares each representing a 1/20th interest in a share of 6.00% Series A Mandatory Convertible Preferred Stock par value $1.00,$72.15,-1.39,-1.89%,,United States,,773449,,
BABA,Alibaba Group Holding Limited American Depositary Shares each representing eight Ordinary share,$132.64,1.85,1.414%,306302828105.00,China,2014,9879616,Real Estate,Real Estate
BAC,Bank of America Corporation Common Stock,$47.90,-0.74,-1.521%,343763075943.00,United States,,62715428,Finance,Major Banks
BAC^B,Bank of America Corporation Depositary Shares each representing a 1/1000th interest in a share of 6.000% Non-Cumulative Preferred Stock Series GG,$25.16,0.03,0.119%,,United States,,89720,,
BAC^E,Bank of America Corporation Depositary Sh repstg 1/1000th Perp Pfd Ser E,$19.96,-0.0299,-0.15%,,United States,,23039,,
BAC^K,Bank of America Corporation Depositary Shares each representing a 1/1000th interest in a share of 5.875% Non- Cumulative Preferred Stock Series HH,$24.92,-0.04,-0.16%,,United States,,70258,,
BAC^L,Bank of America Corporation Non Cumulative Perpetual Conv Pfd Ser L,$1227.15,-2.5817,-0.21%,,United States,,2167,,
BAC^M,Bank of America Corporation Depositary Shares each representing a 1/1000th interest in a share of 5.375% Non-Cumulative Preferred Stock Series KK,$22.34,-0.06,-0.268%,,United States,,73019,,
BAC^N,Bank of America Corporation Depositary shares each representing 1/1000th interest in a share of 5.000% Non-Cumulative Preferred Stock Series LL,$20.94,-0.02,-0.095%,,United States,,106819,,
BAC^O,Bank of America Corporation Depositary shares each representing 1/1000th interest in a share of 4.375% Non-Cumulative Preferred Stock Series NN,$18.12,0.04,0.221%,,United States,,111969,,
BAC^P,Bank of America Corporation Depositary Shares each representing a 1/1000th interest in a share of 4.125% Non-Cumulative Preferred Stock Series PP,$17.22,0.01,0.058%,,United States,,93324,,
BAC^Q,Bank of America Corporation Depositary shares each representing 1/1000th interest in a share of 4.250% Non-Cumulative Preferred Stock Series QQ,$17.54,0.00,0.00%,,United States,,167055,,
BAC^S,Bank of America Corporation Depositary shares each representing 1/1000th interest in a share of 4.750% Non-Cumulative Preferred Stock Series SS,$19.7396,0.0096,0.049%,,United States,,25038,,
BACC,Blue Acquisition Corp. Class A Ordinary Shares,$10.18,-0.05,-0.489%,0.00,United States,2025,65504,Finance,Blank Checks
BACCR,Blue Acquisition Corp. Right ,$0.24,0.00,0.00%,0.00,United States,2025,13000,Finance,Blank Checks
BACCU,Blue Acquisition Corp. Unit,$10.64,0.00,0.00%,0.00,United States,2025,324,Finance,Blank Checks
BACQ,Inflection Point Acquisition Corp. IV Class A Ordinary Shares,$10.48,0.01,0.096%,0.00,United States,2024,311006,,
BACQR,Inflection Point Acquisition Corp. IV Right,$0.78,-0.05,-6.024%,0.00,United States,2024,6294,Finance,Blank Checks
BACQU,Inflection Point Acquisition Corp. IV Unit,$11.00,-0.20,-1.786%,0.00,United States,2024,100,Finance,Blank Checks
BAER,Bridger Aerospace Group Holdings Inc. Common Stock,$2.16,-0.045,-2.041%,119973105.00,United States,,788998,Industrials,Aerospace
BAERW,Bridger Aerospace Group Holdings Inc. Warrant,$0.42,-0.018,-4.11%,23328104.00,United States,,36652,Industrials,Aerospace
BAFN,BayFirst Financial Corp. Common Stock,$5.71,-0.61,-9.652%,23468117.00,United States,,12578,Finance,Major Banks
BAH,Booz Allen Hamilton Holding Corporation Common Stock,$81.43,-0.46,-0.562%,9820001096.00,United States,2010,2242143,Consumer Discretionary,Professional Services
BAK,Braskem SA ADR,$4.78,-0.135,-2.747%,2158976157.00,Brazil,,4804867,Industrials,Major Chemicals
BALL,Ball Corporation Common Stock,$62.39,-0.14,-0.224%,16600554948.00,United States,,1835997,Industrials,Containers/Packaging
BALY,Bally's Corporation Common Stock,$12.92,-0.85,-6.173%,635174797.00,United States,2024,161498,Consumer Discretionary,Hotels/Resorts
BAM,Brookfield Asset Management Inc Class A Limited Voting Shares,$45.96,-0.11,-0.239%,75290241265.00,,2022,5280503,Consumer Discretionary,Other Consumer Services
BANC,Banc of California Inc. Common Stock,$17.16,0.05,0.292%,2573374003.00,United States,,3487329,Finance,Major Banks
BANC^F,Banc of California Inc. Depositary Shares each representing a 1/40th interest in a share of 7.75% non-cumulative perpetual preferred stock Series F,$25.16,-0.03,-0.119%,,United States,,20422,,
BAND,Bandwidth Inc. Class A Common Stock,$16.49,-0.06,-0.363%,517570344.00,United States,2017,442008,Technology,Computer Software: Prepackaged Software
BANF,BancFirst Corporation Common Stock,$108.71,-0.12,-0.11%,3646687604.00,United States,1993,190185,Finance,Major Banks
BANFP,BancFirst Corporation - BFC Capital Trust II Cumulative Trust Preferred Securities,$26.16,-0.13,-0.494%,877539764.00,United States,,293,Finance,Major Banks
BANL,CBL International Limited Class B Ordinary Shares,$0.597,-0.048,-7.442%,16417500.00,Malaysia,2023,2149854,Energy,Oil Refining/Marketing
BANR,Banner Corporation Common Stock,$59.45,-0.63,-1.049%,2027117539.00,United States,,437809,Finance,Major Banks
BANX,ArrowMark Financial Corp. Common Stock,$18.91,0.01,0.053%,134310658.00,United States,,71874,Finance,Trusts Except Educational Religious and Charitable
BAOS,Baosheng Media Group Holdings Limited Ordinary shares,$2.76,0.08,2.985%,4235184.00,China,2021,609,Real Estate,Real Estate
BAP,Credicorp Ltd. Common Stock,$329.60,-0.97,-0.293%,31108411683.00,Peru,,251426,Finance,Commercial Banks
BARK,BARK Inc. Class A Common Stock,$0.7684,-0.0059,-0.762%,132805196.00,United States,2020,365517,Consumer Discretionary,Other Specialty Stores
BATL,Battalion Oil Corporation Common Stock,$18.74,-3.62,-16.19%,308395991.00,United States,,19675686,Energy,Oil & Gas Production
BATRA,Atlanta Braves Holdings Inc. Series A Common Stock,$48.84,0.38,0.784%,3577790122.00,United States,,47000,Consumer Discretionary,Services-Misc. Amusement & Recreation
BATRK,Atlanta Braves Holdings Inc. Series C Common Stock,$43.99,0.25,0.572%,3222501791.00,United States,,326532,Consumer Discretionary,Services-Misc. Amusement & Recreation
BAX,Baxter International Inc. Common Stock,$17.91,0.22,1.244%,9214516706.00,United States,,10922532,Health Care,Medical/Dental Instruments
BAYA,Bayview Acquisition Corp Ordinary Shares,$12.00,0.08,0.671%,0.00,United States,2023,5875,,
BAYAR,Bayview Acquisition Corp Right,$0.2498,-0.0001,-0.04%,0.00,United States,2023,424,,
BB,BlackBerry Limited Common Stock,$3.48,0.04,1.163%,2053200000.00,Canada,,5801014,Technology,Computer Software: Prepackaged Software
BBAI,BigBear.ai Inc. Common Stock,$4.20,-0.05,-1.176%,1999437623.00,United States,2021,36976709,Technology,Computer Software: Prepackaged Software
BBAR,Banco BBVA Argentina S.A. ADS,$14.17,0.30,2.163%,2894033940.00,Argentina,,923413,Finance,Commercial Banks
BBBY,Bed Bath & Beyond Inc. Common Stock,$5.09,0.08,1.597%,351257027.00,United States,,1830674,Consumer Discretionary,Catalog/Specialty Distribution
BBCP,Concrete Pumping Holdings Inc. Common Stock,$6.73,-0.01,-0.148%,340264547.00,United States,2017,177230,Consumer Discretionary,Engineering & Construction
BBCQ,Bleichroeder Acquisition Corp. II Class A Ordinary Shares,$10.06,0.01,0.10%,0.00,United States,2026,450828,,
BBCQU,Bleichroeder Acquisition Corp. II Units,$10.34,-0.31,-2.911%,0.00,United States,2026,13696,,
BBCQW,Bleichroeder Acquisition Corp. II Warrants,$0.94,-0.01,-1.053%,0.00,United States,2026,100629,,
BBD,Banco Bradesco Sa American Depositary Shares,$3.78,0.10,2.717%,40227403462.00,Brazil,,69360634,Finance,Major Banks
BBDC,Barings BDC Inc. Common Stock,$8.15,-0.08,-0.972%,853361105.00,United States,,1063757,Finance,Diversified Financial Services
BBDO,Banco Bradesco Sa American Depositary Shares (each representing one Common Share),$3.30,0.05,1.538%,35119161752.00,Brazil,,88044,Finance,Major Banks
BBGI,Beasley Broadcast Group Inc. Class A Common Stock,$3.98,-0.18,-4.327%,7179896.00,United States,2000,7980,Consumer Discretionary,Broadcasting
BBIO,BridgeBio Pharma Inc. Common Stock,$65.64,0.28,0.428%,12725158852.00,United States,2019,1764898,Health Care,Biotechnology: Pharmaceutical Preparations
BBLG,Bone Biologics Corp Common Stock,$1.22,-0.06,-4.688%,2190217.00,United States,,13639,Health Care,Industrial Specialties
BBLGW,Bone Biologics Corp Warrants,$27.00,0.00,0.00%,48472020.00,United States,,26,Health Care,Industrial Specialties
BBN,BlackRock Taxable Municipal Bond Trust Common Shares of Beneficial Interest,$16.20,-0.12,-0.735%,0.00,United States,2010,218213,Finance,Finance Companies
BBNX,Beta Bionics Inc. Common Stock,$10.87,0.26,2.451%,482433927.00,United States,2025,1606213,Health Care,Medical/Dental Instruments
BBOT,BridgeBio Oncology Therapeutics Inc. Common Stock  ,$10.31,-0.11,-1.056%,825138405.00,United States,2024,151324,Health Care,Biotechnology: Pharmaceutical Preparations
BBSI,Barrett Business Services Inc. Common Stock,$28.48,-0.49,-1.691%,717784003.00,United States,1993,419963,Consumer Discretionary,Professional Services
BBT,Beacon Financial Corporation Common stock,$29.12,0.14,0.483%,2440724424.00,United States,,1251405,Finance,Banks
BBU,Brookfield Business Partners L.P. Limited Partnership Units ,$32.61,-0.22,-0.67%,6856982312.00,,2016,42579,Consumer Discretionary,Engineering & Construction
BBUC,Brookfield Business Corporation Class A Exchangeable Subordinate Voting Shares,$32.93,-0.35,-1.052%,3159002989.00,,2022,127606,Consumer Discretionary,Engineering & Construction
BBVA,Banco Bilbao Vizcaya Argentaria S.A. Common Stock,$21.57,0.25,1.173%,123142454859.00,Spain,,2086283,Finance,Commercial Banks
BBW,Build-A-Bear Workshop Inc. Common Stock,$44.04,1.69,3.991%,570133869.00,United States,2004,744620,Consumer Discretionary,Recreational Games/Products/Toys
BBWI,Bath & Body Works Inc.,$21.62,0.82,3.942%,4426081100.00,United States,,6339000,Consumer Discretionary,Clothing/Shoe/Accessory Stores
BBY,Best Buy Co. Inc. Common Stock,$65.96,-0.72,-1.08%,13820935394.00,United States,,5551503,Consumer Discretionary,Consumer Electronics/Video Chains
BC,Brunswick Corporation Common Stock,$72.27,1.65,2.336%,4686780469.00,United States,,1587715,Industrials,Industrial Machinery/Components
BC^C,Brunswick Corporation 6.375% Notes due 2049,$24.75,0.03,0.121%,,United States,,7702,,
BCAB,BioAtla Inc. Common Stock,$0.1891,0.0213,12.694%,12001103.00,United States,2020,1287060,Health Care,Biotechnology: Biological Products (No Diagnostic Substances)
BCAL,California BanCorp Common Stock,$17.84,-0.12,-0.668%,576636094.00,United States,,159679,Finance,Major Banks
BCAR,D. Boral ARC Acquisition I Corp. Class A Ordinary Shares,$10.09,0.00,0.00%,0.00,United States,2025,223103,Finance,Blank Checks
BCARW,D. Boral ARC Acquisition I Corp. Warrant,$0.695,-0.015,-2.113%,0.00,United States,2025,1020,Finance,Blank Checks
BCAT,BlackRock Capital Allocation Term Trust Common Shares of Beneficial Interest,$15.15,0.08,0.531%,1638245250.00,United States,2020,983933,Finance,Finance/Investors Services
BCAX,Bicara Therapeutics Inc. Common Stock,$19.70,1.23,6.659%,1075865797.00,United States,2024,1000377,Health Care,Biotechnology: Pharmaceutical Preparations
BCBP,BCB Bancorp Inc. (NJ) Common Stock,$8.17,-0.06,-0.729%,140754443.00,United States,2005,100728,Finance,Savings Institutions
BCC,Boise Cascade L.L.C. Common Stock,$74.49,-0.86,-1.141%,2660936771.00,United States,2013,634219,Consumer Discretionary,RETAIL: Building Materials
BCDA,BioCardia Inc. Common Stock,$1.28,0.10,8.475%,13584300.00,United States,,227568,Health Care,Biotechnology: Biological Products (No Diagnostic Substances)
BCE,BCE Inc. Common Stock,$25.88,-0.18,-0.691%,24133768144.00,Canada,,3713978,Telecommunications,Telecommunications Equipment
BCG,Binah Capital Group Inc. Common Stock,$1.96,-0.18,-8.411%,32540822.00,United States,,6381,Finance,Finance: Consumer Services
BCH,Banco De Chile ADS,$39.49,1.46,3.839%,19945822683.00,Chile,,473090,Finance,Commercial Banks
BCHT,Birchtech Corp. Common Stock,$2.32,-0.03,-1.277%,45137841.00,,2026,69322,Industrials,Industrial Machinery/Components
BCIC,BCP Investment Corporation Common Stock,$9.205,-0.715,-7.208%,114017907.00,United States,2006,383715,Finance,Finance: Consumer Services
BCML,BayCom Corp Common Stock,$28.70,-0.33,-1.137%,312765798.00,United States,2018,41070,Finance,Major Banks
BCO,Brinks Company (The) Common Stock,$115.00,-2.66,-2.261%,4732539455.00,United States,,661324,Industrials,Integrated Freight & Logistics
BCPC,Balchem Corporation Common Stock,$172.65,-2.63,-1.50%,5529183929.00,United States,,228752,Industrials,Major Chemicals
BCRX,BioCryst Pharmaceuticals Inc. Common Stock,$8.62,0.14,1.651%,2161901344.00,United States,1994,5427707,Health Care,Biotechnology: Biological Products (No Diagnostic Substances)
BCS,Barclays PLC Common Stock,$21.96,0.10,0.457%,76344445871.00,United Kingdom,,10187047,Finance,Commercial Banks
BCSF,Bain Capital Specialty Finance Inc. Common Stock,$12.52,-0.14,-1.106%,812153708.00,United States,2018,640098,Finance,Finance/Investors Services
BCSS,Bain Capital GSS Investment Corp. Class A Ordinary Shares,$10.14,0.01,0.099%,0.00,,2025,112859,,
BCTX,BriaCell Therapeutics Corp. Common Shares,$3.76,-0.10,-2.591%,27261831.00,Canada,,375103,Health Care,Biotechnology: Pharmaceutical Preparations
BCTXL,BriaCell Therapeutics Corp. Warrant expiring 2031,$0.99,0.00,0.00%,7177982.00,Canada,,66661,,
BCTXZ,BriaCell Therapeutics Corp. Warrant expiring 2030,$0.105,-0.038,-26.573%,761301.00,Canada,,14771,Health Care,Biotechnology: Pharmaceutical Preparations
BCV,Bancroft Fund Ltd.,$21.88,0.05,0.229%,0.00,United States,1972,6575,Finance,Finance/Investors Services
BCV^A,Bancroft Fund Limited 5.375% Series A Cumulative Preferred Shares,$21.995,-0.155,-0.70%,,United States,,2259,,
BCX,BlackRock Resources Common Shares of Beneficial Interest,$12.31,0.04,0.326%,1044602103.00,United States,2011,285135,Finance,Finance/Investors Services
BCYC,Bicycle Therapeutics plc American Depositary Shares,$5.38,0.18,3.462%,373199280.00,United Kingdom,2019,664456,Health Care,Biotechnology: Pharmaceutical Preparations
BDC,Belden Inc Common Stock,$122.90,0.80,0.655%,4762251486.00,United States,,465756,Industrials,Telecommunications Equipment
BDCI,BTC Development Corp. Class A Ordinary Shares,$9.99,0.00,0.00%,0.00,United States,2025,300,Finance,Blank Checks
BDCIU,BTC Development Corp. Unit,$10.13,0.00,0.00%,0.00,United States,2025,48,Finance,Blank Checks
BDCIW,BTC Development Corp. Warrant,$0.50,0.00,0.00%,0.00,United States,2025,4,Finance,Blank Checks
BDJ,Blackrock Enhanced Equity Dividend Trust,$9.13,-0.15,-1.616%,1615892844.00,United States,2005,681396,Finance,Finance Companies
BDL,Flanigan's Enterprises Inc. Common Stock,$33.00,-0.50,-1.493%,61335351.00,United States,1972,251,Consumer Discretionary,Restaurants
BDMD,Baird Medical Investment Holdings Ltd Ordinary Share,$2.87,-0.23,-7.419%,106235630.00,China,,1034918,Health Care,Medical/Dental Instruments
BDMDW,Baird Medical Investment Holdings Ltd Warrant,$0.115,-0.0014,-1.203%,4256828.00,China,,1251,Health Care,Medical/Dental Instruments
BDN,Brandywine Realty Trust Common Stock,$3.07,0.01,0.327%,533295373.00,United States,,3760820,Real Estate,Real Estate Investment Trusts
BDRX,Biodexa Pharmaceuticals plc American Depositary Shs,$0.95,0.044,4.857%,2142481.00,United Kingdom,,50132,Health Care,Biotechnology: Pharmaceutical Preparations
BDSX,Biodesix Inc. Common Stock,$19.40,0.62,3.301%,191252145.00,United States,2020,210428,Health Care,Medical Specialities
BDTX,Black Diamond Therapeutics Inc. Common Stock,$2.18,0.03,1.395%,124205310.00,United States,2020,868097,Health Care,Biotechnology: Biological Products (No Diagnostic Substances)
BDX,Becton Dickinson and Company Common Stock,$165.46,-1.66,-0.993%,47113379717.00,United States,,2765222,Health Care,Medical/Dental Instruments
BE,Bloom Energy Corporation Class A Common Stock,$151.32,16.13,11.931%,42452555894.00,United States,2018,12919960,Energy,Industrial Machinery/Components
BEAG,Bold Eagle Acquisition Corp. Class A Ordinary Shares,$10.54,0.00,0.00%,0.00,United States,2024,1519,,
BEAGR,Bold Eagle Acquisition Corp. Right,$0.26,0.00,0.00%,0.00,United States,2024,11,,
BEAM,Beam Therapeutics Inc. Common Stock,$27.62,1.08,4.069%,2813269487.00,United States,2020,1242557,Health Care,Biotechnology: Biological Products (No Diagnostic Substances)
BEAT,Heartbeam Inc. Common Stock,$1.48,0.08,5.714%,59373758.00,United States,2021,424631,Health Care,Medical/Dental Instruments
BEATW,Heartbeam Inc. Warrant,$0.1649,0.00,0.00%,6615360.00,United States,2021,91,Health Care,Medical/Dental Instruments
BEBE,TGE Value Creative Solutions Corp Class A Ordinary Shares,$9.88,0.00,0.00%,127155600.00,,2026,49,Consumer Discretionary,Diversified Commercial Services
BEEM,Beam Global Common Stock,$1.55,0.11,7.639%,29495486.00,United States,,688657,Technology,Semiconductors
BEEP,Mobile Infrastructure Corporation Common Stock,$2.64,-0.08,-2.941%,111672000.00,United States,,53204,Finance,Blank Checks
BEKE,KE Holdings Inc American Depositary Shares (each representing three Class A Ordinary Shares),$16.62,-0.05,-0.30%,19341261091.00,China,2020,4330979,Finance,Real Estate
BELFA,Bel Fuse Inc. Class A Common Stock,$172.90,-0.04,-0.023%,2188276518.00,United States,,65761,,
BELFB,Bel Fuse Inc. Class B Common Stock,$191.81,-0.06,-0.031%,2427607397.00,United States,,170729,,
BEN,Franklin Resources Inc. Common Stock,$25.78,-0.46,-1.753%,13425281689.00,United States,,5774759,Finance,Investment Managers
BENF,Beneficient Class A Common Stock,$3.83,0.03,0.789%,54438586.00,United States,,18809,Finance,Finance: Consumer Services
BENFW,Beneficient Warrant,$0.0111,-0.0001,-0.893%,157772.00,United States,,19353,Finance,Finance: Consumer Services
BEP,Brookfield Renewable Partners L.P. Limited Partnership Units,$30.08,-0.16,-0.529%,20456827276.00,Canada,,410000,Utilities,Electric Utilities: Central
BEP^A,Brookfield Renewable Partners L.P. 5.25% Class A Preferred Limited Partnership Units Series 17,$18.19,0.22,1.224%,,Canada,,6068,,
BEPC,Brookfield Renewable Corporation Brookfield Renewable Corporation Class A Subordinate Voting Shares,$40.51,0.41,1.022%,5895029662.00,United States,,1567457,Utilities,Electric Utilities: Central
BEPH,Brookfield BRP Holdings (Canada) Inc. 4.625% Perpetual Subordinated Notes,$15.10,-0.09,-0.592%,4336181534.00,Canada,,27005,Utilities,Electric Utilities: Central
BEPI,Brookfield BRP Holdings (Canada) Inc. 4.875% Perpetual Subordinated Notes,$15.99,0.09,0.566%,4591757797.00,Canada,2021,24803,Utilities,Electric Utilities: Central
BEPJ,Brookfield BRP Holdings (Canada) Inc. 7.250% Perpetual Subordinated Notes,$25.29,0.29,1.16%,7262386159.00,Canada,2024,2217,Utilities,Electric Utilities: Central
BESS,Bimergen Energy Corporation Common Stock,$2.97,-0.03,-1.00%,11674791.00,,2026,59914,Utilities,Electric Utilities: Central
BETA,Beta Technologies Inc. Class A Common Stock,$21.57,2.30,11.936%,4940179969.00,,2025,1939218,Industrials,Aerospace
BETR,Better Home & Finance Holding Company Class A Common Stock,$35.69,3.88,12.197%,560213010.00,United Kingdom,2021,409095,Finance,Finance: Consumer Services
BETRW,Better Home & Finance Holding Company Warrant,$0.2691,0.0191,7.64%,4223965.00,United Kingdom,2021,16175,Finance,Finance: Consumer Services
BF/A,Brown Forman Corporation,$25.42,-0.32,-1.243%,,United States,,279167,,
BF/B,Brown Forman Corporation,$24.88,-0.38,-1.504%,,United States,,7916772,,
BFAM,Bright Horizons Family Solutions Inc. Common Stock,$77.21,-0.11,-0.142%,4255324530.00,United States,2013,1005158,Consumer Discretionary,Other Consumer Services
BFC,Bank First Corporation Common Stock,$135.98,-0.34,-0.249%,1523204038.00,United States,,146073,Finance,Major Banks
BFH,Bread Financial Holdings Inc. Common Stock,$72.46,0.25,0.346%,3124121305.00,United States,,614527,Real Estate,Real Estate
BFH^A,Bread Financial Holdings Inc. Depositary Shares each representing a 1/40th interest in a share of 8.625% Non-Cumulative Perpetual Preferred Stock Series A,$25.00,0.23,0.929%,,United States,,16992,,
BFLY,Butterfly Network Inc. Class A Common Stock,$3.76,0.11,3.014%,957419580.00,United States,2020,7071096,Health Care,Medical Electronics
BFRG,Bullfrog AI Holdings Inc. Common Stock,$0.621,0.0266,4.475%,9470129.00,United States,2023,204866,Health Care,Biotechnology: Pharmaceutical Preparations
BFRGW,Bullfrog AI Holdings Inc. Warrants,$0.1406,0.0356,33.905%,2144123.00,United States,2023,26838,Health Care,Biotechnology: Pharmaceutical Preparations
BFRI,Biofrontera Inc. Common Stock,$0.824,-0.035,-4.075%,9598218.00,United States,2021,552266,Health Care,Biotechnology: Pharmaceutical Preparations
BFRIW,Biofrontera Inc. Warrants,$0.063,0.017,36.957%,733844.00,United States,2021,2093,Health Care,Biotechnology: Pharmaceutical Preparations
BFS,Saul Centers Inc. Common Stock,$34.35,-0.03,-0.087%,841429871.00,United States,1993,52036,Real Estate,Real Estate Investment Trusts
BFS^D,Saul Centers Inc. Depositary Shares each representing 1/100th of a share of 6.125% Series D Cumulative Redeemable Preferred Stock,$20.70,-0.05,-0.241%,,United States,,233,,
BFS^E,Saul Centers Inc. Depositary shares each representing a 1/100th fractional interest in a share of 6.000% Series E Cumulative Redeemable Preferred Stock,$21.71,-0.42,-1.898%,,United States,,175,,
BFST,Business First Bancshares Inc. Common Stock,$26.55,-0.11,-0.413%,868462368.00,United States,,178742,Finance,Major Banks
BG,Bunge Limited Common Shares,$118.79,2.12,1.817%,22986943613.00,United States,,2408849,Consumer Staples,Packaged Foods
BGB,Blackstone Strategic Credit 2027 Term Fund Common Shares of Beneficial Interest,$11.07,-0.05,-0.45%,0.00,United States,2012,293350,Finance,Trusts Except Educational Religious and Charitable
BGC,BGC Group Inc. Class A Common Stock,$9.50,0.16,1.713%,4505489352.00,United States,,2010593,Finance,Investment Bankers/Brokers/Service
BGH,Barings Global Short Duration High Yield Fund Common Shares of Beneficial Interests,$13.86,-0.24,-1.702%,0.00,United States,2012,193834,Finance,Investment Managers
BGI,Birks Group Inc. Common Stock,$0.715,0.0052,0.733%,14010201.00,Canada,,4153,Consumer Discretionary,Consumer Specialties
BGIN,Bgin Blockchain Limited Class A Ordinary Shares,$2.80,0.0704,2.579%,316780635.00,China,2025,6866,,
BGL,Blue Gold Limited Class A Ordinary Shares,$1.71,0.00,0.00%,60102588.00,United Kingdom,,235165,Basic Materials,Metal Mining
BGLC,BioNexus Gene Lab Corp Common stock,$2.28,-0.22,-8.80%,4096036.00,Malaysia,,11944,Health Care,Medical Specialities
BGLWW,Blue Gold Limited Warrant,$0.28,0.0499,21.686%,9841359.00,United Kingdom,,3123,Basic Materials,Metal Mining
BGM,BGM Group Ltd. Class A Ordinary Shares,$0.9928,-0.0472,-4.538%,182635419.00,China,2021,21665,Health Care,Biotechnology: Pharmaceutical Preparations
BGMS,Bio Green Med Solution Inc. Common Stock,$0.935,-0.015,-1.579%,0.00,United States,,12143,,
BGMSP,Bio Green Med Solution Inc. 6% Convertible Preferred Stock,$3.15,0.00,0.00%,0.00,United States,,3,,
BGR,BlackRock Energy and Resources Trust,$15.88,0.16,1.018%,2153108761.00,United States,2004,355865,Finance,Trusts Except Educational Religious and Charitable
BGS,B&G Foods Inc. Common Stock,$5.58,0.11,2.011%,446240189.00,United States,,2086461,Consumer Staples,Packaged Foods
BGSF,BGSF Inc. Common Stock,$6.36,0.17,2.746%,71230645.00,United States,,22363,Consumer Discretionary,Professional Services
BGSI,Boyd Group Services Inc. Common Shares,$164.30,-1.25,-0.755%,4572143850.00,,,37847,,
BGT,BlackRock Floating Rate Income Trust,$10.72,-0.091,-0.842%,0.00,United States,2004,182086,Finance,Trusts Except Educational Religious and Charitable
BGX,Blackstone Long Short Credit Income Fund Common Shares,$10.58,0.05,0.475%,0.00,,2011,163877,Finance,Trusts Except Educational Religious and Charitable
BGY,Blackrock Enhanced International Dividend Trust,$5.66,-0.05,-0.876%,0.00,United States,2007,290386,Finance,Trusts Except Educational Religious and Charitable
BH,Biglari Holdings Inc. Class B Common Stock,$306.76,2.16,0.709%,703804376.00,United States,2018,162982,Consumer Discretionary,Restaurants
BHAT,Blue Hat Interactive Entertainment Technology Ordinary Shares,$1.72,-0.02,-1.149%,266448640.00,China,2019,895719,Consumer Discretionary,Recreational Games/Products/Toys
BHB,Bar Harbor Bankshares Inc. Common Stock,$31.30,-0.30,-0.949%,522352335.00,United States,1997,354624,Finance,Major Banks
BHC,Bausch Health Companies Inc. Common Stock,$5.35,-0.03,-0.558%,1982508990.00,Canada,,2405885,Health Care,Biotechnology: Pharmaceutical Preparations
BHE,Benchmark Electronics Inc. Common Stock,$53.94,1.05,1.985%,1923880407.00,United States,,353167,Technology,Electrical Products
BHF,Brighthouse Financial Inc. Common Stock,$60.38,1.19,2.01%,3452775898.00,United States,,962005,Finance,Life Insurance
BHFAL,Brighthouse Financial Inc. 6.25% Junior Subordinated Debentures due 2058,$17.12,-0.23,-1.326%,978991775.00,United States,,37185,Finance,Life Insurance
BHFAM,Brighthouse Financial Inc. Depositary shares each representing a 1/1000th Interest in a Share of 4.625% Non-Cumulative Preferred Stock Series D,$11.83,-0.15,-1.252%,676487891.00,United States,,16648,Finance,Life Insurance
BHFAN,Brighthouse Financial Inc. Depositary shares each representing a 1/1000th interest in a share of 5.375% Non-Cumulative Preferred Stock Series C,$13.33,-0.12,-0.892%,762264040.00,United States,,49410,Finance,Life Insurance
BHFAO,Brighthouse Financial Inc. Depositary Shares 6.75% Non-Cumulative Preferred Stock Series B,$16.99,-0.07,-0.41%,971557842.00,United States,,23711,Finance,Life Insurance
BHFAP,Brighthouse Financial Inc. Depositary Shares 6.6% Non-Cumulative Preferred Stock Series A,$16.46,-0.18,-1.082%,941250270.00,United States,,23588,Finance,Life Insurance
BHK,Blackrock Core Bond Trust,$9.38,0.00,0.00%,0.00,United States,2001,496309,Finance,Finance Companies
BHM,Bluerock Homes Trust Inc. Class A Common Stock,$10.37,-0.28,-2.629%,42056603.00,,2022,3114,Real Estate,Real Estate Investment Trusts
BHP,BHP Group Limited American Depositary Shares (Each representing two Ordinary Shares),$72.89,1.04,1.447%,185100990699.00,Australia,,5744378,Energy,Coal Mining
BHR,Braemar Hotels & Resorts Inc. Common Stock,$2.57,-0.18,-6.545%,175323940.00,United States,2013,1524771,Real Estate,Real Estate Investment Trusts
BHR^B,Braemar Hotels & Resorts Inc. 5.50% Series B Cumulative Convertible Preferred Stock par value $0.01 per share,$17.16,-0.49,-2.776%,,United States,,7284,,
BHR^D,Braemar Hotels & Resorts Inc. 8.25% Series D Cumulative Preferred Stock  par value $0.01 per share,$17.79,-0.22,-1.222%,,United States,,9186,,
BHRB,Burke & Herbert Financial Services Corp. Common Stock,$63.085,-0.355,-0.56%,948726294.00,United States,,79376,Finance,Major Banks
BHST,BioHarvest Sciences Inc. Common Stock,$4.21,-0.01,-0.237%,95374557.00,Canada,,6182,,
BHV,BlackRock Virginia Municipal Bond Trust,$10.701,-0.039,-0.363%,0.00,United States,2002,2193,Finance,Finance/Investors Services
BHVN,Biohaven Ltd. Common Shares ,$10.21,0.29,2.923%,1535758428.00,United States,2022,5984838,Health Care,Biotechnology: Pharmaceutical Preparations
BIAF,bioAffinity Technologies Inc. Common Stock,$1.06,0.02,1.923%,4768632.00,United States,2022,67097,Health Care,Biotechnology: Commercial Physical & Biological Resarch
BIAFW,bioAffinity Technologies Inc. Warrant,$0.2203,-0.0399,-15.334%,991066.00,United States,2022,800,Health Care,Biotechnology: Commercial Physical & Biological Resarch
BIDU,Baidu Inc. ADS,$122.48,3.43,2.881%,42105059342.00,China,2005,2533778,Technology,Computer Software: Programming Data Processing
BIIB,Biogen Inc. Common Stock,$188.24,3.37,1.823%,27625825311.00,United States,,651618,Health Care,Biotechnology: Biological Products (No Diagnostic Substances)
BIII,Black Spade Acquisition III Co Class A Ordinary Shares,$9.89,0.01,0.101%,0.00,,2026,752,Finance,Blank Checks
BILI,Bilibili Inc. American Depositary Shares,$26.16,1.49,6.04%,10934526866.00,China,2018,4085819,Technology,EDP Services
BILL,BILL Holdings Inc. Common Stock,$44.47,-0.59,-1.309%,4400770767.00,United States,2019,1789338,Technology,EDP Services
BIO,Bio-Rad Laboratories Inc. Class A Common Stock,$271.44,1.59,0.589%,7326272547.00,United States,1980,314973,Industrials,Biotechnology: Laboratory Analytical Instruments
BIO/B,Bio-Rad Laboratories Inc.,$268.4953,-13.4547,-4.772%,,United States,,286,,
BIOA,BioAge Labs Inc. Common Stock,$19.73,-0.56,-2.76%,823677623.00,United States,2024,403862,Health Care,Biotechnology: Pharmaceutical Preparations
BIOX,Bioceres Crop Solutions Corp. Ordinary Shares,$0.5357,0.00,0.00%,33871368.00,Argentina,,480287,Industrials,Agricultural Chemicals
BIP,Brookfield Infrastructure Partners LP Limited Partnership Units,$36.89,-0.71,-1.888%,17014915767.00,Bermuda,,1002656,Consumer Discretionary,Marine Transportation
BIP^A,Brookfield Infrastructure Partners LP 5.125% Class A Preferred Limited Partnership Units Series 13,$17.3239,0.1889,1.102%,,Bermuda,,3022,,
BIP^B,Brookfield Infrastructure Partners LP 5.000% Class A Preferred Limited Partnership Units Series 14,$16.72,-0.05,-0.298%,,Bermuda,,11858,,
BIPC,Brookfield Infrastructure Corporation Brookfield Infrastructure Corporation,$46.21,-0.29,-0.624%,6104901250.00,Canada,,636548,Utilities,Oil & Gas Production
BIPH,Brookfield Infrastructure Corporation 5.000% Subordinated Notes due 2081,$16.60,-0.10,-0.599%,7658309935.00,Canada,2021,10109,Utilities,Oil & Gas Production
BIPI,BIP Bermuda Holdings I Limited 5.125% Perpetual Subordinated Notes,$16.88,-0.06,-0.354%,159970072.00,Bermuda,2022,20776,Consumer Discretionary,Marine Transportation
BIPJ,Brookfield Infrastructure Corporation 7.250% Subordinated Notes due 2084,$24.91,-0.15,-0.599%,11492078343.00,Canada,2024,8480,Utilities,Oil & Gas Production
BIRD,Allbirds Inc. Class A Common Stock,$3.11,0.63,25.403%,25542716.00,United States,2021,156507,Consumer Discretionary,Apparel
BIRK,Birkenstock Holding plc Ordinary Shares,$37.86,-0.24,-0.63%,6962683280.00,,2023,1789656,Consumer Discretionary,Shoe Manufacturing
BIT,BlackRock Multi-Sector Income Trust Common Shares of Beneficial Interest,$12.75,-0.10,-0.778%,0.00,United States,2013,464586,Finance,Trusts Except Educational Religious and Charitable
BITF,Bitfarms Ltd. Common Stock,$2.11,0.07,3.431%,1271755181.00,Canada,,30476373,Finance,Finance: Consumer Services
BIVI,BioVie Inc. Class A Common Stock,$1.39,0.03,2.206%,10485564.00,United States,,44699,Health Care,Biotechnology: Pharmaceutical Preparations
BIXI,Bitcoin Infrastructure Acquisition Corp Ltd. Class A Ordinary Shares,$9.91,0.00,0.00%,0.00,United States,2025,58402,,
BIXIU,Bitcoin Infrastructure Acquisition Corp Ltd. Unit ,$10.01,-0.01,-0.10%,0.00,United States,2025,1201,Finance,Blank Checks
BIXIW,Bitcoin Infrastructure Acquisition Corp Ltd. Warrant,$0.358,0.088,32.593%,0.00,United States,2025,1925,,
BIYA,Baiya International Group Inc. Ordinary Shares,$1.54,-0.12,-7.229%,1862798.00,China,2025,7385208,Consumer Discretionary,Diversified Commercial Services
BJ,BJ's Wholesale Club Holdings Inc. Common Stock,$95.49,-1.31,-1.353%,12494648305.00,United States,2018,1960724,Consumer Discretionary,Department/Specialty Retail Stores
BJDX,Bluejay Diagnostics Inc. Common Stock,$1.87,0.01,0.538%,848107.00,United States,2021,40723,Health Care,Medical/Dental Instruments
BJRI,BJ's Restaurants Inc. Common Stock,$36.11,0.93,2.644%,765430423.00,United States,,501927,Consumer Discretionary,Restaurants
BK,The Bank of New York Mellon Corporation Common Stock,$115.10,-0.13,-0.113%,79214925628.00,United States,,3556246,Finance,Major Banks
BK^K,The Bank Of New York Mellon Corporation  Depositary Shares each representing a 1/4000th interest in a share of Series K Noncumulative Perpetual Preferred Stock,$25.34,-0.06,-0.236%,,United States,,58416,,
BKD,Brookdale Senior Living Inc. Common Stock,$14.45,-0.44,-2.955%,3436100368.00,United States,2005,5624545,Health Care,Hospital/Nursing Management
BKE,Buckle Inc. (The) Common Stock,$50.16,-0.75,-1.473%,2566016360.00,United States,,463343,Consumer Discretionary,Clothing/Shoe/Accessory Stores
BKH,Black Hills Corporation Common Stock,$72.55,-0.96,-1.306%,5475700077.00,United States,,993532,Utilities,Electric Utilities: Central
BKHA,Black Hawk Acquisition Corporation Class A Ordinary Shares,$11.70,0.2399,2.093%,0.00,United States,2024,142,Health Care,Biotechnology: Biological Products (No Diagnostic Substances)
BKHAR,Black Hawk Acquisition Corporation Rights,$1.41,0.01,0.714%,0.00,United States,2024,150,Health Care,Biotechnology: Biological Products (No Diagnostic Substances)
BKHAU,Black Hawk Acquisition Corporation Units,$12.00,-0.50,-4.00%,0.00,United States,2024,1121,,
BKKT,Bakkt Inc. Class A Common Stock,$9.22,-0.07,-0.753%,253893841.00,United States,,1112617,Finance,Finance: Consumer Services
BKNG,Booking Holdings Inc. Common Stock,$4440.69,-109.74,-2.412%,140651510849.00,United States,,518415,Consumer Discretionary,Transportation Services
BKR,Baker Hughes Company Class A Common Stock,$60.10,0.29,0.485%,59393014251.00,United States,,11951611,Consumer Discretionary,Oil and Gas Field Machinery
BKSY,BlackSky Technology Inc. Class A Common Stock,$24.94,1.21,5.099%,1033977733.00,United States,2019,1063081,Technology,Radio And Television Broadcasting And Communications Equipment
BKT,BlackRock Income Trust Inc. (The),$10.90,-0.05,-0.457%,1621510934.00,United States,,207384,Finance,Investment Bankers/Brokers/Service
BKTI,BK Technologies Corporation Common Stock,$86.49,1.43,1.681%,322801524.00,United States,,35807,Technology,Radio And Television Broadcasting And Communications Equipment
BKU,BankUnited Inc. Common Stock,$44.97,0.21,0.469%,3311528292.00,United States,2011,812852,Finance,Savings Institutions
BKV,BKV Corporation Common Stock,$30.50,-0.24,-0.781%,2957656523.00,United States,2024,693653,Energy,Oil & Gas Production
BKYI,BIO-key International Inc. Common Stock,$0.62,-0.0375,-5.703%,6718703.00,United States,,333796,Technology,Computer Software: Prepackaged Software
BL,BlackLine Inc. Common Stock,$37.14,-0.23,-0.615%,2211402322.00,United States,2016,825360,Technology,Computer Software: Prepackaged Software
BLBD,Blue Bird Corporation Common Stock,$53.06,-1.68,-3.069%,1676266320.00,United States,2014,303569,Consumer Discretionary,Construction/Ag Equipment/Trucks
BLCO,Bausch + Lomb Corporation Common Shares,$17.22,0.16,0.938%,6101359370.00,,2022,435165,Health Care,Ophthalmic Goods
BLD,TopBuild Corp. Common Stock,$386.89,-0.35,-0.09%,10886902762.00,United States,2015,559379,Consumer Discretionary,Engineering & Construction
BLDP,Ballard Power Systems Inc. Common Shares,$1.99,-0.02,-0.995%,598469925.00,Canada,,2655704,Energy,Industrial Machinery/Components
BLDR,Builders FirstSource Inc. Common Stock,$94.95,1.83,1.965%,10501951302.00,United States,2005,3306234,Consumer Discretionary,RETAIL: Building Materials
BLFS,BioLife Solutions Inc. Common Stock,$19.90,0.04,0.201%,961170000.00,United States,,617768,Health Care,Biotechnology: Electromedical & Electrotherapeutic Apparatus
BLFY,Blue Foundry Bancorp Common Stock,$12.87,-0.14,-1.076%,267196966.00,United States,2021,364523,Finance,Banks
BLIN,Bridgeline Digital Inc. Common Stock,$0.9217,-0.0126,-1.349%,11613308.00,United States,2007,15907,Technology,Computer Software: Prepackaged Software
BLIV,BeLive Holdings Ordinary Share,$2.98,0.11,3.833%,32377110.00,Singapore,2025,20634,Technology,EDP Services
BLK,BlackRock Inc. Common Stock,$957.67,2.22,0.232%,148957462781.00,United States,1999,1932983,Finance,Investment Bankers/Brokers/Service
BLKB,Blackbaud Inc. Common Stock,$47.16,-1.00,-2.076%,2166221691.00,United States,2004,477009,Technology,Computer Software: Prepackaged Software
BLLN,BillionToOne Inc. Class A Common Stock,$72.11,-1.40,-1.905%,3300385284.00,United States,2025,403997,Health Care,Medical Specialities
BLMN,Bloomin' Brands Inc. Common Stock,$5.81,-0.20,-3.328%,495172490.00,United States,2012,5769717,Consumer Discretionary,Restaurants
BLND,Blend Labs Inc. Class A Common Stock,$1.67,0.02,1.212%,433777356.00,United States,2021,4523134,Technology,Computer Software: Programming Data Processing
BLNE,Beeline Holdings Inc. Common Stock,$2.94,0.21,7.692%,81600156.00,United States,,553670,Finance,Finance: Consumer Services
BLNK,Blink Charging Co. Common Stock,$0.6662,0.0022,0.331%,94102573.00,United States,,1513311,Consumer Discretionary,Industrial Specialties
BLRK,Bluerock Acquisition Corp. Class A Ordinary Shares,$9.90,0.02,0.202%,0.00,United States,2026,4692,,
BLRKU,Bluerock Acquisition Corp. Unit,$10.04,0.00,0.00%,0.00,United States,2025,25,,
BLRKW,Bluerock Acquisition Corp. Warrants,$0.32,-0.03,-8.571%,0.00,United States,2026,300,,
BLRX,BioLineRx Ltd. American Depositary Shares,$2.64,-0.01,-0.377%,9823448.00,Israel,,21713,Health Care,Biotechnology: Pharmaceutical Preparations
BLSH,Bullish Ordinary Shares,$36.06,1.10,3.146%,5271385628.00,Cayman Islands,2025,1125028,Finance,Finance: Consumer Services
BLTE,Belite Bio Inc American Depositary Shares,$179.12,5.82,3.358%,6719620526.00,United States,2022,116520,Health Care,Biotechnology: Pharmaceutical Preparations
BLUW,Blue Water Acquisition Corp. III Class A Ordinary Shares,$10.37,0.06,0.582%,75130650.00,United States,2025,11700,,
BLUWU,Blue Water Acquisition Corp. III Unit.,$10.59,0.00,0.00%,0.00,United States,2025,4,Health Care,Biotechnology: Biological Products (No Diagnostic Substances)
BLUWW,Blue Water Acquisition Corp. III Warrant.,$0.5453,0.0653,13.604%,3950699.00,United States,2025,578,,
BLW,Blackrock Limited Duration Income Trust,$13.31,-0.11,-0.82%,475316777.00,United States,2003,120381,Consumer Discretionary,Other Consumer Services
BLX,Banco Latinoamericano de Comercio Exterior S.A.,$47.79,-0.69,-1.423%,1758233288.00,Panama,1992,192047,Finance,Commercial Banks
BLZE,Backblaze Inc. Class A Common Stock,$3.84,0.05,1.319%,221568000.00,United States,2021,2107330,Technology,Computer Software: Prepackaged Software
BLZR,Trailblazer Acquisition Corp. Class A Ordinary Shares,$10.04,0.00,0.00%,0.00,United States,2025,5015,Finance,Blank Checks
BLZRU,Trailblazer Acquisition Corp. Unit,$10.20,0.00,0.00%,0.00,United States,2025,73,,
BLZRW,Trailblazer Acquisition Corp. Warrant,$0.4811,0.00,0.00%,0.00,United States,2025,11,Finance,Blank Checks
BMA,Banco Macro S.A.  ADR (representing Ten Class B Common Shares),$71.23,0.83,1.179%,4554541719.00,Argentina,,386171,Finance,Commercial Banks
BMBL,Bumble Inc. Class A Common Stock,$2.96,-0.10,-3.268%,333707425.00,United States,2021,2306944,Technology,Computer Software: Programming Data Processing
BME,Blackrock Health Sciences Trust,$40.96,-0.29,-0.703%,546120417.00,United States,2005,58267,Finance,Trusts Except Educational Religious and Charitable
BMEA,Biomea Fusion Inc. Common Stock,$1.42,0.03,2.158%,100399167.00,United States,2021,1412473,Health Care,Biotechnology: Pharmaceutical Preparations
BMEZ,BlackRock Health Sciences Term Trust Common Shares of Beneficial Interest,$14.53,0.00,0.00%,193728752.00,United States,2020,191593,Finance,Trusts Except Educational Religious and Charitable
BMGL,Basel Medical Group Ltd Ordinary Shares,$0.5899,-0.0001,-0.017%,11081714.00,Singapore,2025,3281,Health Care,Medical/Nursing Services
BMHL,Bluemount Holdings Limited Class B Ordinary Shares,$3.7499,0.00,0.00%,90016901.00,Hong Kong,2025,56,Finance,Finance: Consumer Services
BMI,Badger Meter Inc. Common Stock,$149.54,0.69,0.464%,4363816165.00,United States,1971,353791,Industrials,Industrial Machinery/Components
BML^G,Bank of America Corporation Depositary Shares (Each representing a 1/1200th interest in a share of Floating Rate Non-Cumulative Preferred Stock  Series 1),$19.52,-0.1009,-0.514%,,United States,,962,,
BML^H,Bank of America Corporation Depositary Shares (Each representing a 1/1200th interest in a Share of Floating Rate Non-Cumulative Preferred Stock Series 2),$19.44,0.03,0.155%,,United States,,4595,,
BML^J,Bank of America Corporation Depositary Shares (Each representing a 1/1200th interest in a Share of Floating Rate Non-Cumulative Preferred Stock Series 4),$19.68,-0.15,-0.756%,,United States,,12139,,
BML^L,Bank of America Corporation Depositary Shares (Each representing a 1/1200th Interest in a Share of Floating Rate Non-Cumulative Preferred Stock Series 5),$19.62,-0.02,-0.102%,,United States,,10829,,
BMM,Blue Moon Metals Inc. Common Shares,$5.81,-0.12,-2.024%,469699352.00,Canada,,108662,,
BMN,BlackRock 2037 Municipal Target Term Trust Common Shares of Beneficial Interest,$27.132,-0.168,-0.615%,0.00,,2022,4309,Finance,Trusts Except Educational Religious and Charitable
BMNR,BitMine Immersion Technologies Inc. Common Stock,$20.70,1.82,9.64%,9415652736.00,United States,2025,50649283,Finance,Finance: Consumer Services
BMO,Bank Of Montreal Common Stock,$141.98,-0.14,-0.099%,100265673153.00,Canada,,977942,Finance,Commercial Banks
BMR,Beamr Imaging Ltd. Ordinary Share,$1.74,0.01,0.578%,27021946.00,Israel,2023,49612,Technology,Computer Software: Prepackaged Software
BMRA,Biomerica Inc. Common Stock,$2.19,0.27,14.063%,6613947.00,United States,,33701,Health Care,Biotechnology: In Vitro & In Vivo Diagnostic Substances
BMRC,Bank of Marin Bancorp Common Stock,$24.06,-0.43,-1.756%,387238145.00,United States,,96540,Finance,Major Banks
BMRN,BioMarin Pharmaceutical Inc. Common Stock,$60.88,-0.24,-0.393%,11708646096.00,United States,1999,1301016,Health Care,Biotechnology: Pharmaceutical Preparations
BMY,Bristol-Myers Squibb Company Common Stock,$60.63,0.34,0.564%,123471400734.00,United States,,10962380,Health Care,Biotechnology: Pharmaceutical Preparations
BN,Brookfield Corporation Class A Limited Voting Shares,$41.08,-0.12,-0.291%,92238446302.00,Canada,1925,9199794,Real Estate,Building operators
BNAI,Brand Engagement Network Inc. Common Stock,$41.95,-14.32,-25.449%,242408662.00,United States,2021,1467340,Technology,EDP Services
BNAIW,Brand Engagement Network Inc. Warrant,$0.281,-0.149,-34.651%,1623762.00,United States,2021,81775,Technology,EDP Services
BNBX,BNB Plus Corp. Common Stock,$0.7659,0.0659,9.414%,4172217.00,United States,,48233,Consumer Discretionary,Other Consumer Services
BNC,CEA Industries Inc. Common Stock,$3.98,0.50,14.368%,175370493.00,United States,,483563,Industrials,Industrial Machinery/Components
BNCWW,CEA Industries Inc. Warrant,$0.04,0.00,0.00%,0.00,United States,,3,,
BNED,Barnes & Noble Education Inc Common Stock,$8.49,0.13,1.555%,289117161.00,United States,2015,157827,Consumer Discretionary,Other Specialty Stores
BNGO,Bionano Genomics Inc. Common Stock,$1.12,0.00,0.00%,11397120.00,United States,2018,99430,Industrials,Biotechnology: Laboratory Analytical Instruments
BNH,Brookfield Finance Inc. 4.625% Subordinated Notes due October 16 2080,$15.60,-0.07,-0.447%,23521632638.00,Canada,2020,35910,Real Estate,Building operators
BNJ,Brookfield Finance Inc. 4.50% Perpetual Subordinated Notes,$15.11,-0.11,-0.723%,22782812126.00,Canada,2020,14885,Real Estate,Building operators
BNKK,Bonk Inc. Common Stock,$3.03,-0.05,-1.623%,16056946.00,United States,2020,91440,Consumer Discretionary,Package Goods/Cosmetics
BNL,Broadstone Net Lease Inc. Common Stock,$19.27,0.12,0.627%,3688729438.00,United States,2020,1428170,Real Estate,Real Estate Investment Trusts
BNR,Burning Rock Biotech Limited American Depositary Shares,$22.48,0.23,1.034%,242033078.00,China,2020,6667,Health Care,Medical Specialities
BNRG,Brenmiller Energy Ltd Ordinary Shares,$0.8777,0.013,1.503%,1313312.00,Israel,,399379,Industrials,Building Products
BNS,Bank Nova Scotia Halifax Pfd 3 Ordinary Shares,$70.87,-1.21,-1.679%,87367978111.00,Canada,,2932708,Finance,Major Banks
BNT,Brookfield Wealth Solutions Ltd. Class A Exchangeable Limited Voting Shares,$42.01,-0.29,-0.686%,12932041477.00,,2021,25185,Finance,Property-Casualty Insurers
BNTC,Benitec Biopharma Inc. Common Stock,$12.55,1.21,10.67%,431146892.00,United States,2015,415306,Health Care,Biotechnology: Pharmaceutical Preparations
BNTX,BioNTech SE American Depositary Share,$102.16,0.66,0.65%,24515417337.00,Germany,2019,1031958,Health Care,Biotechnology: Biological Products (No Diagnostic Substances)
BNZI,Banzai International Inc. Class A Common Stock,$1.11,-0.04,-3.478%,13229320.00,United States,2021,525799,Technology,Computer Software: Prepackaged Software
BNZIW,Banzai International Inc. Warrant,$0.0159,0.0016,11.189%,189501.00,United States,2021,16393,Technology,Computer Software: Prepackaged Software
BOBS,Bob's Discount Furniture Inc. Common Stock,$18.15,0.85,4.913%,2366162139.00,,2026,1366405,Consumer Discretionary,Other Specialty Stores
BOC,Boston Omaha Corporation Class A Common Stock,$12.58,-0.15,-1.178%,395684200.00,United States,2022,85259,Finance,Real Estate
BODI,The Beachbody Company Inc. Class A Common Stock,$8.195,-0.075,-0.907%,58086463.00,United States,,23415,Consumer Discretionary,Other Consumer Services
BOE,Blackrock Enhanced Global Dividend Trust Common Shares of Beneficial Interest,$11.35,-0.03,-0.264%,0.00,United States,2005,290156,Finance,Trusts Except Educational Religious and Charitable
BOF,BranchOut Food Inc. Common Stock,$3.65,0.14,3.989%,48948175.00,United States,2023,64618,Consumer Staples,Packaged Foods
BOH,Bank of Hawaii Corporation Common Stock,$74.29,-1.33,-1.759%,2946137623.00,United States,,659235,Finance,Major Banks
BOH^A,Bank of Hawaii Corporation Depositary Shares Each Representing a 1/40th Interest in a Share of 4.375% Fixed Rate Non-Cumulative Perpetual Preferred Stock Series A,$16.20,-0.11,-0.674%,,United States,,27265,,
BOH^B,Bank of Hawaii Corporation Depositary Shares Each Representing a 1/40th Interest in a Share of 8.000% Fixed Rate Non-Cumulative Perpetual Preferred Stock Series B,$26.46,0.08,0.303%,,United States,,8888,,
BOKF,BOK Financial Corporation Common Stock,$125.32,-0.25,-0.199%,7606509817.00,United States,,292271,Finance,Major Banks
BOLD,Boundless Bio Inc. Common Stock,$1.14,0.01,0.885%,25519597.00,United States,2024,76594,Health Care,Biotechnology: Pharmaceutical Preparations
BOLT,Bolt Biotherapeutics Inc. Common Stock,$4.12,-0.18,-4.186%,7908097.00,United States,2021,43874,Health Care,Biotechnology: Pharmaceutical Preparations
BON,Bon Natural Life Limited Class A Ordinary Shares,$1.49,0.03,2.055%,12111927.00,China,2021,33043,Health Care, Medicinal Chemicals and Botanical Products 
BOOM,DMC Global Inc. Common Stock,$5.26,-0.17,-3.131%,107755908.00,United States,,445022,Industrials,Industrial Specialties
BOOT,Boot Barn Holdings Inc. Common Stock,$173.87,-4.27,-2.397%,5289200338.00,United States,2014,1015716,Consumer Discretionary,Clothing/Shoe/Accessory Stores
BORR,Borr Drilling Limited Common Shares,$5.57,0.03,0.542%,1709281485.00,Bermuda,2019,7953991,Energy,Oil & Gas Production
BOSC,B.O.S. Better Online Solutions Common Stock,$4.85,0.12,2.537%,29996047.00,Israel,,40003,Telecommunications,Computer Communications Equipment
BOTJ,Bank of the James Financial Group Inc. Common Stock,$19.82,-0.16,-0.801%,90048959.00,United States,,1973,Finance,Major Banks
BOW,Bowhead Specialty Holdings Inc. Common Stock,$23.50,-0.31,-1.302%,770411099.00,United States,2024,280566,Finance,Property-Casualty Insurers
BOX,Box Inc. Class A Common Stock,$25.44,-0.21,-0.819%,3643715690.00,United States,2015,2411249,Technology,Computer Software: Prepackaged Software
BOXL,Boxlight Corporation Class A Common Stock,$1.29,-0.01,-0.769%,5375000.00,United States,2017,137879,Real Estate,Other Consumer Services
BP,BP p.l.c. Common Stock,$40.65,0.21,0.519%,106044486089.00,United Kingdom,,22061462,Energy,Integrated oil Companies
BPAC,Blueport Acquisition Ltd Class A Ordinary Shares,$9.98,0.00,0.00%,0.00,United States,2026,5,,
BPACU,Blueport Acquisition Ltd Units,$10.1708,0.00,0.00%,0.00,United States,2025,4,Finance,Blank Checks
BPOP,Popular Inc. Common Stock,$129.70,-1.08,-0.826%,8444027969.00,United States,,908640,Finance,Major Banks
BPOPM,Popular Inc. Popular Capital Trust II - 6.125% Cumulative Monthly Income Trust Preferred Securities,$25.48,0.19,0.751%,1658857615.00,United States,,799,Finance,Major Banks
BPRE,Bluerock Private Real Estate Fund Common Shares of Beneficial Interest,$16.69,-0.24,-1.418%,0.00,,2025,465820,,
BPRN,Princeton Bancorp Inc. Common Stock (PA),$33.66,-0.06,-0.178%,227637834.00,United States,,15446,Finance,Major Banks
BPYPM,Brookfield Property Partners L.P. 6.25% Class A Cumulative Redeemable Preferred Units Series 1,$15.49,-0.50,-3.127%,16103101171.00,Bermuda,,30115,Finance,Real Estate
BPYPN,Brookfield Property Partners L.P. 5.750% Class A Cumulative Redeemable Perpetual Preferred Units Series 3,$13.58,-0.1201,-0.877%,14117502511.00,Bermuda,,32876,Finance,Real Estate
BPYPO,Brookfield Property Partners L.P. 6.375% Class A Cumulative Redeemable Perpetual Preferred Units Series 2,$14.80,-0.1989,-1.326%,15385790660.00,Bermuda,,18821,Finance,Real Estate
BPYPP,Brookfield Property Partners L.P. 6.50% Class A Cumulative Redeemable Perpetual Preferred Units,$15.50,-0.1938,-1.235%,16113496975.00,Bermuda,,38144,Finance,Real Estate
BQ,Boqii Holding Limited Class A Ordinary Shares,$1.28,0.0252,2.008%,3570811.00,,2025,49886,Consumer Discretionary,Other Specialty Stores
BR,Broadridge Financial Solutions Inc. Common Stock,$189.01,-7.87,-3.997%,22066674622.00,United States,,2449934,Real Estate,Real Estate
BRAG,Bragg Gaming Group Inc. Common Shares,$1.53,-0.08,-4.969%,38937701.00,Canada,,37384,Technology,Office Equipment/Supplies/Services
BRAI,Braiin Limited Common Stock,$24.59,-3.65,-12.925%,1689236509.00,Australia,,32078,Technology,EDP Services
BRBI,BRBI BR Partners S.A. ADSs,$14.46,0.42,2.991%,724974455.00,Brazil,,1805,Finance,Finance: Consumer Services
BRBR,BellRing Brands Inc. Common Stock ,$16.46,-0.93,-5.348%,1930256349.00,United States,2022,4053699,Consumer Staples,Packaged Foods
BRBS,Blue Ridge Bankshares Inc. Common Stock,$3.97,-0.02,-0.501%,363209984.00,United States,,278201,Finance,Major Banks
BRC,Brady Corporation Common Stock,$87.44,-2.08,-2.324%,4129619730.00,United States,,227263,Consumer Discretionary,Miscellaneous manufacturing industries
BRCB,Black Rock Coffee Bar Inc. Class A Common Stock,$15.76,-0.87,-5.232%,788879518.00,United States,2025,577629,Consumer Discretionary,Restaurants
BRCC,BRC Inc. Class A Common Stock,$0.8923,0.1079,13.756%,221915149.00,United States,2022,1817107,Consumer Staples,Beverages (Production/Distribution)
BRFH,Barfresh Food Group Inc. Common Stock,$2.86,0.19,7.116%,45672144.00,United States,,19938,Consumer Staples,Packaged Foods
BRIA,BrilliA Inc Class A Ordinary Shares,$1.94,-0.0252,-1.282%,59412500.00,,2024,1638,Consumer Discretionary,Apparel
BRID,Bridgford Foods Corporation Common Stock,$7.37,0.085,1.167%,66896252.00,United States,,3089,Consumer Staples,Specialty Foods
BRK/A,Berkshire Hathaway Inc.,$745200.00,-2600.01,-0.348%,1096095304800.00,United States,,248,,
BRK/B,Berkshire Hathaway Inc.,$497.20,-1.78,-0.357%,1096978013661.00,United States,,5830572,,
BRKR,Bruker Corporation Common Stock,$37.20,0.52,1.418%,5662556100.00,United States,,2741705,Industrials,Biotechnology: Laboratory Analytical Instruments
BRKRP,Bruker Corporation 6.375% Mandatory Convertible Preferred Stock Series A,$295.21,4.51,1.551%,44936644793.00,United States,,154885,Industrials,Biotechnology: Laboratory Analytical Instruments
BRLS,Borealis Foods Inc. Class A Common Shares,$1.65,-0.04,-2.367%,35414455.00,Canada,2021,14117,Consumer Staples,Packaged Foods
BRLSW,Borealis Foods Inc. Warrant,$0.0658,0.0056,9.302%,1412286.00,Canada,2021,500,Consumer Staples,Packaged Foods
BRLT,Brilliant Earth Group Inc. Class A Common Stock,$1.31,-0.04,-2.963%,131147416.00,United States,2021,97776,Consumer Discretionary,Consumer Specialties
BRN,Barnwell Industries Inc. Common Stock,$1.09,-0.13,-10.656%,13697282.00,United States,1965,935087,Energy,Oil & Gas Production
BRNS,Barinthus Biotherapeutics plc American Depositary Shares,$0.5621,-0.0409,-6.783%,22950741.00,United Kingdom,2021,13465,Health Care,Biotechnology: Pharmaceutical Preparations
BRO,Brown & Brown Inc. Common Stock,$71.04,-2.46,-3.347%,24183438434.00,United States,,3227121,Finance,Specialty Insurers
BROS,Dutch Bros Inc. Class A Common Stock,$52.45,1.14,2.222%,8630384149.00,United States,2021,5443380,Consumer Discretionary,Restaurants
BRR,ProCap Financial Inc. Common Stock,$2.84,0.165,6.168%,236920681.00,United States,2025,1247425,Finance,Finance: Consumer Services
BRRWW,ProCap Financial Inc. Warrant,$0.4485,-0.0145,-3.132%,37415115.00,United States,2025,94950,Finance,Finance: Consumer Services
BRSL,Brightstar Lottery PLC Trading under the Legal Name to begin at the market open on July 21 2025. Ordinary Shares,$13.29,-0.11,-0.821%,2452005000.00,United States,2015,964236,Consumer Discretionary,Services-Misc. Amusement & Recreation
BRSP,BrightSpire Capital Inc. Class A Common Stock,$5.71,0.01,0.175%,734461575.00,United States,2018,1126899,Real Estate,Real Estate Investment Trusts
BRT,BRT Apartments Corp. (MD) Common Stock,$14.39,-0.24,-1.64%,273703470.00,United States,,55795,Real Estate,Real Estate Investment Trusts
BRTX,BioRestorative Therapies Inc. Common Stock (NV),$0.232,0.0191,8.971%,2098728.00,United States,,4845432,Health Care,Managed Health Care
BRW,Saba Capital Income & Opportunities Fund SBI,$6.51,-0.05,-0.762%,0.00,United States,,392836,Finance,Trusts Except Educational Religious and Charitable
BRX,Brixmor Property Group Inc. Common Stock,$29.93,-0.14,-0.466%,9176231457.00,United States,2013,3708345,Real Estate,Real Estate Investment Trusts
BRZE,Braze Inc. Class A Common Stock,$20.015,-0.125,-0.621%,2245993192.00,United States,2021,2139047,Technology,Computer Software: Prepackaged Software
BSAAR,BEST SPAC I Acquisition Corp. Rights,$0.16,-0.005,-3.03%,0.00,Hong Kong,2025,500,Finance,Blank Checks
BSAAU,BEST SPAC I Acquisition Corp. Unit ,$10.34,-0.01,-0.097%,0.00,Hong Kong,2025,1100,Finance,Blank Checks
BSAC,Banco Santander - Chile ADS,$32.22,0.95,3.038%,15179335514.00,Chile,,527576,Finance,Commercial Banks
BSBK,Bogota Financial Corp. Common Stock,$8.46,0.17,2.051%,109715177.00,United States,2020,21193,Finance,Banks
BSBR,Banco Santander Brasil SA American Depositary Shares each representing one unit,$6.09,0.09,1.50%,45499596618.00,Brazil,2009,1776714,Finance,Commercial Banks
BSET,Bassett Furniture Industries Incorporated Common Stock,$14.09,-0.40,-2.761%,121940073.00,United States,,39387,Consumer Discretionary,Home Furnishings
BSL,Blackstone Senior Floating Rate 2027 Term Fund Common Shares of Beneficial Interest,$12.66,-0.03,-0.236%,0.00,United States,2010,48787,Finance,Trusts Except Educational Religious and Charitable
BSM,Black Stone Minerals L.P. Common units representing limited partner interests,$15.29,0.10,0.658%,3471518233.00,United States,2015,399881,Energy,Oil & Gas Production
BSRR,Sierra Bancorp Common Stock,$33.50,-0.29,-0.858%,441747851.00,United States,,77037,Finance,Major Banks
BST,BlackRock Science and Technology Trust Common Shares of Beneficial Interest,$39.00,-0.13,-0.332%,864155370.00,United States,2014,101316,Finance,Finance Companies
BSTZ,BlackRock Science and Technology Term Trust Common Shares of Beneficial Interest,$21.06,-0.11,-0.52%,466643900.00,United States,2019,321323,Finance,Trusts Except Educational Religious and Charitable
BSVN,Bank7 Corp. Common stock,$40.13,-1.29,-3.114%,379364541.00,United States,2018,14452,Finance,Major Banks
BSX,Boston Scientific Corporation Common Stock,$71.90,0.55,0.771%,106691364286.00,United States,,11649700,Health Care,Medical/Dental Instruments
BSY,Bentley Systems Incorporated Class B Common Stock,$40.22,0.43,1.081%,12182429580.00,United States,2020,2596573,Technology,Computer Software: Prepackaged Software
BTAI,BioXcel Therapeutics Inc. Common Stock,$1.73,0.25,16.892%,37834219.00,United States,2018,2252135,Health Care,Biotechnology: Pharmaceutical Preparations
BTBD,BT Brands Inc. Common Stock,$1.70,0.16,10.39%,13336014.00,United States,2021,1627636,Consumer Discretionary,Restaurants
BTBDW,BT Brands Inc. Warrant,$0.1997,0.0398,24.891%,1566589.00,United States,2021,22535,Consumer Discretionary,Restaurants
BTBT,Bit Digital Inc. Ordinary Shares,$1.67,0.05,3.086%,540536968.00,United States,2018,16917053,Finance,Finance: Consumer Services
BTCS,BTCS Inc. Common Stock,$1.82,0.06,3.409%,87092056.00,United States,,895287,Finance,Finance: Consumer Services
BTCT,BTC Digital Ltd. Ordinary Shares,$1.31,-0.06,-4.38%,8428592.00,China,,69534,Real Estate,Other Consumer Services
BTDR,Bitdeer Technologies Group Class A Ordinary Shares,$7.42,0.14,1.923%,1788406346.00,Singapore,,6263430,Finance,Finance: Consumer Services
BTE,Baytex Energy Corp Common Shares,$3.96,0.01,0.253%,3031776000.00,Canada,2023,21620084,Energy,Oil & Gas Production
BTG,B2Gold Corp Common shares (Canada),$5.27,-0.05,-0.94%,7065077181.00,Canada,,21563012,Basic Materials,Precious Metals
BTGO,BitGo Holdings Inc. Class A Common Stock,$10.89,0.18,1.681%,1258862144.00,,2026,347756,Finance,Finance: Consumer Services
BTI,British American Tobacco  Industries p.l.c. Common Stock ADR,$58.33,0.46,0.795%,127267023166.00,United Kingdom,1998,4117150,Health Care, Medicinal Chemicals and Botanical Products 
BTM,Bitcoin Depot Inc. Class A Common Stock,$4.73,-0.18,-3.666%,49558282.00,United States,2022,189936,Finance,Finance: Consumer Services
BTMD,Biote Corp. Class A Common Stock,$1.79,-0.085,-4.533%,81736108.00,United States,,241060,Health Care, Medicinal Chemicals and Botanical Products 
BTMWW,Bitcoin Depot Inc. Warrant,$0.0498,0.0008,1.633%,521776.00,United States,2022,232903,Finance,Finance: Consumer Services
BTO,John Hancock Financial Opportunities Fund Common Stock,$34.61,-0.36,-1.029%,0.00,United States,1994,53606,Finance,Investment Managers
BTOC,Armlogi Holding Corp. Common Stock,$0.2861,0.0166,6.16%,13001265.00,United States,2024,338721,Consumer Discretionary,Office Equipment/Supplies/Services
BTOG,Bit Origin Limited Class A Ordinary Shares,$2.98,0.45,17.787%,4400989.00,United States,2019,76712,Finance,Finance: Consumer Services
BTQ,BTQ Technologies Corp. Common Stock,$3.13,-0.02,-0.635%,438281161.00,Canada,,2329086,,
BTSG,BrightSpring Health Services Inc. Common Stock,$42.23,0.74,1.784%,8173061176.00,United States,2024,2018706,Health Care,Medical/Nursing Services
BTSGU,BrightSpring Health Services Inc. Tangible Equity Unit,$139.38,1.98,1.441%,26975166153.00,United States,2024,1120,Health Care,Medical/Nursing Services
BTT,BlackRock Municipal 2030 Target Term Trust,$22.78,-0.07,-0.306%,0.00,United States,2012,77726,Finance,Investment Managers
BTTC,Black Titan Corporation Ordinary Shares,$1.50,0.07,4.895%,1995351.00,Malaysia,,23914,Health Care,Biotechnology: Biological Products (No Diagnostic Substances)
BTU,Peabody Energy Corporation Common Stock ,$33.28,1.16,3.611%,4051769213.00,United States,2017,2521490,Energy,Coal Mining
BTX,BlackRock Technology and Private Equity Term Trust Common Shares of Beneficial Interest,$6.36,-0.06,-0.935%,1499663667.00,United States,2021,806448,,
BTZ,BlackRock Credit Allocation Income Trust,$10.25,-0.07,-0.678%,1108383750.00,United States,2006,588465,Finance,Finance Companies
BUD,Anheuser-Busch Inbev SA Sponsored ADR (Belgium),$73.16,-0.49,-0.665%,131483151561.00,Belgium,,1906950,Consumer Staples,Beverages (Production/Distribution)
BUDA,Buda Juice Inc. Common Stock,$9.00,0.31,3.567%,114000003.00,,2026,21927,Consumer Staples,Beverages (Production/Distribution)
BUI,BlackRock Utility Infrastructure & Power Opportunities Trust,$28.26,-1.83,-6.082%,0.00,United States,2011,341906,Finance,Trusts Except Educational Religious and Charitable
BULL,Webull Corporation Class A Ordinary Shares,$5.49,0.04,0.734%,2761040633.00,United States,,11989449,Finance,Investment Bankers/Brokers/Service
BULLW,Webull Corporation Warrants,$1.55,-0.07,-4.321%,779528776.00,United States,,1104,Finance,Investment Bankers/Brokers/Service
BUR,Burford Capital Limited Ordinary Shares,$8.27,0.50,6.435%,1809571858.00,,2020,3674962,Finance,Finance: Consumer Services
BURL,Burlington Stores Inc. Common Stock,$301.52,-4.12,-1.348%,18973750849.00,United States,2013,1531742,Consumer Discretionary,Department/Specialty Retail Stores
BURU,Nuburu Inc. Common Stock,$0.2846,-0.0136,-4.561%,34738370.00,United States,,54286363,Miscellaneous,Industrial Machinery/Components
BUSE,First Busey Corporation Class A Common Stock,$25.04,-0.07,-0.279%,2159135323.00,United States,,540128,Finance,Major Banks
BUSEP,First Busey Corporation Depositary Shares Each Representing a 1/40thInterest in a Share of 8.25% Fixed-Rate Series B Non-Cumulative Perpetual Preferred Stock $0.001 par value,$25.76,-0.22,-0.847%,2221219086.00,United States,,37765,Finance,Major Banks
BUUU,BUUU Group Limited Class A Ordinary Share,$13.26,0.60,4.739%,221110500.00,Hong Kong,2025,2010,Consumer Discretionary,Services-Misc. Amusement & Recreation
BV,BrightView Holdings Inc. Common Stock,$12.48,-0.24,-1.887%,1175616000.00,United States,2018,838608,Real Estate,Real Estate
BVC,BitVentures Limited Ordinary Shares,$7.8699,0.3594,4.785%,1322143200.00,China,2021,1934,,
BVFL,BV Financial Inc. Common Stock,$18.80,-0.23,-1.209%,167393828.00,United States,2023,25330,Finance,Savings Institutions
BVN,Buenaventura Mining Company Inc.,$37.51,0.48,1.296%,9527047381.00,Peru,1996,1676509,Basic Materials,Metal Mining
BVS,Bioventus Inc. Class A Common Stock,$8.61,0.20,2.378%,715962733.00,United States,2021,634536,Health Care,Medical/Dental Instruments
BW,Babcock & Wilcox Enterprises Inc. Common Stock,$13.49,0.39,2.977%,1498740349.00,United States,2015,5249207,Industrials,Building Products
BW^A,Babcock & Wilcox Enterprises Inc. 7.75% Series A Cumulative Perpetual Preferred Stock,$20.82,-0.10,-0.478%,,United States,,20656,,
BWA,BorgWarner Inc. Common Stock,$53.25,1.45,2.799%,11025346896.00,United States,,3702616,Consumer Discretionary,Auto Parts:O.E.M.
BWAY,BrainsWay Ltd. American Depositary Shares,$12.66,0.32,2.593%,956835862.00,Israel,2019,141201,Health Care,Medical/Dental Instruments
BWB,Bridgewater Bancshares Inc. Common Stock,$17.45,-0.25,-1.412%,485531679.00,United States,2018,66945,Finance,Major Banks
BWBBP,Bridgewater Bancshares Inc. Depositary Shares Each Representing a 1/100th Interest in a Share of 5.875% Non-Cumulative Perpetual Preferred Stock Series A,$20.565,-0.055,-0.267%,572203953.00,United States,,4972,Finance,Major Banks
BWEN,Broadwind Inc. Common Stock,$2.33,0.02,0.866%,54058302.00,United States,,141586,Telecommunications,Metal Fabrications
BWFG,Bankwell Financial Group Inc. Common Stock,$46.50,0.18,0.389%,370920642.00,United States,2014,28038,Finance,Major Banks
BWG,BrandywineGLOBAL Global Income Opportunities Fund Inc.,$7.83,-0.12,-1.509%,0.00,United States,2012,338929,Finance,Finance/Investors Services
BWIN,The Baldwin Insurance Group Inc. Class A Common Stock,$20.01,-1.02,-4.85%,2858576594.00,United States,2019,2024141,Finance,Specialty Insurers
BWLP,BW LPG Limited Common Shares,$16.94,-0.11,-0.645%,2567061224.00,,2024,1073121,Consumer Discretionary,Transportation Services
BWMN,Bowman Consulting Group Ltd. Common Stock,$30.04,0.77,2.631%,514390210.00,United States,2021,235805,Consumer Discretionary,Professional Services
BWMX,Betterware de Mexico S.A.P.I. de C.V. Ordinary Shares,$17.34,-0.18,-1.027%,647068908.00,Mexico,,160708,Consumer Discretionary,Catalog/Specialty Distribution
BWNB,Babcock & Wilcox Enterprises Inc. 6.50% Senior Notes due 2026,$25.00,-0.02,-0.08%,2527438550.00,United States,2021,8478,Industrials,Building Products
BWXT,BWX Technologies Inc. Common Stock,$200.39,5.16,2.643%,18324681184.00,United States,,1027555,Industrials,Industrial Machinery/Components
BX,Blackstone Inc. Common Stock,$110.65,0.25,0.226%,82122298549.00,United States,2007,10434324,Finance,Investment Managers
BXC,Bluelinx Holdings Inc. Common Stock,$58.52,-1.42,-2.369%,460366540.00,United States,2004,177829,Consumer Discretionary,Wholesale Distributors
BXMT,Blackstone Mortgage Trust Inc. Common Stock,$19.24,0.04,0.208%,3246531472.00,United States,,1060395,Real Estate,Real Estate Investment Trusts
BXMX,Nuveen S&P 500 Buy-Write Income Fund Common Shares of Beneficial Interest,$14.30,-0.12,-0.832%,0.00,United States,,221823,Finance,Investment Managers
BXP,BXP Inc. Common Stock,$52.48,-0.46,-0.869%,8324856428.00,United States,1997,3778351,Real Estate,Real Estate Investment Trusts
BXSL,Blackstone Secured Lending Fund Common Shares of Beneficial Interest,$24.08,0.26,1.092%,0.00,,2021,3645919,Finance,Trusts Except Educational Religious and Charitable
BY,Byline Bancorp Inc. Common Stock,$30.95,0.13,0.422%,1411031886.00,United States,2017,187791,Finance,Major Banks
BYAH,Park Ha Biological Technology Co. Ltd. Class A Ordinary Shares,$1.50,-0.04,-2.597%,4830786.00,China,2024,435735,Consumer Discretionary,Package Goods/Cosmetics
BYD,Boyd Gaming Corporation Common Stock,$80.50,0.37,0.462%,6077122422.00,United States,1993,1101703,Consumer Discretionary,Hotels/Resorts
BYFC,Broadway Financial Corporation Class A Common Stock,$7.79,-0.09,-1.142%,73441440.00,United States,,1191,Finance,Savings Institutions
BYND,Beyond Meat Inc. Common Stock,$0.7629,-0.0299,-3.771%,346114942.00,United States,2019,28607292,Consumer Staples,Packaged Foods
BYRN,Byrna Technologies Inc. Common Stock,$10.80,-1.19,-9.925%,244849856.00,United States,,583412,Miscellaneous,Industrial Machinery/Components
BYSI,BeyondSpring Inc. Ordinary Shares,$1.48,0.03,2.069%,59691834.00,United States,2017,26447,Health Care,Biotechnology: Pharmaceutical Preparations
BZ,KANZHUN LIMITED American Depository Shares,$15.07,-0.07,-0.462%,6551467044.00,China,2021,5723852,Technology,Computer Software: Programming Data Processing
BZAI,Blaize Holdings Inc. Common Stock,$1.11,0.02,1.835%,135467808.00,United States,2025,2000298,Finance,Blank Checks
BZAIW,Blaize Holdings Inc. Warrants,$0.305,0.048,18.677%,37223136.00,United States,2025,18712,Finance,Blank Checks
BZFD,BuzzFeed Inc. Class A Common Stock,$0.8032,0.0123,1.555%,29885364.00,United States,2021,56881,Consumer Discretionary,Telecommunications Equipment
BZFDW,BuzzFeed Inc. Warrant,$0.0181,0.0022,13.836%,673463.00,United States,2021,9911,Consumer Discretionary,Telecommunications Equipment
BZH,Beazer Homes USA Inc. Common Stock,$22.02,-0.19,-0.855%,649739868.00,United States,1994,458654,Consumer Discretionary,Homebuilding
BZUN,Baozun Inc. American Depositary Shares,$2.35,-0.03,-1.261%,135706975.00,China,2015,129533,Consumer Discretionary,Catalog/Specialty Distribution
C,Citigroup Inc. Common Stock,$106.59,0.06,0.056%,186459913169.00,United States,,18508208,Finance,Major Banks
C^N,Citigroup Capital XIII 7.875% Fixed rate Floating Rate trust Preferred Securities (TruPS),$29.74,-0.02,-0.067%,,United States,,160352,,
C^R,Citigroup Inc. Depositary Shares Each Representing a 1/1000th Interest in a Share of 6.250% Noncumulative Preferred Stock Series II,$25.16,-0.17,-0.671%,,United States,,252041,,
CAAP,Corporacion America Airports SA Common Shares,$25.52,0.10,0.393%,4111026549.00,,2018,274914,Consumer Discretionary,Aerospace
CAAS,China Automotive Systems Inc. Ordinary Share,$4.17,0.01,0.24%,125811827.00,China,,17757,Consumer Discretionary,Auto Parts:O.E.M.
CABA,Cabaletta Bio Inc. Common Stock,$3.27,0.10,3.155%,314787217.00,United States,2019,1612342,Health Care,Biotechnology: Biological Products (No Diagnostic Substances)
CABO,Cable One Inc. Common Stock,$108.79,-2.54,-2.282%,617076680.00,United States,2015,125806,Telecommunications,Cable & Other Pay Television Services
CABR,Caring Brands Inc. Common Stock,$0.81,-0.04,-4.706%,11126909.00,United States,,43351,Consumer Discretionary,Package Goods/Cosmetics
CAC,Camden National Corporation Common Stock,$45.83,-0.09,-0.196%,775545572.00,United States,,87227,Finance,Major Banks
CACC,Credit Acceptance Corporation Common Stock,$501.53,3.65,0.733%,5390284953.00,United States,1992,310886,Finance,Finance: Consumer Services
CACI,CACI International Inc. Class A Common Stock,$633.21,17.21,2.794%,13984932955.00,United States,,398557,Technology,EDP Services
CADL,Candel Therapeutics Inc. Common Stock,$5.13,0.19,3.846%,281615705.00,United States,2021,1830979,Health Care,Biotechnology: Biological Products (No Diagnostic Substances)
CAE,CAE Inc. Ordinary Shares,$29.06,-0.59,-1.99%,9351660943.00,Canada,,724004,Miscellaneous,Industrial Machinery/Components
CAEP,Cantor Equity Partners III Inc. Class A Ordinary Shares,$10.26,0.01,0.098%,0.00,United States,2025,51250,,
CAF,Morgan Stanley China A Share Fund Inc. Common Stock,$17.74,-0.12,-0.672%,0.00,United States,2006,45579,Finance,Investment Managers
CAG,ConAgra Brands Inc. Common Stock,$18.66,-0.36,-1.893%,8926374404.00,United States,,11005067,Consumer Staples,Packaged Foods
CAH,Cardinal Health Inc. Common Stock,$222.28,4.50,2.066%,52306044036.00,United States,,2555180,Health Care,Other Pharmaceuticals
CAI,Caris Life Sciences Inc. Common Stock,$19.00,0.41,2.205%,5369018461.00,United States,2025,2688547,Health Care,Medical Specialities
CAKE,Cheesecake Factory Incorporated (The) Common Stock,$62.99,1.28,2.074%,3140624142.00,United States,1992,1252469,Consumer Discretionary,Restaurants
CAL,Caleres Inc. Common Stock,$10.09,-0.51,-4.811%,342006221.00,United States,,851128,Consumer Discretionary,Shoe Manufacturing
CALC,CalciMedica Inc. Common Stock,$0.7311,0.0041,0.564%,11510377.00,United States,2023,311499,Health Care,Biotechnology: Pharmaceutical Preparations
CALM,Cal-Maine Foods Inc. Common Stock,$87.80,-2.04,-2.271%,4184025239.00,United States,1996,669957,Consumer Staples,Farming/Seeds/Milling
CALX,Calix Inc Common Stock,$50.95,0.48,0.951%,3342710430.00,United States,2010,564710,Consumer Discretionary,Telecommunications Equipment
CALY,Callaway Golf Company Common Stock,$13.34,0.39,3.012%,2455817642.00,United States,,3289484,Consumer Discretionary,Recreational Games/Products/Toys
CAMP,CAMP4 Therapeutics Corporation Common Stock,$6.275,2.075,49.405%,325793739.00,United States,2024,5910218,,
CAMT,Camtek Ltd. Ordinary Shares,$155.24,7.93,5.383%,7078086144.00,Israel,2000,670280,Technology,Electronic Components
CAN,Canaan Inc. American Depositary Shares,$0.5096,-0.0018,-0.352%,214166310.00,China,2019,7054303,Technology,Semiconductors
CANF,Can-Fite Biopharma Ltd American Depositary Shares each representing two (2) Ordinary Shares,$4.08,-0.47,-10.33%,5344800.00,Israel,,250843,Health Care,Biotechnology: Pharmaceutical Preparations
CANG,Cango Inc. Class A Ordinary Shares,$0.635,-0.0627,-8.987%,65905452.00,China,2025,1576417,Technology,Computer Software: Prepackaged Software
CAPL,CrossAmerica Partners LP Common Units representing limited partner interests,$22.38,-0.09,-0.401%,853463046.00,United States,2012,67775,Energy,Oil Refining/Marketing
CAPN,Cayson Acquisition Corp Ordinary shares,$10.91,0.13,1.206%,0.00,United States,2024,4662,,
CAPNR,Cayson Acquisition Corp Right,$0.181,-0.059,-24.583%,0.00,United States,2024,2614,Finance,Blank Checks
CAPR,Capricor Therapeutics Inc. Common Stock,$30.63,2.73,9.785%,1584090944.00,United States,,2665992,Health Care,Biotechnology: Pharmaceutical Preparations
CAPS,Capstone Holding Corp. Common Stock,$0.63,0.01,1.613%,5725360.00,United States,,18789,Health Care,Biotechnology: Pharmaceutical Preparations
CAPT,Captivision Inc. Ordinary Shares,$0.4252,-0.0219,-4.898%,13763517.00,United Kingdom,,137312,Miscellaneous,Industrial Machinery/Components
CAPTW,Captivision Inc. Warrant,$0.0301,-0.0002,-0.66%,974322.00,United Kingdom,,18024,Miscellaneous,Industrial Machinery/Components
CAQUU,Cambridge Acquisition Corp. Unit,$9.91,-0.03,-0.302%,0.00,United States,2026,100,,
CAR,Avis Budget Group Inc. Common Stock,$95.89,-1.62,-1.661%,3380952140.00,United States,,619342,Consumer Discretionary,Rental/Leasing Companies
CARE,Carter Bankshares Inc. Common Stock,$20.40,-0.16,-0.778%,452154841.00,United States,,194205,Finance,Major Banks
CARG,CarGurus Inc. Class A Common Stock ,$33.85,0.19,0.564%,3222152626.00,United States,2017,1226707,Technology,EDP Services
CARL,Carlsmed Inc. Common Stock,$11.94,-0.06,-0.50%,319179984.00,United States,2025,113700,Health Care,Medical/Dental Instruments
CARR,Carrier Global Corporation Common Stock ,$58.72,0.37,0.634%,49080752751.00,United States,2020,7501438,Industrials,Industrial Machinery/Components
CARS,Cars.com Inc. Common Stock ,$7.98,-0.14,-1.724%,467921369.00,United States,2017,2054258,Technology,EDP Services
CART,Maplebear Inc. Common Stock,$38.85,0.76,1.995%,9347895198.00,United States,2023,9348279,Real Estate,Real Estate
CASH,Pathward Financial Inc. Common Stock,$90.07,0.16,0.178%,1960255108.00,United States,1993,283882,Finance,Major Banks
CASS,Cass Information Systems Inc Common Stock,$44.59,-0.21,-0.469%,583428001.00,United States,,52715,Real Estate,Real Estate
CASY,Casey's General Stores Inc. Common Stock,$664.54,-0.06,-0.009%,24632459656.00,United States,1983,981678,Consumer Discretionary,Retail-Auto Dealers and Gas Stations
CAT,Caterpillar Inc. Common Stock,$704.82,23.92,3.513%,327943817340.00,United States,,3581437,Industrials,Construction/Ag Equipment/Trucks
CATO,Cato Corporation (The) Class A Common Stock,$3.11,0.05,1.634%,61418165.00,United States,,25674,Consumer Discretionary,Clothing/Shoe/Accessory Stores
CATX,Perspective Therapeutics Inc. Common Stock,$5.20,0.23,4.628%,386557548.00,United States,,1395089,Health Care,Medical/Dental Instruments
CATY,Cathay General Bancorp Common Stock,$47.72,-0.76,-1.568%,3195219487.00,United States,,843801,Finance,Major Banks
CAVA,CAVA Group Inc. Common Stock,$81.81,3.22,4.097%,9520864955.00,United States,2023,2673599,Consumer Discretionary,Restaurants
CB,Chubb Limited  Common Stock,$324.40,-3.60,-1.098%,126566785469.00,Switzerland,,1737623,Finance,Property-Casualty Insurers
CBAN,Colony Bankcorp Inc. Common Stock,$19.60,-0.10,-0.508%,341718787.00,United States,,163009,Finance,Major Banks
CBAT,CBAK Energy Technology Inc. Common Stock,$1.02,0.01,0.99%,90418753.00,China,,89433,Miscellaneous,Industrial Machinery/Components
CBC,Central Bancompany Inc. Class A Common Stock,$24.24,0.18,0.748%,5779855896.00,United States,,579084,,
CBFV,CB Financial Services Inc. Common Stock,$33.74,-0.55,-1.604%,169067192.00,United States,,5057,Finance,Major Banks
CBIO,Crescent Biopharma Inc. Common Stock,$12.02,-0.05,-0.414%,331232339.00,United States,2014,68295,Health Care,Biotechnology: Pharmaceutical Preparations
CBK,Commercial Bancgroup Inc. Common Stock,$25.27,-0.295,-1.154%,309295804.00,United States,2025,31166,Finance,Major Banks
CBL,CBL & Associates Properties Inc. Common Stock,$38.21,1.10,2.964%,1183588680.00,United States,2021,197140,Real Estate,Real Estate Investment Trusts
CBLL,CeriBell Inc. Common Stock,$18.28,0.45,2.524%,688081666.00,United States,2024,249597,Health Care,Biotechnology: Electromedical & Electrotherapeutic Apparatus
CBNA,Chain Bridge Bancorp Inc. Class A Common Stock,$34.66,-0.12,-0.345%,227432577.00,,2024,5339,Finance,Major Banks
CBNK,Capital Bancorp Inc. Common Stock,$29.22,0.01,0.034%,482739617.00,United States,2018,49806,Finance,Major Banks
CBOE,Cboe Global Markets Inc. Common Stock,$299.20,-2.07,-0.687%,33456170000.00,,2010,994683,Finance,Investment Bankers/Brokers/Service
CBRE,CBRE Group Inc Common Stock Class A,$136.94,0.11,0.08%,40419012385.00,United States,,2578789,Finance,Real Estate
CBRL,Cracker Barrel Old Country Store Inc Common Stock,$29.08,-0.36,-1.223%,649967749.00,United States,1981,1462416,Consumer Discretionary,Restaurants
CBSH,Commerce Bancshares Inc. Common Stock,$49.60,-0.76,-1.509%,7285211941.00,United States,,1489182,Finance,Major Banks
CBT,Cabot Corporation Common Stock,$69.78,-0.24,-0.343%,3644023527.00,United States,,450111,Industrials,Major Chemicals
CBU,Community Financial System Inc. Common Stock,$58.30,-0.61,-1.035%,3073805177.00,United States,,229354,Finance,Major Banks
CBUS,Cibus Inc. Class A Common Stock,$3.68,0.52,16.456%,248309722.00,United States,2017,386145,Industrials,Agricultural Chemicals
CBZ,CBIZ Inc. Common Stock,$27.54,-1.62,-5.556%,1379027605.00,United States,,1888382,Real Estate,Real Estate
CC,Chemours Company (The) Common Stock,$17.42,1.01,6.155%,2614486065.00,United States,2015,4728431,Industrials,Major Chemicals
CCAP,Crescent Capital BDC Inc. Common stock,$12.87,-0.11,-0.847%,475195046.00,United States,,174527,Finance,Finance: Consumer Services
CCB,Coastal Financial Corporation Common Stock,$76.70,-1.84,-2.343%,1166527462.00,United States,2018,217411,Finance,Major Banks
CCBG,Capital City Bank Group Common Stock,$42.54,0.05,0.118%,729657183.00,United States,,207814,Finance,Major Banks
CCC,CCC Intelligent Solutions Holdings Inc. Common Stock,$5.94,-0.32,-5.112%,3606328796.00,United States,,8820504,Technology,Computer Software: Prepackaged Software
CCCC,C4 Therapeutics Inc. Common Stock,$3.59,0.55,18.092%,350305648.00,United States,2020,6566755,Health Care,Biotechnology: Biological Products (No Diagnostic Substances)
CCD,Calamos Dynamic Convertible & Income Fund Common Stock,$21.64,-0.34,-1.547%,0.00,United States,,59607,Finance,Trusts Except Educational Religious and Charitable
CCEC,Capital Clean Energy Carriers Corp. Common Share,$21.36,-0.60,-2.732%,1254201806.00,Greece,2007,4694,Consumer Discretionary,Marine Transportation
CCEL,Cryo-Cell International Inc. Common Stock,$3.18,-0.06,-1.852%,25615377.00,United States,2022,9995,Health Care,Misc Health and Biotechnology Services
CCEP,Coca-Cola Europacific Partners plc Ordinary Shares,$101.60,1.38,1.377%,46124615193.00,United Kingdom,,1249875,Consumer Staples,Beverages (Production/Distribution)
CCG,Cheche Group Inc. Class A Ordinary Shares,$0.7713,-0.0088,-1.128%,62301560.00,China,,66372,Finance,Specialty Insurers
CCHH,CCH Holdings Ltd Ordinary Shares,$0.6726,0.049,7.858%,12947550.00,Malaysia,2025,1589311,Consumer Discretionary,Restaurants
CCI,Crown Castle Inc. Common Stock,$89.73,-0.70,-0.774%,39128600222.00,United States,,2770397,Real Estate,Real Estate Investment Trusts
CCID,Carlyle Credit Income Fund 7.375% Series D Term Preferred Shares due 2028,$25.06,0.05,0.20%,0.00,,,4283,,
CCIF,Carlyle Credit Income Fund Shares of Beneficial Interest,$3.23,-0.01,-0.309%,0.00,,2019,122360,Finance,Finance/Investors Services
CCII,Cohen Circle Acquisition Corp. II Class A Ordinary Shares,$10.28,0.00,0.00%,0.00,United States,2025,58,,
CCIIU,Cohen Circle Acquisition Corp. II Unit,$10.36,-0.02,-0.193%,0.00,United States,2025,329,,
CCIIW,Cohen Circle Acquisition Corp. II Warrant,$0.77,-0.0199,-2.519%,0.00,United States,2025,164,,
CCIX,Churchill Capital Corp IX Ordinary Shares,$10.67,0.02,0.188%,0.00,United States,2024,38619,Technology,EDP Services
CCIXU,Churchill Capital Corp IX Unit,$10.50,0.00,0.00%,0.00,United States,2024,50,Technology,EDP Services
CCIXW,Churchill Capital Corp IX Warrant,$0.45,0.00,0.00%,0.00,United States,2024,1,Technology,EDP Services
CCJ,Cameco Corporation Common Stock,$116.14,6.46,5.89%,50582800065.00,Canada,1996,3303434,Basic Materials,Other Metals and Minerals
CCK,Crown Holdings Inc.,$105.12,-0.69,-0.652%,11902282325.00,United States,,2807904,Industrials,Containers/Packaging
CCL,Carnival Corporation Common Stock,$26.39,0.60,2.326%,38434768812.00,United States,1987,56024171,Consumer Discretionary,Marine Transportation
CCLD,CareCloud Inc. Common Stock,$2.73,-0.01,-0.365%,115743916.00,United States,2014,374607,Technology,Computer Software: Prepackaged Software
CCLDO,CareCloud Inc. 8.75% Series B Cumulative Redeemable Perpetual Preferred Stock,$25.695,0.155,0.607%,1089391917.00,United States,,1468,Technology,Computer Software: Prepackaged Software
CCM,Concord Medical Services Holdings Limited American Depositary Shares (Each represents thirty (30) Class A ordinary shares),$3.66,-0.14,-3.684%,15890706.00,China,2024,1992,Health Care,Medical/Nursing Services
CCNE,CNB Financial Corporation Common Stock,$27.36,-0.12,-0.437%,806469926.00,United States,,121278,Finance,Major Banks
CCNEP,CNB Financial Corporation Depositary Shares each representing a 1/40th ownership interest in a share of 7.125% Series A Fixed-Rate Non-Cumulative Perpetual Preferred Stock,$25.01,-0.1832,-0.727%,737200762.00,United States,,658,Finance,Major Banks
CCO,Clear Channel Outdoor Holdings Inc. Common Stock,$2.37,0.00,0.00%,1181416638.00,United States,2005,13377313,Consumer Discretionary,Advertising
CCOI,Cogent Communications Holdings Inc.,$22.50,-0.57,-2.471%,1126398555.00,United States,,1001982,Consumer Discretionary,Telecommunications Equipment
CCRN,Cross Country Healthcare Inc. Common Stock $0.0001 Par Value,$10.06,0.24,2.444%,329565117.00,United States,2001,821903,Consumer Discretionary,Professional Services
CCS,Century Communities Inc. Common Stock,$59.98,-1.43,-2.329%,1742449890.00,United States,2014,366692,Consumer Discretionary,Homebuilding
CCSI,Consensus Cloud Solutions Inc. Common Stock,$30.48,-0.07,-0.229%,575125139.00,United States,,133004,Technology,Computer Software: Prepackaged Software
CCTG,CCSC Technology International Holdings Limited Class A Ordinary Shares,$0.453,-0.0093,-2.012%,1772813.00,Hong Kong,2024,73975,Consumer Discretionary,Building Products
CCU,Compania Cervecerias Unidas S.A. Common Stock,$11.88,0.13,1.106%,877938819.00,Chile,,276861,Consumer Staples,Beverages (Production/Distribution)
CCXI,Churchill Capital Corp XI Class A Ordinary Shares,$10.16,0.00,0.00%,0.00,United States,2026,51,,
CCXIU,Churchill Capital Corp XI Units,$10.34,0.02,0.194%,0.00,United States,2025,60505,Finance,Blank Checks
CCXIW,Churchill Capital Corp XI Warrants,$0.8956,0.00,0.00%,0.00,United States,2026,17,,
CCZ,Comcast Holdings ZONES,$64.38,0.00,0.00%,231629325094.00,United States,,3,Telecommunications,Cable & Other Pay Television Services
CD,Chaince Digital Holdings Inc. Ordinary Shares,$5.19,-0.43,-7.651%,330533262.00,China,2015,200895,Finance,Finance: Consumer Services
CDE,Coeur Mining Inc. Common Stock,$22.70,0.06,0.265%,14575614499.00,United States,,20787211,Basic Materials,Precious Metals
CDIO,Cardio Diagnostics Holdings Inc. Common stock,$4.86,-0.44,-8.302%,8874608.00,United States,2022,573937,Health Care,Biotechnology: In Vitro & In Vivo Diagnostic Substances
CDIOW,Cardio Diagnostics Holdings Inc. Warrant,$0.0271,-0.007,-20.528%,49486.00,United States,2022,57351,Health Care,Biotechnology: In Vitro & In Vivo Diagnostic Substances
CDLR,Cadeler A/S American Depositary Share (each representing four (4) Ordinary Shares),$24.57,0.38,1.571%,2155756960.00,,2023,105156,Consumer Discretionary,Marine Transportation
CDLX,Cardlytics Inc. Common Stock,$0.7383,-0.0417,-5.346%,40646566.00,United States,2018,1100477,Technology,Computer Software: Programming Data Processing
CDNA,CareDx Inc. Common Stock,$17.74,-0.15,-0.838%,908577943.00,United States,2014,417837,Health Care,Medical Specialities
CDNL,Cardinal Infrastructure Group Inc. Class A Common Stock,$29.32,-0.50,-1.677%,1073304427.00,United States,2025,525286,Industrials,Military/Government/Technical
CDNS,Cadence Design Systems Inc. Common Stock,$298.05,1.11,0.374%,81263630550.00,United States,,2493910,Technology,Computer Software: Prepackaged Software
CDP,COPT Defense Properties Common Shares of Beneficial Interest,$32.41,0.36,1.123%,3669060261.00,United States,,1628263,Real Estate,Real Estate Investment Trusts
CDR^B,Cedar Realty Trust Inc. 7.25% Series B Cumulative Redeemable Preferred Stock,$19.85,-0.30,-1.489%,,United States,,1478,,
CDR^C,Cedar Realty Trust Inc. 6.50% Series C Cumulative Redeemable Preferred Stock,$19.59,-0.23,-1.16%,,United States,,5483,,
CDRE,Cadre Holdings Inc. Common Stock,$44.00,0.49,1.126%,1789209136.00,United States,2021,702621,Health Care,Industrial Specialties
CDRO,Codere Online Luxembourg S.A. Ordinary Shares,$8.00,-0.04,-0.498%,365126512.00,Luxembourg,,24624,Consumer Discretionary,Services-Misc. Amusement & Recreation
CDROW,Codere Online Luxembourg S.A. Warrants,$0.61,0.01,1.667%,27840897.00,Luxembourg,,17925,Consumer Discretionary,Services-Misc. Amusement & Recreation
CDT,CDT Equity Inc. Common Stock,$0.6848,0.0148,2.209%,3027475.00,United States,2022,48889,Health Care,Biotechnology: Pharmaceutical Preparations
CDTG,CDT Environmental Technology Investment Holdings Limited ordinary shares,$0.40,-0.0101,-2.463%,5410000.00,China,2024,190321,Industrials,Miscellaneous
CDW,CDW Corporation Common Stock,$120.74,-2.68,-2.171%,15574685815.00,United States,2013,1374564,Technology,Retail: Computer Software & Peripheral Equipment
CDXS,Codexis Inc. Common Stock,$1.25,0.02,1.626%,112905479.00,United States,2010,1124246,Industrials,Major Chemicals
CDZI,CADIZ Inc. Common Stock,$5.24,-0.08,-1.504%,435496814.00,United States,,616789,Utilities,Water Supply
CDZIP,Cadiz Inc. Depositary Shares,$19.38,-0.12,-0.615%,1610673331.00,United States,,9626,Utilities,Water Supply
CE,Celanese Corporation Common Stock,$51.45,2.13,4.319%,5758425899.00,United States,2005,3257576,Industrials,Major Chemicals
CECO,CECO Environmental Corp. Common Stock,$51.38,-1.15,-2.189%,1832509472.00,United States,1998,734223,Industrials,Pollution Control Equipment
CEE,The Central and Eastern Europe Fund Inc. (The) Common Stock,$18.30,0.23,1.273%,0.00,United States,,94922,Finance,Finance Companies
CEG,Constellation Energy Corporation Common Stock ,$322.99,4.3565,1.367%,116919258302.00,United States,,2732623,Utilities,Electric Utilities: Central
CELC,Celcuity Inc. Common Stock,$113.45,-1.55,-1.348%,5249474334.00,United States,2017,963099,Health Care,Medical Specialities
CELH,Celsius Holdings Inc. Common Stock,$43.31,0.39,0.909%,11129630257.00,United States,,6455394,Consumer Staples,Beverages (Production/Distribution)
CELU,Celularity Inc. Class A Common Stock,$1.25,0.04,3.306%,36047234.00,United States,2019,17478,Health Care,Biotechnology: Pharmaceutical Preparations
CELZ,Creative Medical Technology Holdings Inc. Common Stock,$1.91,0.03,1.596%,6674816.00,United States,,29858,Finance,Finance: Consumer Services
CENN,Cenntro Inc. Common Stock,$0.112,0.0041,3.80%,9846237.00,New Zealand,,766004,Industrials,Auto Manufacturing
CENT,Central Garden & Pet Company Common Stock,$36.90,-0.38,-1.019%,2297668499.00,United States,1993,53074,Consumer Discretionary,Consumer Specialties
CENTA,Central Garden & Pet Company Class A Common Stock Nonvoting,$32.28,-0.28,-0.86%,2009992931.00,United States,,222675,Consumer Discretionary,Consumer Specialties
CENX,Century Aluminum Company Common Stock,$54.45,0.76,1.416%,5389136859.00,United States,1996,2337827,Industrials,Aluminum
CEPF,Cantor Equity Partners IV Inc. Class A Ordinary Shares,$10.34,-0.01,-0.097%,0.00,United States,2025,2578,Finance,Blank Checks
CEPO,Cantor Equity Partners I Inc. Class A Ordinary Shares,$10.48,-0.02,-0.19%,0.00,United States,2025,17931,Finance,Blank Checks
CEPS,Cantor Equity Partners VI Inc. Class A Ordinary Shares,$10.14,0.00,0.00%,0.00,United States,2026,151,Finance,Blank Checks
CEPT,Cantor Equity Partners II Inc. Class A Ordinary Share,$11.21,0.15,1.356%,0.00,United States,2025,513408,Finance,Blank Checks
CEPU,Central Puerto S.A. American Depositary Shares (each represents ten Common Shares),$14.34,-0.03,-0.209%,2171107921.00,,2018,379487,Utilities,Electric Utilities: Central
CEPV,Cantor Equity Partners V Inc. Class A Ordinary Shares,$10.115,-0.015,-0.148%,0.00,United States,2025,5603,,
CERS,Cerus Corporation Common Stock,$1.93,0.00,0.00%,370891528.00,United States,1997,2032169,Technology,EDP Services
CERT,Certara Inc. Common Stock,$7.04,-0.02,-0.283%,1120342516.00,United States,2020,2852141,Technology,Computer Software: Prepackaged Software
CET,Central Securities Corporation Common Stock,$50.7565,-0.4135,-0.808%,12284352064.00,United States,1951,42166,Finance,Finance/Investors Services
CETX,Cemtrex Inc. Common Stock,$0.8081,-0.1224,-13.154%,8144104.00,United States,,1114099,Technology,Electrical Products
CETY,Clean Energy Technologies Inc. Common Stock,$0.9074,0.0272,3.09%,14619015.00,United States,,157064,Consumer Discretionary,Metal Fabrications
CEV,Eaton Vance California Municipal Income Trust Shares of Beneficial Interest,$10.515,-0.075,-0.708%,73958041.00,United States,1999,10552,Finance,Finance/Investors Services
CEVA,CEVA Inc. Common Stock,$19.69,0.56,2.927%,546478938.00,United States,,457723,Technology,Computer Software: Programming Data Processing
CF,CF Industries Holdings Inc. Common Stock,$111.04,-4.74,-4.094%,17063385884.00,United States,2005,10264309,Industrials,Agricultural Chemicals
CFBK,CF Bankshares Inc. Common Stock,$29.28,0.00,0.00%,186427956.00,United States,,59429,Finance,Major Banks
CFFI,C&F Financial Corporation Common Stock,$75.02,2.17,2.979%,244250191.00,United States,,6575,Finance,Major Banks
CFFN,Capitol Federal Financial Inc. Common Stock,$6.99,0.01,0.143%,907610762.00,United States,,1180795,Finance,Savings Institutions
CFG,Citizens Financial Group Inc. Common Stock,$58.31,0.27,0.465%,24780797040.00,United States,2014,7004955,Finance,Major Banks
CFG^E,Citizens Financial Group Inc. Depositary Shares Each Representing 1/40th Interest in a Share of 5.000% Fixed-Rate Non-Cumulative Perpetual Preferred Stock Series E,$19.68,-0.15,-0.756%,,United States,,34566,,
CFG^H,Citizens Financial Group Inc. Depositary Shares Each Representing a 1/40th Interest in a Share of 7.375% Fixed-Rate Non-Cumulative Perpetual Preferred Stock Series H,$26.13,0.01,0.038%,,United States,,27674,,
CFG^I,Citizens Financial Group Inc. Depositary Shares Each Representing a 1/40th Interest in a Share of 6.500% Fixed-Rate Reset Non-Cumulative Perpetual Preferred Stock Series I,$25.38,-0.02,-0.079%,,United States,,12399,,
CFLT,Confluent Inc. Class A Common Stock,$30.75,-0.02,-0.065%,10997568406.00,United States,2021,8687415,Technology,Computer Software: Prepackaged Software
CFND,C1 Fund Inc. Common Stock,$3.90,0.10,2.632%,0.00,,2025,11597,,
CFR,Cullen/Frost Bankers Inc. Common Stock,$134.46,-0.90,-0.665%,8498112952.00,United States,,826801,Finance,Major Banks
CFR^B,Cullen/Frost Bankers Inc. Depositary Shares each representing a 1/40th ownership interest in a share of 4.450% non-cumulative perpetual preferred stock Series B,$17.50,-0.15,-0.85%,,United States,,6536,,
CG,The Carlyle Group Inc. Common Stock,$48.82,-0.08,-0.164%,17632371491.00,United States,2012,3740475,Finance,Investment Managers
CGABL,The Carlyle Group Inc. 4.625% Subordinated Notes due 2061,$17.61,0.06,0.342%,6369623412.00,United States,,54523,Finance,Investment Managers
CGAU,Centerra Gold Inc. Common Shares,$18.93,0.21,1.122%,3818769382.00,Canada,2021,1182162,Basic Materials,Precious Metals
CGBD,Carlyle Secured Lending Inc. Common Stock,$10.87,-0.15,-1.361%,768258153.00,United States,2017,1090271,Finance,Finance: Consumer Services
CGC,Canopy Growth Corporation Common Shares,$1.07,0.00,0.00%,394064564.00,Canada,,10349472,Health Care, Medicinal Chemicals and Botanical Products 
CGCT,Cartesian Growth Corporation III Class A Ordinary Shares,$10.26,-0.01,-0.097%,0.00,United States,2025,9819,Finance,Blank Checks
CGCTU,Cartesian Growth Corporation III Unit,$10.79,0.19,1.792%,0.00,United States,2025,365,Finance,Blank Checks
CGCTW,Cartesian Growth Corporation III Warrant,$0.78,-0.02,-2.50%,0.00,United States,2025,2212,Finance,Blank Checks
CGEM,Cullinan Therapeutics Inc. Common Stock,$15.31,-0.43,-2.732%,904457525.00,United States,2021,864767,Health Care,Biotechnology: Biological Products (No Diagnostic Substances)
CGEN,Compugen Ltd. Ordinary Shares,$2.15,0.07,3.365%,203291373.00,Israel,2000,234818,Health Care,Biotechnology: Biological Products (No Diagnostic Substances)
CGNT,Cognyte Software Ltd. Ordinary Shares,$8.89,0.20,2.301%,639690538.00,Israel,,579594,Technology,Computer Software: Prepackaged Software
CGNX,Cognex Corporation Common Stock,$50.82,1.37,2.77%,8421276494.00,United States,1989,2954240,Industrials,Industrial Machinery/Components
CGO,Calamos Global Total Return Fund Common Stock,$11.50,-0.13,-1.118%,0.00,United States,2005,29741,Finance,Investment Managers
CGON,CG Oncology Inc. Common stock,$61.29,-0.59,-0.953%,5175033408.00,United States,2024,1242072,Health Care,Biotechnology: Biological Products (No Diagnostic Substances)
CGTL,Creative Global Technology Holdings Limited Class A Ordinary Shares,$1.34,0.04,3.077%,34471500.00,China,2024,119400,Technology,Retail: Computer Software & Peripheral Equipment
CGTX,Cognition Therapeutics Inc. Common Stock,$1.08,0.05,4.854%,95329524.00,United States,2021,882420,Health Care,Biotechnology: Biological Products (No Diagnostic Substances)
CHA,Chagee Holdings Limited American Depositary Shares,$10.65,-0.17,-1.571%,1978264019.00,China,2025,458028,Consumer Discretionary,Restaurants
CHAC,Crane Harbor Acquisition Corp. Class A Ordinary Shares,$10.28,-0.01,-0.097%,0.00,United States,2025,554560,,
CHACR,Crane Harbor Acquistion Corp. Rights,$0.70,0.0146,2.13%,0.00,United States,2025,62412,Finance,Blank Checks
CHAI,Core AI Holdings Inc. Common Shares,$1.92,0.04,2.128%,38251052.00,Canada,2020,28526,Telecommunications,Telecommunications Equipment
CHAR,Charlton Aria Acquisition Corporation Class A Ordinary Shares,$10.55,0.01,0.095%,0.00,United States,2024,4327,,
CHARR,Charlton Aria Acquisition Corporation Rights,$0.1501,0.00,0.00%,0.00,United States,2024,8,,
CHARU,Charlton Aria Acquisition Corporation Units,$10.66,0.00,0.00%,0.00,United States,2024,35,,
CHCI,Comstock Holding Companies Inc. Class A Common Stock,$11.54,-0.01,-0.087%,116411493.00,United States,2004,22922,Finance,Real Estate
CHCO,City Holding Company Common Stock,$117.16,-0.83,-0.703%,1681295442.00,United States,,148674,Finance,Major Banks
CHCT,Community Healthcare Trust Incorporated Common Stock,$16.62,-0.05,-0.30%,474863200.00,United States,2015,496944,Real Estate,Real Estate Investment Trusts
CHD,Church & Dwight Company Inc. Common Stock,$102.25,1.55,1.539%,24201986142.00,United States,,2634946,Consumer Discretionary,Package Goods/Cosmetics
CHDN,Churchill Downs Incorporated Common Stock,$85.10,1.27,1.515%,5931161598.00,United States,,2066282,Consumer Discretionary,Services-Misc. Amusement & Recreation
CHE,Chemed Corp,$403.47,-4.41,-1.081%,5553819422.00,United States,,277399,Health Care,Medical/Nursing Services
CHEC,Chenghe Acquisition III Co. Class A Ordinary Share,$10.04,0.00,0.00%,0.00,Singapore,2025,28,,
CHECU,Chenghe Acquisition III Co. Units,$10.15,0.00,0.00%,0.00,Singapore,2025,66,Finance,Blank Checks
CHECW,Chenghe Acquisition III Co. Warrants,$0.24,-0.0001,-0.042%,0.00,Singapore,2025,19890,,
CHEF,The Chefs' Warehouse Inc. Common Stock,$63.50,0.60,0.954%,2584083796.00,United States,2011,553047,Consumer Discretionary,Food Distributors
CHGG,Chegg Inc. Common Stock,$0.6226,-0.0024,-0.384%,68033437.00,United States,2013,414290,Real Estate,Other Consumer Services
CHH,Choice Hotels International Inc. Common Stock,$98.12,-2.36,-2.349%,4510713081.00,United States,,882992,Consumer Discretionary,Hotels/Resorts
CHI,Calamos Convertible Opportunities and Income Fund Common Stock,$10.99,-0.17,-1.523%,0.00,United States,2002,231004,Finance,Investment Managers
CHKP,Check Point Software Technologies Ltd. Ordinary Shares,$160.85,-4.37,-2.645%,17431076925.00,Israel,1996,942861,Technology,Computer Software: Prepackaged Software
CHMG,Chemung Financial Corp Common Stock,$54.85,-0.09,-0.164%,262970043.00,United States,,9168,Finance,Major Banks
CHMI,Cherry Hill Mortgage Investment Corporation Common Stock,$2.62,-0.03,-1.132%,96257590.00,,2013,148008,Real Estate,Real Estate Investment Trusts
CHMI^A,Cherry Hill Mortgage Investment Corporation 8.20% Series A Cumulative Redeemable Preferred Stock,$21.1501,-0.0206,-0.097%,,,,3725,,
CHMI^B,Cherry Hill Mortgage Investment Corporation 8.250% Series B Fixed-to-Floating Rate Cumulative Redeemable Preferred Stock,$23.7499,0.0699,0.295%,,,,2219,,
CHNR,China Natural Resources Inc. Common Stock,$3.37,0.01,0.298%,4155955.00,Hong Kong,,13239,Basic Materials,Precious Metals
CHOW,ChowChow Cloud International Holdings Limited Ordinary Shares,$0.4774,-0.0052,-1.077%,16756740.00,,2025,129607,Technology,Computer Software: Prepackaged Software
CHPG,ChampionsGate Acquisition Corporation Class A Ordinary Share,$10.29,0.00,0.00%,0.00,United States,2025,19,,
CHPGR,ChampionsGate Acquisition Corporation Rights,$0.1401,0.00,0.00%,0.00,United States,2025,19,,
CHPT,ChargePoint Holdings Inc. Common Stock,$5.58,-0.24,-4.124%,131984237.00,United States,2019,806486,Consumer Discretionary,Industrial Specialties
CHR,Cheer Holding Inc. Class A Ordinary Share,$1.08,-0.02,-1.818%,5601095.00,China,2018,70351,Technology,EDP Services
CHRD,Chord Energy Corporation Common Stock,$123.22,1.86,1.533%,7004136547.00,United States,,2649362,Energy,Oil & Gas Production
CHRS,Coherus Oncology Inc. Common Stock,$1.93,0.11,6.044%,288479055.00,United States,2014,2228121,Health Care,Biotechnology: Biological Products (No Diagnostic Substances)
CHRW,C.H. Robinson Worldwide Inc. Common Stock,$181.94,2.30,1.28%,21581874356.00,United States,1997,1431456,Industrials,Integrated Freight & Logistics
CHSCL,CHS Inc Class B Cumulative Redeemable Preferred Stock Series 4,$25.69,-0.10,-0.388%,315267757.00,United States,,17480,Industrials,Farming/Seeds/Milling
CHSCM,CHS Inc Class B Reset Rate Cumulative Redeemable Preferred Stock Series 3,$25.15,0.04,0.159%,308640875.00,United States,,16238,Industrials,Farming/Seeds/Milling
CHSCN,CHS Inc Preferred Class B Series 2 Reset Rate,$25.42,0.02,0.079%,311954316.00,United States,,14297,Industrials,Farming/Seeds/Milling
CHSCO,CHS Inc. Class B Cumulative Redeemable Preferred Stock,$26.32,-0.06,-0.227%,322999119.00,United States,,11274,Industrials,Farming/Seeds/Milling
CHSCP,CHS Inc. 8%  Cumulative Redeemable Preferred Stock,$28.40,-0.04,-0.141%,348524885.00,United States,,12092,Industrials,Farming/Seeds/Milling
CHSN,Chanson International Holding Class A Ordinary Shares,$2.14,0.085,4.136%,83414589.00,China,2023,15405,Consumer Staples,Packaged Foods
CHT,Chunghwa Telecom Co. Ltd.,$43.16,0.24,0.559%,33481139310.00,Taiwan,,209827,Telecommunications,Telecommunications Equipment
CHTR,Charter Communications Inc. Class A Common Stock New,$222.81,-9.43,-4.06%,28214775656.00,United States,,1717104,Telecommunications,Cable & Other Pay Television Services
CHW,Calamos Global Dynamic Income Fund Common Stock,$7.55,-0.02,-0.264%,0.00,United States,2007,138001,Finance,Investment Managers
CHWY,Chewy Inc. Class A Common Stock,$26.15,0.72,2.831%,10852212161.00,United States,2019,11446834,Consumer Discretionary,Catalog/Specialty Distribution
CHY,Calamos Convertible and High Income Fund Common Stock,$11.37,-0.18,-1.558%,0.00,United States,2003,306620,Finance,Investment Managers
CHYM,Chime Financial Inc. Class A Common Stock,$22.63,0.40,1.799%,8476699823.00,United States,2025,5666269,Finance,Finance: Consumer Services
CI,The Cigna Group Common Stock,$269.66,-1.97,-0.725%,71063035176.00,United States,,1677647,Health Care,Medical Specialities
CIA,Citizens Inc. Class A Common Stock ($1.00 Par),$5.08,-0.04,-0.781%,255507988.00,United States,1994,896370,Finance,Life Insurance
CIB,Grupo Cibest S.A. American Depositary Shares each representing four Preferred Shares,$67.42,2.17,3.326%,8591070763.00,Colombia,2025,462420,Finance,Commercial Banks
CICB,CION Investment Corporation 7.50% Notes due 2029,$25.30,-0.05,-0.197%,0.00,United States,2024,3790,Finance,Finance/Investors Services
CICC,CION Investment Corporation 7.50% Notes due 2031,$25.60,0.00,0.00%,0.00,United States,2026,2315,Finance,Finance/Investors Services
CIEN,Ciena Corporation Common Stock,$318.54,24.37,8.284%,45061769274.00,United States,1997,3070138,Utilities,Telecommunications Equipment
CIF,MFS Intermediate High Income Fund Common Stock,$1.65,-0.01,-0.602%,0.00,United States,,174639,Finance,Trusts Except Educational Religious and Charitable
CIFR,Cipher Digital Inc. Common Stock,$14.31,0.69,5.066%,5797258714.00,United States,2020,23984257,Finance,Finance: Consumer Services
CIG,Comp En De Mn Cemig ADS American Depositary Shares,$2.25,0.06,2.74%,6439009264.00,Brazil,,9717720,Utilities,Electric Utilities: Central
CIGI,Colliers International Group Inc. Subordinate Voting Shares,$117.92,1.87,1.611%,6026162572.00,Canada,,383997,Finance,Real Estate
CIGL,Concorde International Group Ltd Class A Ordinary Shares,$1.69,-0.05,-2.874%,45605441.00,Singapore,2025,27729,Consumer Discretionary,Diversified Commercial Services
CII,BlackRock Enhanced Large Cap Core Fund Inc. Common Stock,$21.50,-0.36,-1.647%,3198393127.00,United States,2004,127572,Finance,Investment Bankers/Brokers/Service
CIIT,Tianci International Inc. Common Stock,$0.4067,0.0647,18.918%,9977084.00,Hong Kong,,53971417,Energy,Oil & Gas Production
CIK,Credit Suisse Asset Management Income Fund Inc. Common Stock,$2.60,-0.02,-0.763%,0.00,United States,,568294,Finance,Finance/Investors Services
CIM,Chimera Investment Corporation Common Stock,$13.51,-0.07,-0.515%,1126768126.00,United States,2007,906216,Real Estate,Real Estate Investment Trusts
CIM^A,Chimera Investment Corporation 8.00% Series A Cumulative Redeemable Preferred Stock,$21.44,0.04,0.187%,,United States,,16293,,
CIM^B,Chimera Investment Corporation 8.00% Series B Fixed-to-Floating Rate Cumulative Redeemable Preferred Stock,$23.125,-0.115,-0.495%,,United States,,28797,,
CIM^C,Chimera Investment Corporation 7.75% Series C Fixed-to-Floating Rate  Cumulative Redeemable  Preferred Stock,$21.68,-0.06,-0.276%,,United States,,25477,,
CIM^D,Chimera Investment Corporation 8.00% Series D Fixed-to-Floating Rate Cumulative Redeemable Preferred Stock,$23.04,-0.02,-0.087%,,United States,,13386,,
CIMN,Chimera Investment Corporation 9.000% Senior Notes due 2029,$25.15,-0.0499,-0.198%,2025347004.00,United States,2024,13435,Real Estate,Real Estate Investment Trusts
CIMO,Chimera Investment Corporation 9.250% Senior Notes due 2029,$25.38,0.04,0.158%,0.00,United States,2024,8901,Real Estate,Real Estate Investment Trusts
CIMP,Chimera Investment Corporation 8.875% Senior Notes due 2030,$25.08,0.00,0.00%,0.00,United States,2025,54228,Real Estate,Real Estate Investment Trusts
CINF,Cincinnati Financial Corporation Common Stock,$163.32,-2.07,-1.252%,25415462512.00,United States,,1004837,Finance,Property-Casualty Insurers
CING,Cingulate Inc. Common Stock,$6.85,0.42,6.532%,74930321.00,United States,2021,414851,Health Care,Biotechnology: Pharmaceutical Preparations
CINGW,Cingulate Inc. Warrants,$0.0369,0.0022,6.34%,403639.00,United States,2021,48510,Health Care,Biotechnology: Pharmaceutical Preparations
CINT,CI&T Inc Class A Common Shares,$5.00,-0.07,-1.381%,673411280.00,,2021,56238,Technology,EDP Services
CION,CION Investment Corporation Common Stock,$7.79,-0.16,-2.013%,402516677.00,United States,2021,544593,Finance,Finance/Investors Services
CISO,CISO Global Inc. Common Stock,$0.399,-0.0043,-1.066%,17574491.00,United States,,169883,Consumer Discretionary,Professional Services
CISS,C3is Inc. Common Stock,$1.18,-0.06,-4.839%,3175666.00,Greece,,397438,Consumer Discretionary,Marine Transportation
CITR,CitroTech Inc. Common Stock,$8.49,1.50,21.459%,159639423.00,,,122448,Industrials,Environmental Services
CIVB,Civista Bancshares Inc. Common Stock,$22.37,-0.21,-0.93%,432029103.00,United States,,93729,Finance,Major Banks
CIX,CompX International Inc. Common Stock,$24.21,-0.09,-0.37%,298341210.00,United States,1998,2433,Consumer Discretionary,Industrial Machinery/Components
CJMB,Callan JMB Inc. Common Stock,$1.75,-0.05,-2.778%,8090297.00,United States,2025,240563,Real Estate,Real Estate
CKX,CKX Lands Inc. Common Stock,$10.95,-0.06,-0.545%,22481763.00,United States,2003,11830,Energy,Oil & Gas Production
CL,Colgate-Palmolive Company Common Stock,$93.00,-0.56,-0.599%,74543966604.00,United States,,7808710,Consumer Discretionary,Package Goods/Cosmetics
CLAR,Clarus Corporation Common Stock,$2.98,-0.01,-0.334%,114437436.00,United States,,501146,Consumer Discretionary,Recreational Games/Products/Toys
CLB,Core Laboratories Inc. Common Stock,$16.32,0.41,2.577%,759914476.00,Netherlands,2023,500097,Energy,Oilfield Services/Equipment
CLBK,Columbia Financial Inc. Common Stock,$17.87,-0.19,-1.052%,1864079600.00,United States,2018,367218,Finance,Savings Institutions
CLBT,Cellebrite DI Ltd. Ordinary Shares,$14.93,-0.37,-2.418%,3724136468.00,Israel,,1054811,Technology,Computer Software: Prepackaged Software
CLDI,Calidi Biotherapeutics Inc. Common Stock,$0.3655,0.0048,1.331%,2619802.00,,2021,843071,Health Care,Biotechnology: Biological Products (No Diagnostic Substances)
CLDT,Chatham Lodging Trust (REIT) Common Shares of Beneficial Interest,$7.89,-0.14,-1.743%,372834352.00,United States,2010,449877,Real Estate,Real Estate Investment Trusts
CLDT^A,Chatham Lodging Trust (REIT) 6.625% Series A Cumulative Redeemable Preferred Shares of Beneficial Interest,$20.2001,-0.1199,-0.59%,,United States,,1828,,
CLDX,Celldex Therapeutics Inc.,$30.73,1.30,4.417%,2045583813.00,United States,,1677781,Health Care,Biotechnology: In Vitro & In Vivo Diagnostic Substances
CLF,Cleveland-Cliffs Inc. Common Stock,$9.55,-0.28,-2.848%,5447229265.00,United States,,22912880,Basic Materials,Metal Mining
CLFD,Clearfield Inc. Common Stock,$29.77,-0.24,-0.80%,407414685.00,United States,,75329,Utilities,Telecommunications Equipment
CLGN,CollPlant Biotechnologies Ltd Ordinary Shares,$0.63,0.024,3.96%,8065894.00,Israel,,11102,Health Care,Industrial Specialties
CLH,Clean Harbors Inc. Common Stock,$285.90,2.93,1.035%,15127239461.00,United States,,630439,Industrials,Environmental Services
CLIK,Click Holdings Limited Class A Ordinary Share,$3.58,-0.07,-1.918%,11681658.00,Hong Kong,2024,8949,Consumer Discretionary,Diversified Commercial Services
CLIR,ClearSign Technologies Corporation Common Stock (DE),$0.5361,0.0006,0.112%,28743533.00,United States,2012,63019,Industrials,Industrial Machinery/Components
CLLS,Cellectis S.A. American Depositary Shares,$3.60,0.04,1.124%,259537943.00,France,2015,166027,Health Care,Biotechnology: Pharmaceutical Preparations
CLM,Cornerstone Strategic Investment Fund Inc. Common Shares,$7.44,-0.02,-0.268%,0.00,United States,2003,3231608,Finance,Finance/Investors Services
CLMB,Climb Global Solutions Inc. Common Stock,$84.06,-3.06,-3.512%,387154470.00,United States,,52043,Technology,Retail: Computer Software & Peripheral Equipment
CLMT,Calumet Inc. Common Stock,$29.34,-1.06,-3.487%,2546024036.00,United States,2006,1349164,Energy,Integrated oil Companies
CLNE,Clean Energy Fuels Corp. Common Stock,$2.34,-0.04,-1.681%,513468423.00,United States,2007,982246,Utilities,Natural Gas Distribution
CLNN,Clene Inc. Common Stock,$5.49,0.135,2.521%,59566357.00,United States,,44560,Health Care,Biotechnology: Pharmaceutical Preparations
CLOV,Clover Health Investments Corp. Class A Common Stock,$2.00,0.00,0.00%,1049334572.00,United States,,6748927,Health Care,Medical Specialities
CLPR,Clipper Realty Inc. Common Stock,$3.20,0.08,2.564%,51668947.00,United States,2017,59970,Real Estate,Real Estate Investment Trusts
CLPS,CLPS Incorporation Common Stock,$1.0576,0.0476,4.713%,31456675.00,China,2018,10374,Technology,Computer Software: Prepackaged Software
CLPT,ClearPoint Neuro Inc. Common Stock,$11.54,1.54,15.40%,328004974.00,United States,,1975236,Health Care,Medical/Dental Instruments
CLRB,Cellectar Biosciences Inc.  Common Stock,$2.75,-0.01,-0.362%,11660355.00,United States,,114463,Health Care,Biotechnology: Pharmaceutical Preparations
CLRO,ClearOne Inc. (DE) Common Stock,$4.40,-0.15,-3.297%,9846813.00,United States,,10533,Utilities,Telecommunications Equipment
CLS,Celestica Inc. Common Stock,$267.95,18.43,7.386%,30805636479.00,Canada,1998,2728932,Technology,Electrical Products
CLSK,CleanSpark Inc. Common Stock,$9.61,0.40,4.343%,2457785494.00,United States,,16277431,Finance,Finance: Consumer Services
CLSKW,CleanSpark Inc. Warrant,$0.2891,0.0134,4.86%,73938167.00,United States,,83191,Finance,Finance: Consumer Services
CLST,Catalyst Bancorp Inc. Common Stock,$16.41,0.00,0.00%,67505161.00,United States,2021,6620,Finance,Savings Institutions
CLVT,Clarivate Plc Ordinary Shares,$2.61,-0.13,-4.745%,1672223299.00,United Kingdom,2019,5766927,Technology,EDP Services
CLW,Clearwater Paper Corporation Common Stock,$14.54,-0.18,-1.223%,233199572.00,United States,,231194,Basic Materials,Paper
CLWT,Euro Tech Holdings Company Limited Common Stock,$1.32,-0.06,-4.348%,9960610.00,Hong Kong,1997,6906,Consumer Discretionary,Professional and commerical equipment
CLX,Clorox Company (The) Common Stock,$113.41,-1.25,-1.09%,13712614383.00,United States,,2726772,Consumer Discretionary,Specialty Chemicals
CLYM,Climb Bio Inc. Common Stock,$7.25,0.07,0.975%,346317855.00,United States,2021,537320,Health Care,Biotechnology: Pharmaceutical Preparations
CM,Canadian Imperial Bank of Commerce Common Stock,$97.88,-1.62,-1.628%,90505818680.00,Canada,,1833350,Finance,Commercial Banks
CMBM,Cambium Networks Corporation Ordinary Shares,$1.24,0.07,5.983%,35022322.00,Cayman Islands,2019,112315,Technology,Radio And Television Broadcasting And Communications Equipment
CMBT,CMB.TECH NV Ordinary Shares,$13.23,0.16,1.224%,2910926953.00,,2015,2049880,Consumer Discretionary,Marine Transportation
CMC,Commercial Metals Company Common Stock,$65.85,0.67,1.028%,7303253475.00,United States,,1079083,Industrials,Steel/Iron Ore
CMCL,Caledonia Mining Corporation Plc Common Shares,$26.32,0.34,1.309%,507838715.00,Canada,,337524,Basic Materials,Precious Metals
CMCM,Cheetah Mobile Inc. American Depositary Shares each representing fifty (50) Class A Ordinary Shares,$7.65,-0.03,-0.391%,5869593453.00,China,2022,107328,Technology,Computer Software: Prepackaged Software
CMCO,Columbus McKinnon Corporation Common Stock,$16.68,-0.09,-0.537%,479372625.00,United States,1996,611263,Industrials,Construction/Ag Equipment/Trucks
CMCSA,Comcast Corporation Class A Common Stock,$31.04,-0.87,-2.726%,111677139654.00,United States,,45894170,Telecommunications,Cable & Other Pay Television Services
CMCT,Creative Media & Community Trust Corporation Common stock,$1.98,-0.31,-13.537%,1875119.00,United States,,111493,Real Estate,Real Estate Investment Trusts
CMDB,Costamare Bulkers Holdings Limited Common Stock,$17.51,-0.76,-4.16%,423807575.00,,2025,46230,Consumer Discretionary,Marine Transportation
CME,CME Group Inc. Class A Common Stock,$319.09,1.99,0.628%,114433800903.00,United States,2002,3573257,Finance,Investment Bankers/Brokers/Service
CMG,Chipotle Mexican Grill Inc. Common Stock,$35.29,-0.08,-0.226%,45962507670.00,United States,2006,17712810,Consumer Discretionary,Restaurants
CMI,Cummins Inc. Common Stock,$550.19,10.96,2.033%,76017256088.00,United States,,852062,Industrials,Industrial Machinery/Components
CMII,Columbus Circle Capital Corp II Class A Ordinary Shares,$9.83,-0.01,-0.102%,0.00,United States,2026,6057,Finance,Blank Checks
CMIIU,Columbus Circle Capital Corp II Unit,$10.00,0.05,0.503%,0.00,United States,2026,531,Health Care,Biotechnology: Commercial Physical & Biological Resarch
CMIIW,Columbus Circle Capital Corp II Warrant,$0.3999,0.0799,24.969%,0.00,United States,2026,1218,Finance,Blank Checks
CMMB,Chemomab Therapeutics Ltd. American Depositary Share,$2.00,0.12,6.383%,10382152.00,Israel,2019,46234,Health Care,Biotechnology: Pharmaceutical Preparations
CMND,Clearmind Medicine Inc. Common Shares,$1.02,-0.12,-10.526%,1529792.00,Canada,,101532,Health Care,Biotechnology: Pharmaceutical Preparations
CMP,Compass Minerals Intl Inc Common Stock,$23.89,0.36,1.53%,1000113592.00,United States,2003,442613,Industrials,Mining & Quarrying of Nonmetallic Minerals (No Fuels)
CMPR,Cimpress plc Ordinary Shares (Ireland),$71.70,0.01,0.014%,1741248266.00,Netherlands,2005,98248,Consumer Discretionary,Publishing
CMPS,COMPASS Pathways Plc American Depository Shares,$6.86,0.28,4.255%,658676922.00,United Kingdom,2020,3441110,Health Care,Biotechnology: Pharmaceutical Preparations
CMPX,Compass Therapeutics Inc. Common Stock,$5.42,-0.09,-1.633%,976076499.00,United States,,1897125,Health Care,Biotechnology: Biological Products (No Diagnostic Substances)
CMRC,Commerce.com Inc. Series 1 Common Stock,$2.97,-0.04,-1.329%,244134000.00,United States,2020,876571,Technology,Computer Software: Prepackaged Software
CMRE,Costamare Inc. Common Stock $0.0001 par value,$17.02,0.32,1.916%,2052420678.00,Greece,2010,432062,Consumer Discretionary,Marine Transportation
CMRE^B,Costamare Inc. Perpetual Preferred Stock Series B (Marshall Islands),$25.81,0.0099,0.038%,,Greece,,2602,,
CMRE^C,Costamare Inc. Perpetual Preferred Series C (Marshall Islands),$26.5689,-0.2111,-0.788%,,Greece,,1033,,
CMRE^D,Costamare Inc. 8.75% Series D Cumulative Redeemable Perpetual Preferred Stock,$28.30,0.30,1.071%,,Greece,,3342,,
CMS,CMS Energy Corporation Common Stock,$77.24,0.08,0.104%,23667950393.00,United States,,2869373,Utilities,Power Generation
CMS^B,CMS Energy Corporation Preferred Stock,$79.50,-0.50,-0.625%,,United States,,472,,
CMS^C,CMS Energy Corporation Depositary Shares each representing a 1/1000th interest in a share of 4.200% Cumulative Redeemable Perpetual Preferred Stock Series C,$17.44,-0.08,-0.457%,,United States,,18866,,
CMSA,CMS Energy Corporation 5.625% Junior Subordinated Notes due 2078,$22.01,0.01,0.045%,6588373497.00,United States,2018,20999,Utilities,Power Generation
CMSC,CMS Energy Corporation 5.875% Junior Subordinated Notes due 2078,$23.22,0.035,0.151%,6950569404.00,United States,2018,15416,Utilities,Power Generation
CMSD,CMS Energy Corporation 5.875% Junior Subordinated Notes due 2079,$23.16,-0.04,-0.172%,6932609277.00,United States,2019,44221,Utilities,Power Generation
CMT,Core Molding Technologies Inc Common Stock,$18.05,-0.76,-4.04%,159885221.00,United States,1996,47410,Industrials,Plastic Products
CMTG,Claros Mortgage Trust Inc. Common Stock,$2.55,-0.07,-2.672%,357557848.00,United States,2021,856617,Finance,Real Estate
CMTL,Comtech Telecommunications Corp. Common Stock,$5.08,0.07,1.397%,150587578.00,United States,,153979,Technology,Radio And Television Broadcasting And Communications Equipment
CMTV,Community Bancorp. Common Stock,$31.31,0.81,2.656%,175480402.00,United States,,45897,Finance,Major Banks
CMU,MFS Municipal Income Trust Common Stock,$3.64,0.005,0.138%,103104143.00,United States,1987,90893,Finance,Investment Managers
CNA,CNA Financial Corporation Common Stock,$47.55,-0.61,-1.267%,12870518791.00,United States,,509826,Finance,Property-Casualty Insurers
CNC,Centene Corporation Common Stock,$43.32,-0.33,-0.756%,21303519720.00,United States,,3914749,Health Care,Medical Specialities
CNCK,Coincheck Group N.V. Ordinary Shares,$2.40,0.04,1.695%,326225093.00,Netherlands,,33402,Finance,Finance: Consumer Services
CNDT,Conduent Incorporated Common Stock ,$1.38,-0.01,-0.719%,213498660.00,United States,,1288006,Real Estate,Real Estate
CNET,ZW Data Action Technologies Inc. Common Stock,$0.7741,0.0645,9.09%,2530122.00,China,,16420,Technology,Computer Software: Programming Data Processing
CNEY,CN Energy Group Inc. Class A Ordinary Shares,$0.8432,-0.0519,-5.798%,4741951.00,China,2021,55759,Industrials,Major Chemicals
CNF,CNFinance Holdings Limited American Depositary Shares each representing two hundred (200) Ordinary Shares,$4.85,0.05,1.042%,33262348.00,,,2791,Finance,Finance: Consumer Services
CNH,CNH Industrial N.V. Common Shares,$11.14,-0.01,-0.09%,13824144834.00,United Kingdom,2013,14939198,Industrials,Construction/Ag Equipment/Trucks
CNI,Canadian National Railway Company Common Stock,$107.96,1.18,1.105%,66006744000.00,Canada,,6696571,Industrials,Railroads
CNK,Cinemark Holdings Inc Cinemark Holdings Inc. Common Stock,$27.07,-0.58,-2.098%,3127295236.00,United States,2007,1988919,Consumer Discretionary,Movies/Entertainment
CNL,Collective Mining Ltd. Common Shares,$17.18,-0.07,-0.406%,1585108388.00,,2024,77405,,
CNM,Core & Main Inc. Class A Common Stock,$49.96,0.14,0.281%,9767794958.00,United States,2021,2217107,Consumer Discretionary,Durable Goods
CNMD,CONMED Corporation Common Stock,$39.41,-0.49,-1.228%,1215149654.00,United States,1987,442475,Health Care,Biotechnology: Electromedical & Electrotherapeutic Apparatus
CNNE,Cannae Holdings Inc. Common Stock,$12.04,0.45,3.883%,557749617.00,United States,2017,925530,Consumer Discretionary,Restaurants
CNO,CNO Financial Group Inc. Common Stock,$41.17,-0.37,-0.891%,3881413403.00,United States,,534553,Finance,Accident &Health Insurance
CNO^A,CNO Financial Group Inc. 5.125% Subordinated Debentures due 2060,$19.74,-0.095,-0.479%,,United States,,3584,,
CNOB,ConnectOne Bancorp Inc. Common Stock,$25.71,0.07,0.273%,1292528651.00,United States,,283954,Finance,Major Banks
CNOBP,ConnectOne Bancorp Inc. Depositary Shares each representing a 1/40th interest in a share of 5.25% Fixed-Rate Reset Non-Cumulative Perpetual Preferred Stock Series A,$24.42,-0.13,-0.53%,1227675988.00,United States,,20458,Finance,Major Banks
CNP,CenterPoint Energy Inc (Holding Co) Common Stock,$43.48,-0.13,-0.298%,28386856472.00,United States,,3774882,Utilities,Electric Utilities: Central
CNQ,Canadian Natural Resources Limited Common Stock,$46.24,-0.07,-0.151%,96455345280.00,Canada,,17365858,Energy,Oil & Gas Production
CNR,Core Natural Resources Inc. Common Stock,$90.02,3.12,3.59%,4589178551.00,United States,2017,1575867,Energy,Coal Mining
CNS,Cohen & Steers Inc Common Stock,$64.25,-0.71,-1.093%,3301819322.00,United States,2004,338560,Finance,Investment Managers
CNSP,CNS Pharmaceuticals Inc. Common Stock,$3.02,0.08,2.721%,1873276.00,United States,2019,22971,Health Care,Biotechnology: Pharmaceutical Preparations
CNTA,Centessa Pharmaceuticals plc American Depositary Shares,$26.09,0.14,0.539%,3740160727.00,United Kingdom,2021,1009912,Health Care,Biotechnology: Pharmaceutical Preparations
CNTB,Connect Biopharma Holdings Limited Ordinary Shares,$2.65,0.17,6.855%,148144309.00,China,2021,217884,Health Care,Biotechnology: Pharmaceutical Preparations
CNTN,Canton Strategic Holdings Inc. Common Stock,$4.45,-0.03,-0.67%,229257485.00,United States,2022,590806,Health Care,Biotechnology: Pharmaceutical Preparations
CNTX,Context Therapeutics Inc. Common Stock,$2.90,-0.22,-7.051%,266449613.00,United States,2021,1365962,Health Care,Biotechnology: Pharmaceutical Preparations
CNTY,Century Casinos Inc. Common Stock,$1.45,0.01,0.694%,42695331.00,United States,,23031,Consumer Discretionary,Hotels/Resorts
CNVS,Cineverse Corp. Class A Common Stock,$2.87,-0.14,-4.651%,56165515.00,United States,,117924,Consumer Discretionary,Consumer Electronics/Video Chains
CNX,CNX Resources Corporation Common Stock,$40.80,-0.69,-1.663%,5808621336.00,United States,1999,2615713,Energy,Oil & Gas Production
CNXC,Concentrix Corporation Common Stock,$33.94,-1.22,-3.47%,2090612498.00,United States,,982594,Technology,Computer Software: Prepackaged Software
CNXN,PC Connection Inc. Common Stock,$60.47,-0.22,-0.362%,1523751602.00,United States,,67795,Consumer Discretionary,Catalog/Specialty Distribution
COCH,Envoy Medical Inc. Class A Common Stock,$0.6794,0.0289,4.443%,19658412.00,United States,2021,159308,Health Care,Industrial Specialties
COCO,The Vita Coco Company Inc. Common Stock,$52.74,1.02,1.972%,3010513804.00,United States,2021,883299,Consumer Staples,Beverages (Production/Distribution)
COCP,Cocrystal Pharma Inc. Common Stock,$1.03,0.02,1.98%,14197587.00,United States,,48240,Health Care,Biotechnology: Pharmaceutical Preparations
CODA,Coda Octopus Group Inc. Common stock,$14.95,0.55,3.819%,168495096.00,United States,,304197,Industrials,Industrial Machinery/Components
CODI,D/B/A Compass Diversified Holdings Shares of Beneficial Interest,$6.44,0.11,1.738%,484519621.00,United States,2006,877953,Consumer Discretionary,Home Furnishings
CODI^A,Compass Diversified Holdings 7.250% Series A Preferred Shares representing beneficial interest in Compass Diversified Holdings,$18.65,0.34,1.857%,,United States,,4041,,
CODI^B,Compass Diversified Holdings 7.875% Series B Fixed-to-Floating Rate Cumulative Preferred Shares representing beneficial interests in Compass Diversified Holdings,$20.13,-0.23,-1.13%,,United States,,8745,,
CODI^C,Compass Diversified Holdings 7.875% Series C Cumulative Preferred Shares,$20.27,-0.15,-0.735%,,United States,,9384,,
COE,51Talk Online Education Group American depositary shares each representing 60 Class A ordinary shares,$24.99,-0.59,-2.306%,146428280.00,China,2016,581,Real Estate,Other Consumer Services
COEP,Coeptis Therapeutics Holdings Inc. Common Stock,$12.73,-0.46,-3.487%,73353073.00,United States,2020,138104,Health Care,Biotechnology: Biological Products (No Diagnostic Substances)
COEPW,Coeptis Therapeutics Holdings Inc. Warrants,$0.0123,0.0024,24.242%,70875.00,United States,2020,106213,Health Care,Biotechnology: Biological Products (No Diagnostic Substances)
COF,Capital One Financial Corporation Common Stock,$185.73,-1.98,-1.055%,115511354768.00,United States,1994,8726715,Finance,Major Banks
COF^I,Capital One Financial Corporation Depositary shares each representing a 1/40th interest in a share of Fixed Rate Non-Cumulative Perpetual Preferred Stock Series I of the Issuer,$19.31,-0.12,-0.618%,,United States,,84721,,
COF^J,Capital One Financial Corporation Depositary Shares Each Representing a 1/40th Interest in a Share of Fixed Rate Non- Cumulative Perpetual Preferred Stock Series J,$18.34,-0.09,-0.488%,,United States,,98332,,
COF^K,Capital One Financial Corporation Depositary Shares Each Representing a 1/40th Ownership Interest in a Share of Fixed Rate Non-Cumulative Perpetual Preferred Stock Series K,$17.85,-0.01,-0.056%,,United States,,15905,,
COF^L,Capital One Financial Corporation Depositary Shares Each Representing a 1/40th Interest in a Share of Fixed Rate Non-Cumulative Perpetual Preferred Stock Series L,$16.97,-0.08,-0.469%,,United States,,47809,,
COF^N,Capital One Financial Corporation Depositary Shares Each Representing a 1/40th Ownership Interest in a Share of Fixed Rate Non-Cumulative Perpetual Preferred Stock Series N,$16.40,-0.05,-0.304%,,United States,,39261,,
COFS,ChoiceOne Financial Services Inc. Common Stock,$27.95,-0.33,-1.167%,419913309.00,United States,,127834,Finance,Major Banks
COGT,Cogent Biosciences Inc. Common Stock,$37.01,-0.07,-0.189%,6007049428.00,United States,2018,1990297,Health Care,Biotechnology: Pharmaceutical Preparations
COHN,Cohen & Company Inc.,$17.30,-2.50,-12.626%,32025155.00,United States,,82250,Finance,Investment Bankers/Brokers/Service
COHR,Coherent Corp. Common Stock,$252.32,16.60,7.042%,47305420897.00,United States,,10569750,Technology,Electronic Components
COHU,Cohu Inc. Common Stock,$28.00,0.34,1.229%,1312873100.00,United States,,615830,Industrials,Electrical Products
COIN,Coinbase Global Inc. Class A Common Stock,$199.79,2.57,1.303%,52759578015.00,United States,,11988390,Finance,Finance: Consumer Services
COKE,Coca-Cola Consolidated Inc. Common Stock,$206.91,2.52,1.233%,13772818072.00,United States,1972,374937,Consumer Staples,Beverages (Production/Distribution)
COLA,Columbus Acquisition Corp Ordinary Shares,$10.50,0.00,0.00%,0.00,Singapore,2025,480,,
COLAR,Columbus Acquisition Corp Rights,$0.26,-0.03,-10.345%,0.00,Singapore,2025,1349,Finance,Blank Checks
COLAU,Columbus Acquisition Corp Unit,$10.66,-0.04,-0.374%,0.00,Singapore,2025,500,,
COLB,Columbia Banking System Inc. Common Stock,$27.11,-0.19,-0.696%,8012379125.00,United States,1992,3414638,Finance,Major Banks
COLD,Americold Realty Trust Inc. Common Stock,$12.25,-0.26,-2.078%,3489776056.00,United States,2018,4932362,Real Estate,Real Estate Investment Trusts
COLL,Collegium Pharmaceutical Inc. Common Stock,$37.27,-0.02,-0.054%,1183442174.00,United States,2015,489078,Health Care,Biotechnology: Pharmaceutical Preparations
COLM,Columbia Sportswear Company Common Stock,$57.19,-0.83,-1.431%,2993985259.00,United States,1998,555776,Consumer Discretionary,Apparel
COMP,Compass Inc. Class A Common Stock,$9.00,0.30,3.448%,6680472147.00,United States,2021,19579506,Technology,EDP Services
CON,Concentra Group Holdings Parent Inc. Common Stock,$22.57,-0.25,-1.096%,2903286285.00,United States,2024,750797,Health Care,Medical Specialities
COO,The Cooper Companies Inc. Common Stock,$75.82,-0.73,-0.954%,14793558796.00,United States,,3723162,Health Care,Ophthalmic Goods
COOK,Traeger Inc. Common Stock,$0.5386,-0.0755,-12.294%,73884779.00,United States,2021,2753469,Consumer Discretionary,Consumer Electronics/Appliances
COOT,Australian Oilseeds Holdings Limited Ordinary Shares,$0.5751,-0.0149,-2.525%,16044449.00,Australia,,1326230,Consumer Staples,Packaged Foods
COOTW,Australian Oilseeds Holdings Limited Warrant,$0.02,0.002,11.111%,557971.00,Australia,,8330,Consumer Staples,Packaged Foods
COP,ConocoPhillips Common Stock,$117.03,-0.04,-0.034%,143050350959.00,United States,,13686768,Energy,Integrated oil Companies
COPL,Copley Acquisition Corp Ordinary Shares,$10.26,-0.05,-0.485%,0.00,,2025,114,,
COR,Cencora Inc. Common Stock,$361.80,3.34,0.932%,70381200748.00,United States,,782907,Health Care,Other Pharmaceuticals
CORT,Corcept Therapeutics Incorporated Common Stock,$33.99,0.12,0.354%,3615652940.00,United States,2004,1203464,Health Care,Biotechnology: Pharmaceutical Preparations
CORZ,Core Scientific Inc. Common Stock,$15.16,0.30,2.019%,4780443050.00,United States,,12640653,Finance,Finance: Consumer Services
CORZW,Core Scientific Inc. Tranche 1 Warrants,$8.905,0.215,2.474%,2808037293.00,United States,,198919,Finance,Finance: Consumer Services
CORZZ,Core Scientific Inc. Tranche 2 Warrants,$15.19,-0.66,-4.164%,4789903029.00,United States,,9585,Finance,Finance: Consumer Services
COSM,Cosmos Health Inc. Common Stock,$0.3854,0.0152,4.106%,14426494.00,United States,,226263,Health Care,Other Pharmaceuticals
COSO,CoastalSouth Bancshares Inc. Common Stock,$24.03,0.05,0.209%,287853472.00,United States,2025,60497,Finance,Major Banks
COST,Costco Wholesale Corporation Common Stock,$1005.30,7.20,0.721%,446221918878.00,United States,,2346950,Consumer Discretionary,Department/Specialty Retail Stores
COTY,Coty Inc. Class A Common Stock,$2.30,-0.07,-2.954%,2024014626.00,United States,2013,8071857,Consumer Discretionary,Package Goods/Cosmetics
COUR,Coursera Inc. Common Stock,$6.15,-0.01,-0.162%,1034430000.00,United States,2021,4071152,Technology,Computer Software: Prepackaged Software
COYA,Coya Therapeutics Inc. Common Stock,$4.84,0.05,1.044%,101274367.00,United States,2022,87604,Health Care,Biotechnology: Pharmaceutical Preparations
CP,Canadian Pacific Kansas City Limited Common Shares,$83.90,0.94,1.133%,75579741707.00,Canada,,2421763,Industrials,Railroads
CPA,Copa Holdings S.A. Class A Common Stock,$125.54,0.50,0.40%,5164533944.00,Panama,2005,531260,Consumer Discretionary,Air Freight/Delivery Services
CPAC,Cementos Pacasmayo S.A.A. American Depositary Shares (Each representing five Common Shares),$10.30,-0.18,-1.718%,873169007.00,Peru,,23893,Industrials,Building Materials
CPAY,Corpay Inc. Common Stock,$325.60,11.20,3.562%,22157176378.00,United States,,904203,Real Estate,Real Estate
CPB,The Campbell's Company Common Stock,$25.29,-0.51,-1.977%,7539815056.00,United States,,6601060,Consumer Staples,Packaged Foods
CPBI,Central Plains Bancshares Inc. Common Stock,$17.55,-0.22,-1.238%,73802225.00,United States,2023,9308,Finance,Savings Institutions
CPF,Central Pacific Financial Corp New,$31.16,-0.33,-1.048%,819195652.00,United States,,165381,Finance,Major Banks
CPHC,Canterbury Park Holding Corporation 'New' Common Stock,$15.6602,0.3126,2.037%,79855619.00,United States,,1370,Consumer Discretionary,Services-Misc. Amusement & Recreation
CPHI,China Pharma Holdings Inc. Common Stock,$0.5989,0.0372,6.623%,3007677.00,China,,16374,Health Care,Biotechnology: Pharmaceutical Preparations
CPIX,Cumberland Pharmaceuticals Inc. Common Stock,$3.41,-0.09,-2.571%,51002098.00,United States,2009,131404,Health Care,Biotechnology: Pharmaceutical Preparations
CPK,Chesapeake Utilities Corporation Common Stock,$132.01,-0.24,-0.181%,3159844956.00,United States,,136135,Utilities,Oil & Gas Production
CPNG,Coupang Inc. Class A Common Stock,$18.81,-0.26,-1.363%,34388283168.00,United States,2021,27397143,Consumer Discretionary,Catalog/Specialty Distribution
CPOP,Pop Culture Group Co. Ltd Class A Ordinary Shares,$0.3308,-0.0092,-2.706%,27105435.00,China,2021,16211,Consumer Discretionary,Services-Misc. Amusement & Recreation
CPRI,Capri Holdings Limited Ordinary Shares,$18.32,0.37,2.061%,2183045367.00,Hong Kong,2011,3324632,Consumer Discretionary,Apparel
CPRT,Copart Inc. (DE) Common Stock,$37.57,-0.17,-0.45%,36191496137.00,United States,1994,11911484,Consumer Discretionary,Retail-Auto Dealers and Gas Stations
CPRX,Catalyst Pharmaceuticals Inc. Common Stock,$24.79,0.55,2.269%,3027451084.00,United States,2006,915158,Health Care,Biotechnology: Pharmaceutical Preparations
CPS,Cooper-Standard Holdings Inc. Common Stock,$31.88,-0.12,-0.375%,562267847.00,United States,,328753,Consumer Discretionary,Auto Parts:O.E.M.
CPSH,CPS Technologies Corp. Common Stock,$3.82,0.01,0.262%,68728600.00,United States,,94700,Consumer Discretionary,Building Materials
CPSS,Consumer Portfolio Services Inc. Common Stock,$8.27,0.27,3.375%,182527550.00,United States,1992,18606,Finance,Finance: Consumer Services
CPT,Camden Property Trust Common Stock,$105.11,-1.42,-1.333%,10869236953.00,United States,1993,1045115,Real Estate,Real Estate Investment Trusts
CPZ,Calamos Long/Short Equity & Dynamic Income Trust Common Stock,$14.53,-0.02,-0.137%,285255779.00,United States,2019,49261,Finance,Trusts Except Educational Religious and Charitable
CQP,Cheniere Energy Partners LP Common Units,$63.28,0.39,0.62%,30630944903.00,United States,2007,125709,Utilities,Oil/Gas Transmission
CR,Crane Company Common Stock,$193.38,2.26,1.183%,11153055554.00,United States,2023,249199,Industrials,Metal Fabrications
CRAC,Crown Reserve Acquisition Corp. I Class A Ordinary Shares,$10.01,0.03,0.301%,0.00,Cayman Islands,2025,223,,
CRACR,Crown Reserve Acquisition Corp. I Rights,$0.22,0.0098,4.662%,0.00,Cayman Islands,2025,200,,
CRACU,Crown Reserve Acquisition Corp. I Unit,$10.20,0.00,0.00%,0.00,Cayman Islands,2025,67,Finance,Blank Checks
CRAI,CRA International Inc. Common Stock,$173.17,-4.30,-2.423%,1137065910.00,United States,1998,109144,Consumer Discretionary,Other Consumer Services
CRAN,Crane Harbor Acquisition Corp. II Class A Ordinary Shares,$9.93,0.00,0.00%,0.00,United States,2026,158,Finance,Blank Checks
CRANR,Crane Harbor Acquisition Corp. II Rights,$0.185,-0.005,-2.632%,0.00,United States,2026,2000,Finance,Blank Checks
CRANU,Crane Harbor Acquisition Corp. II Units,$10.11,0.00,0.00%,0.00,United States,2025,5220,,
CRAQ,Cal Redwood Acquisition Corp. Class A Ordinary Shares,$10.20,0.01,0.098%,0.00,United States,2025,5000,Finance,Blank Checks
CRAQR,Cal Redwood Acquisition Corp. Right,$0.2119,-0.0079,-3.594%,0.00,United States,2025,33823,Finance,Blank Checks
CRBD,Corebridge Financial Inc. 6.375% Junior Subordinated Notes due 2064,$23.25,-0.07,-0.30%,0.00,United States,2024,100338,Finance,Life Insurance
CRBG,Corebridge Financial Inc. Common Stock,$25.25,-0.10,-0.394%,12162568748.00,United States,2022,4133749,Finance,Life Insurance
CRBP,Corbus Pharmaceuticals Holdings Inc. Common Stock,$9.55,1.54,19.226%,167631503.00,United States,,514784,Health Care,Biotechnology: Pharmaceutical Preparations
CRBU,Caribou Biosciences Inc. Common Stock,$1.97,0.15,8.242%,190375288.00,United States,2021,1626246,Health Care,Biotechnology: Biological Products (No Diagnostic Substances)
CRC,California Resources Corporation Common Stock,$64.04,-0.70,-1.081%,5673782235.00,United States,2020,1293142,Energy,Oil & Gas Production
CRCL,Circle Internet Group Inc. Class A Common Stock,$111.84,9.93,9.744%,26335590097.00,United States,2025,21438766,Finance,Finance: Consumer Services
CRCT,Cricut Inc. Class A Common Stock,$4.09,0.04,0.988%,866185427.00,United States,2021,915260,Technology,Industrial Machinery/Components
CRD/A,Crawford & Company,$10.05,-0.48,-4.558%,,United States,,81333,,
CRD/B,Crawford & Company,$9.98,-0.55,-5.223%,,United States,,12731,,
CRDF,Cardiff Oncology Inc. Common Stock,$1.99,0.11,5.851%,136046308.00,United States,,1062366,Health Care,Biotechnology: Biological Products (No Diagnostic Substances)
CRDL,Cardiol Therapeutics Inc. Class A Common Shares,$0.9794,0.0086,0.886%,97937696.00,Canada,,212712,Health Care,Biotechnology: Biological Products (No Diagnostic Substances)
CRDO,Credo Technology Group Holding Ltd Ordinary Shares,$115.98,6.15,5.60%,21392504041.00,United States,2022,7261323,Technology,Semiconductors
CRE,Cre8 Enterprise Limited Class A Ordinary Shares,$4.52,-0.01,-0.221%,9103090.00,Hong Kong,2025,435996,Consumer Discretionary,Publishing
CREG,Smart Powerr Corp. Common Stock,$1.15,0.00,0.00%,23930491.00,China,,62729,Real Estate,Real Estate
CRESW,Cresud S.A.C.I.F. y A. Warrant,$0.0308,0.0293,1953.333%,18913488.00,Argentina,,140881,Finance,Real Estate
CRESY,Cresud S.A.C.I.F. y A. American Depositary Shares,$11.10,0.32,2.968%,681622440.00,Argentina,1997,672465,Finance,Real Estate
CREX,Creative Realities Inc. Common Stock,$3.54,-0.09,-2.479%,37237019.00,United States,,22471,Technology,EDP Services
CRF,Cornerstone Total Return Fund Inc. (The) Common Stock,$7.16,-0.06,-0.831%,0.00,United States,2003,1932628,Finance,Finance/Investors Services
CRGO,Freightos Limited Ordinary shares,$1.25,-0.05,-3.846%,62553424.00,Israel,,181592,Industrials,Integrated Freight & Logistics
CRGOW,Freightos Limited Warrants,$0.2257,0.0189,9.139%,11294646.00,Israel,,23900,Industrials,Integrated Freight & Logistics
CRGY,Crescent Energy Company Class A Common Stock,$11.96,0.20,1.701%,3921687253.00,United States,2021,12401593,Energy,Oil & Gas Production
CRH,CRH PLC Ordinary Shares,$106.46,0.05,0.047%,71257875931.00,Ireland,,8278918,Industrials,Building Materials
CRI,Carter's Inc. Common Stock,$33.30,-0.61,-1.799%,1211658462.00,United States,2003,1325915,Consumer Discretionary,Apparel
CRIS,Curis Inc. Common Stock,$1.03,0.04,4.04%,14103639.00,United States,,77366,Health Care,Biotechnology: Biological Products (No Diagnostic Substances)
CRK,Comstock Resources Inc. Common Stock,$20.08,-1.30,-6.08%,5903956539.00,United States,,2396736,Energy,Oil & Gas Production
CRL,Charles River Laboratories International Inc. Common Stock,$176.99,2.53,1.45%,8712828322.00,United States,2000,1029174,Health Care,Biotechnology: Commercial Physical & Biological Resarch
CRM,Salesforce Inc. Common Stock,$198.79,-3.32,-1.643%,183483170000.00,United States,2004,10749934,Technology,Computer Software: Prepackaged Software
CRMD,CorMedix Inc. Common Stock,$6.56,0.10,1.548%,518570591.00,United States,,2717646,Health Care,Biotechnology: Pharmaceutical Preparations
CRML,Critical Metals Corp. Ordinary Shares,$8.94,0.14,1.591%,1091348775.00,British Virgin Islands,,7348808,Basic Materials,Metal Mining
CRMLW,Critical Metals Corp. Warrants,$4.10,-0.03,-0.726%,500506709.00,British Virgin Islands,,37343,Basic Materials,Metal Mining
CRMT,America's Car-Mart Inc Common Stock,$18.80,0.48,2.62%,155942372.00,United States,,123912,Consumer Discretionary,Retail-Auto Dealers and Gas Stations
CRNC,Cerence Inc. Common Stock,$7.17,-0.16,-2.183%,322779648.00,United States,,733648,Technology,Computer Software: Prepackaged Software
CRNT,Ceragon Networks Ltd. Ordinary Shares,$2.30,0.06,2.679%,204329882.00,Israel,,292711,Technology,Radio And Television Broadcasting And Communications Equipment
CRNX,Crinetics Pharmaceuticals Inc. Common Stock,$38.22,-0.01,-0.026%,4001837713.00,United States,2018,1258784,Health Care,Biotechnology: Pharmaceutical Preparations
CRON,Cronos Group Inc. Common Share,$2.52,-0.05,-1.946%,964891033.00,Canada,,1651322,Health Care, Medicinal Chemicals and Botanical Products 
CROX,Crocs Inc. Common Stock,$87.16,1.16,1.349%,4378360227.00,United States,2006,1574099,Consumer Discretionary,Shoe Manufacturing
CRS,Carpenter Technology Corporation Common Stock,$395.80,8.69,2.245%,19714685989.00,United States,,711409,Industrials,Steel/Iron Ore
CRSP,CRISPR Therapeutics AG Common Shares,$58.78,2.28,4.035%,5642016639.00,Switzerland,2016,1261210,Health Care,Biotechnology: Biological Products (No Diagnostic Substances)
CRSR,Corsair Gaming Inc. Common Stock,$5.67,-0.28,-4.706%,604775451.00,United States,2020,1659284,Technology,Computer peripheral equipment
CRT,Cross Timbers Royalty Trust Common Stock,$9.775,0.275,2.895%,58650000.00,United States,1992,88969,Energy,Oil & Gas Production
CRTO,Criteo S.A. American Depositary Shares,$18.86,-0.88,-4.458%,940342362.00,France,2013,269243,Consumer Discretionary,Advertising
CRUS,Cirrus Logic Inc. Common Stock,$133.96,3.59,2.754%,6832949830.00,United States,1989,504115,Technology,Semiconductors
CRVL,CorVel Corp. Common Stock,$53.60,-1.36,-2.475%,2741770623.00,United States,,234128,Finance,Specialty Insurers
CRVO,CervoMed Inc. Common Stock,$4.54,0.43,10.462%,42007344.00,United States,,316205,Health Care,Biotechnology: Pharmaceutical Preparations
CRVS,Corvus Pharmaceuticals Inc. Common Stock,$15.89,0.095,0.601%,1312236704.00,United States,2016,1280411,Health Care,Biotechnology: Pharmaceutical Preparations
CRWD,CrowdStrike Holdings Inc. Class A Common Stock,$434.13,5.14,1.198%,110101484892.00,United States,2019,3846630,Technology,Computer Software: Prepackaged Software
CRWS,Crown Crafts Inc Common Stock,$2.87,0.01,0.35%,30702649.00,United States,,23968,Consumer Discretionary,Textiles
CRWV,CoreWeave Inc. Class A Common Stock,$74.41,1.42,1.945%,39116453977.00,United States,2025,21485824,Technology,Computer Software: Prepackaged Software
CSAI,Cloudastructure Inc. Class A Common Stock,$0.6511,-0.0014,-0.215%,15891032.00,United States,,106708,Technology,Computer Software: Programming Data Processing
CSAN,Cosan S.A. ADS,$4.46,0.21,4.941%,4423408099.00,Brazil,2021,2498839,Consumer Discretionary,Retail-Auto Dealers and Gas Stations
CSBR,Champions Oncology Inc. Common Stock,$5.97,0.10,1.704%,82901366.00,United States,,2833,Health Care,Biotechnology: Biological Products (No Diagnostic Substances)
CSCO,Cisco Systems Inc. Common Stock (DE),$76.21,-2.43,-3.09%,301021348731.00,United States,1990,32844274,Telecommunications,Computer Communications Equipment
CSGP,CoStar Group Inc. Common Stock,$48.42,0.04,0.083%,20326391634.00,United States,1998,5632896,Real Estate,Real Estate
CSGS,CSG Systems International Inc. Common Stock,$80.22,0.32,0.401%,2286425306.00,United States,1996,435766,Technology,EDP Services
CSIQ,Canadian Solar Inc. Common Shares (ON),$16.75,0.75,4.688%,1121610066.00,Canada,2006,2144546,Technology,Semiconductors
CSL,Carlisle Companies Incorporated Common Stock,$352.94,-1.62,-0.457%,14429552372.00,United States,,762557,Industrials,Specialty Chemicals
CSPI,CSP Inc. Common Stock,$8.70,-0.01,-0.115%,86243335.00,United States,1982,22893,Technology,EDP Services
CSQ,Calamos Strategic Total Return Common Stock,$18.19,-0.15,-0.818%,2890165844.00,United States,2004,385917,Finance,Finance Companies
CSR,D/B/A Centerspace Common Stock,$62.69,-0.40,-0.634%,1051583187.00,United States,,230635,Real Estate,Real Estate Investment Trusts
CSTE,Caesarstone Ltd. Ordinary Shares,$0.8102,0.0085,1.06%,28014346.00,Israel,2012,757431,Industrials,Building Materials
CSTL,Castle Biosciences Inc. Common Stock,$27.02,-0.10,-0.369%,803336970.00,United States,2019,335749,Health Care,Medical Specialities
CSTM,Constellium SE Ordinary Shares (France),$25.19,0.44,1.778%,3402407531.00,Netherlands,2013,2166114,Industrials,Metal Fabrications
CSV,Carriage Services Inc. Common Stock,$43.21,-0.24,-0.552%,680610562.00,United States,,120497,Consumer Discretionary,Other Consumer Services
CSW,CSW Industrials Inc. Common Stock,$266.80,4.57,1.743%,4394257364.00,United States,,105665,Industrials,Home Furnishings
CSWC,Capital Southwest Corporation Common Stock,$22.07,-0.11,-0.496%,1327775781.00,United States,,1009579,Consumer Discretionary,Textiles
CSX,CSX Corporation Common Stock,$40.60,0.65,1.627%,75498006039.00,United States,,13194607,Industrials,Railroads
CTA^A,EIDP Inc. Preferred Stock $3.50 Series,$55.88,0.63,1.14%,,United States,,646,,
CTA^B,EIDP Inc. Preferred Stock $4.50 Series,$68.20,0.14,0.206%,,United States,,7441,,
CTAAU,ClearThink 1 Acquisition Corp. Units,$10.01,0.03,0.301%,0.00,United States,2026,3426,Finance,Blank Checks
CTAS,Cintas Corporation Common Stock,$200.77,-2.84,-1.395%,80285844227.00,United States,1983,1949042,Industrials,Garments and Clothing
CTBB,Qwest Corporation 6.5% Notes due 2056,$19.02,-0.38,-1.959%,19.00,United States,2016,35518,Telecommunications,Telecommunications Equipment
CTBI,Community Trust Bancorp Inc. Common Stock,$59.18,-0.54,-0.904%,1074162628.00,United States,,154949,Finance,Major Banks
CTDD,Qwest Corporation 6.75% Notes due 2057,$19.83,-0.37,-1.832%,20.00,United States,2017,33056,Telecommunications,Telecommunications Equipment
CTEV,Claritev Corporation Class A Common Stock,$16.77,-0.44,-2.557%,277589165.00,United States,2020,213058,Real Estate,Real Estate
CTGO,Contango ORE Inc. Common Stock,$26.53,-0.17,-0.637%,401746841.00,United States,2021,321407,Basic Materials,Precious Metals
CTKB,Cytek Biosciences Inc. Common Stock,$4.36,0.14,3.318%,560478593.00,United States,2021,1099291,Industrials,Biotechnology: Laboratory Analytical Instruments
CTLP,Cantaloupe Inc. Common Stock,$10.49,0.22,2.142%,773324835.00,United States,,1102723,Miscellaneous,Office Equipment/Supplies/Services
CTM,Castellum Inc. Common Stock,$0.8855,-0.0145,-1.611%,83779590.00,,2022,1114456,Consumer Discretionary,Professional Services
CTMX,CytomX Therapeutics Inc. Common Stock,$5.03,0.35,7.479%,852260037.00,United States,2015,2318125,Health Care,Biotechnology: Pharmaceutical Preparations
CTNM,Contineum Therapeutics Inc. Class A Common Stock,$13.54,-0.34,-2.45%,505529927.00,United States,2024,211984,Health Care,Biotechnology: Pharmaceutical Preparations
CTNT,Cheetah Net Supply Chain Service Inc Class A Common Stock,$1.54,-0.01,-0.645%,5264624.00,United States,2023,15511,Consumer Discretionary,Motor Vehicles
CTO,CTO Realty Growth Inc. Common Stock,$19.55,-0.22,-1.113%,636539945.00,United States,1992,227117,Real Estate,Real Estate Investment Trusts
CTO^A,CTO Realty Growth Inc. 6.375% Series A Cumulative Redeemable Preferred Stock,$20.86,-0.11,-0.525%,,United States,,4841,,
CTOR,Citius Oncology Inc. Common Stock,$1.01,-0.01,-0.98%,89157956.00,United States,2022,112215,Health Care,Biotechnology: Pharmaceutical Preparations
CTOS,Custom Truck One Source Inc. Common Stock,$6.38,-0.03,-0.468%,1445450159.00,Cayman Islands,2017,1133175,Consumer Discretionary,Diversified Commercial Services
CTRA,Coterra Energy Inc. Common Stock,$31.18,0.15,0.483%,23674123254.00,United States,,23243047,Energy,Oil & Gas Production
CTRE,CareTrust REIT Inc. Common Stock,$39.89,-0.05,-0.125%,8911614081.00,United States,2022,2498871,Real Estate,Real Estate Investment Trusts
CTRI,Centuri Holdings Inc. Common Stock,$30.01,0.67,2.284%,3025501484.00,United States,2024,1952233,Utilities,Oil & Gas Production
CTRM,Castor Maritime Inc. Common Shares,$2.20,0.01,0.457%,21257179.00,Cyprus,,54211,Consumer Discretionary,Marine Transportation
CTRN,Citi Trends Inc. Common Stock,$47.04,0.43,0.923%,392561030.00,United States,2005,79032,Consumer Discretionary,Clothing/Shoe/Accessory Stores
CTS,CTS Corporation Common Stock,$47.48,-0.42,-0.877%,1362472311.00,United States,,388315,Technology,Electrical Products
CTSH,Cognizant Technology Solutions Corporation Class A Common Stock,$64.65,-1.61,-2.43%,30918663378.00,United States,1998,5306658,Technology,EDP Services
CTSO,Cytosorbents Corporation Common Stock,$0.8099,0.0119,1.491%,50865207.00,United States,,53588,Health Care,Medical/Dental Instruments
CTVA,Corteva Inc. Common Stock ,$78.30,1.34,1.741%,52658629200.00,United States,2019,3896270,Consumer Staples,Farming/Seeds/Milling
CTW,CTW Cayman Class A Ordinary Shares,$1.76,-0.02,-1.124%,109824000.00,Japan,2025,38247,Technology,EDP Services
CTXR,Citius Pharmaceuticals Inc. Common Stock,$0.839,0.0039,0.467%,18773822.00,United States,,404144,Health Care,Biotechnology: Pharmaceutical Preparations
CUB,Lionheart Holdings Class A Ordinary Shares,$10.71,-0.01,-0.093%,340241449.00,United States,2024,348,Industrials,Industrial Machinery/Components
CUBB,Customers Bancorp Inc 5.375% Subordinated Notes Due 2034,$22.925,-0.275,-1.185%,724968508.00,United States,2019,1921,Finance,Major Banks
CUBE,CubeSmart Common Shares,$40.08,-0.13,-0.323%,9101923873.00,United States,,2070495,Real Estate,Real Estate Investment Trusts
CUBI,Customers Bancorp Inc Common Stock,$67.03,-0.41,-0.608%,2293242023.00,United States,,437745,Finance,Major Banks
CUBWU,Lionheart Holdings Unit,$10.77,0.00,0.00%,0.00,United States,2024,3,Finance,Blank Checks
CUBWW,Lionheart Holdings Warrant,$0.1318,-0.0482,-26.778%,0.00,United States,2024,4453,,
CUE,Cue Biopharma Inc. Common Stock,$0.301,0.0012,0.40%,27174805.00,United States,2018,607225,Health Care,Biotechnology: Pharmaceutical Preparations
CUK,Carnival Plc ADS ADS,$26.24,0.51,1.982%,38216306692.00,United States,,5991598,Consumer Discretionary,Marine Transportation
CULP,Culp Inc. Common Stock,$3.15,-0.10,-3.077%,39887770.00,United States,,26464,Consumer Discretionary,Textiles
CUPR,Cuprina Holdings (Cayman) Limited Class A Ordinary Shares,$0.37,-0.0133,-3.47%,7770000.00,Singapore,2025,72819,Health Care,Biotechnology: Pharmaceutical Preparations
CURB,Curbline Properties Corp. Common Stock,$26.92,-0.46,-1.68%,2836504918.00,United States,2024,1365556,Finance,Real Estate
CURI,CuriosityStream Inc. Class A Common Stock,$3.19,-0.13,-3.916%,185972237.00,United States,2020,420081,Consumer Discretionary,Movies/Entertainment
CURR,Currenc Group Inc. Ordinary Shares,$2.19,-0.09,-3.947%,167779062.00,Singapore,,156757,Real Estate,Real Estate
CURV,Torrid Holdings Inc. Common Stock,$1.26,0.04,3.279%,124988147.00,United States,2021,410220,Consumer Discretionary,Clothing/Shoe/Accessory Stores
CURX,Curanex Pharmaceuticals Inc Common Stock,$0.3801,-0.0099,-2.538%,10772343.00,United States,2025,426489,Health Care,Biotechnology: Pharmaceutical Preparations
CUZ,Cousins Properties Incorporated Common Stock,$23.05,-0.17,-0.732%,3871984870.00,United States,,1855093,Real Estate,Real Estate Investment Trusts
CV,CapsoVision Inc. Common Stock,$5.10,-0.02,-0.391%,238900448.00,United States,2025,231488,Health Care,Biotechnology: Electromedical & Electrotherapeutic Apparatus
CVBF,CVB Financial Corporation Common Stock,$19.24,0.33,1.745%,2612797791.00,United States,,2172190,Finance,Major Banks
CVCO,Cavco Industries Inc. Common Stock When Issued,$526.63,-9.86,-1.838%,4087261271.00,United States,,227535,Consumer Discretionary,Homebuilding
CVE,Cenovus Energy Inc Common Stock,$22.82,0.09,0.396%,42979188000.00,Canada,,22198432,Energy,Oil & Gas Production
CVEO,Civeo Corporation (Canada) Common Shares,$28.56,-0.49,-1.687%,312740454.00,,2014,48602,Consumer Discretionary,Hotels/Resorts
CVGI,Commercial Vehicle Group Inc. Common Stock,$1.67,0.145,9.508%,61341406.00,United States,2004,153014,Consumer Discretionary,Auto Parts:O.E.M.
CVGW,Calavo Growers Inc. Common Stock,$25.83,-0.05,-0.193%,461687461.00,United States,,239572,Consumer Discretionary,Specialty Foods
CVI,CVR Energy Inc. Common Stock,$25.23,-1.60,-5.963%,2536387013.00,United States,2007,1414819,Energy,Integrated oil Companies
CVKD,Cadrenal Therapeutics Inc. Common Stock,$8.00,-0.28,-3.382%,18705016.00,United States,2023,21828,Health Care,Biotechnology: Pharmaceutical Preparations
CVLG,Covenant Logistics Group Inc. Class A Common Stock,$26.69,0.38,1.444%,669466418.00,United States,,187764,Industrials,Trucking Freight/Courier Services
CVLT,Commvault Systems Inc. Common Stock,$85.85,-1.19,-1.367%,3775201124.00,United States,2006,988163,Technology,Computer Software: Prepackaged Software
CVM,Cel-Sci Corporation Common Stock,$3.87,-0.07,-1.777%,32732332.00,United States,1997,20299,Health Care,Biotechnology: Biological Products (No Diagnostic Substances)
CVNA,Carvana Co. Class A Common Stock,$328.26,10.56,3.324%,71838278978.00,United States,2017,3087780,Consumer Discretionary,Retail-Auto Dealers and Gas Stations
CVR,Chicago Rivet & Machine Co. Common Stock,$14.01,-0.38,-2.641%,13535509.00,United States,1930,534,Industrials,Industrial Machinery/Components
CVRX,CVRx Inc. Common Stock,$7.86,-0.39,-4.727%,206809231.00,United States,2021,242820,Health Care,Medical/Dental Instruments
CVS,CVS Health Corporation Common Stock,$78.26,0.34,0.436%,99563237790.00,United States,,6872199,Consumer Staples,Retail-Drug Stores and Proprietary Stores
CVSA,Covista Inc. Common Shares,$103.13,1.08,1.058%,3558863977.00,United States,,332254,Real Estate,Other Consumer Services
CVU,CPI Aerostructures Inc. Common Stock,$4.81,0.17,3.664%,63421048.00,United States,2022,298671,Industrials,Military/Government/Technical
CVV,CVD Equipment Corporation Common Stock,$3.87,0.17,4.595%,26847498.00,United States,,42568,Technology,Industrial Machinery/Components
CVX,Chevron Corporation Common Stock,$189.44,-0.50,-0.263%,378005836508.00,United States,,15958954,Energy,Integrated oil Companies
CW,Curtiss-Wright Corporation Common Stock,$706.46,24.77,3.634%,26046848164.00,United States,,293313,Technology,Industrial Machinery/Components
CWAN,Clearwater Analytics Holdings Inc. Class A Common Stock,$23.39,-0.06,-0.256%,6910954722.00,United States,2021,3879449,Technology,Computer Software: Prepackaged Software
CWBC,Community West Bancshares Common Stock,$22.77,-0.07,-0.306%,436332721.00,United States,,116444,Finance,Major Banks
CWCO,Consolidated Water Co. Ltd. Ordinary Shares,$35.555,0.265,0.751%,566438651.00,Cayman Islands,,122689,Utilities,Water Supply
CWD,CaliberCos Inc. Class A Common Stock,$1.36,0.03,2.256%,8886674.00,United States,2023,29136,Finance,Real Estate
CWEN,Clearway Energy Inc. Class C Common Stock,$37.94,0.45,1.20%,7786005749.00,United States,2015,902923,Utilities,Electric Utilities: Central
CWH,Camping World Holdings Inc. Class A Common Stock,$7.47,0.11,1.495%,769311008.00,United States,2016,4859265,Consumer Discretionary,Retail-Auto Dealers and Gas Stations
CWK,Cushman & Wakefield Ltd. Common Shares,$12.77,0.11,0.869%,2960363071.00,,2018,1939826,Finance,Real Estate
CWST,Casella Waste Systems Inc. Class A Common Stock,$95.75,1.72,1.829%,6081538940.00,United States,1997,1176641,Utilities,Environmental Services
CWT,California Water Service Group Common Stock,$45.68,0.09,0.197%,2724485114.00,United States,,385272,Utilities,Water Supply
CX,Cemex S.A.B. de C.V. Sponsored ADR,$10.93,0.01,0.092%,15856620159.00,Mexico,,18729421,Industrials,Building Materials
CXAI,CXApp Inc. Class A Common Stock,$0.1924,-0.0064,-3.219%,6136777.00,United States,2021,4677513,Technology,EDP Services
CXAIW,CXApp Inc. Warrant,$0.0624,0.0048,8.333%,1990306.00,United States,2021,843,Technology,EDP Services
CXDO,Crexendo Inc. Common Stock,$6.94,-0.12,-1.70%,216199065.00,United States,,381178,Telecommunications,Telecommunications Equipment
CXE,MFS High Income Municipal Trust Common Stock,$3.80,-0.01,-0.262%,119797937.00,United States,1989,59655,Finance,Investment Managers
CXH,MFS Investment Grade Municipal Trust Common Stock,$8.212,-0.078,-0.941%,74813332.00,United States,1989,48120,Finance,Investment Managers
CXM,Sprinklr Inc. Class A Common Stock,$5.88,-0.07,-1.176%,1450514480.00,United States,2021,1798661,Technology,Computer Software: Prepackaged Software
CXT,Crane NXT Co. Common Stock,$45.58,-0.54,-1.171%,2618278057.00,United States,,787394,Industrials,Metal Fabrications
CXW,CoreCivic Inc. Common Stock,$17.92,-0.14,-0.775%,1750949366.00,United States,,943470,Real Estate,Real Estate Investment Trusts
CYCN,Cyclerion Therapeutics Inc. Common Stock,$1.49,0.08,5.674%,5848718.00,United States,,54535,Health Care,Biotechnology: Pharmaceutical Preparations
CYCU,Cycurion Inc. Common Stock,$1.64,0.02,1.235%,6868627.00,United States,2025,77699,Technology,EDP Services
CYCUW,Cycurion Inc. Warrant,$0.0212,0.0001,0.474%,88790.00,United States,2025,10604,Technology,EDP Services
CYD,China Yuchai International Limited Common Stock,$41.33,0.03,0.073%,1550632248.00,Singapore,1994,147844,Industrials,Industrial Machinery/Components
CYH,Community Health Systems Inc. Common Stock,$3.51,0.16,4.776%,486576404.00,United States,2000,2178977,Health Care,Hospital/Nursing Management
CYN,Cyngn Inc. Common Stock,$1.56,0.08,5.405%,12440033.00,United States,2021,353965,Technology,EDP Services
CYPH,Cypherpunk Technologies Inc. Common Stock,$0.5427,0.0292,5.686%,30744954.00,United States,,2305824,Health Care,Biotechnology: Pharmaceutical Preparations
CYRX,CryoPort Inc. Common Stock,$8.09,0.00,0.00%,403336132.00,United States,,430035,Health Care,Biotechnology: Pharmaceutical Preparations
CYTK,Cytokinetics Incorporated Common Stock,$62.42,2.01,3.327%,7687822413.00,United States,2004,2557773,Health Care,Biotechnology: Pharmaceutical Preparations
CZFS,Citizens Financial Services Inc. Common Stock,$61.20,-0.30,-0.488%,294150272.00,United States,,6799,Finance,Major Banks
CZNC,Citizens & Northern Corp Common Stock,$22.28,-0.02,-0.09%,396625730.00,United States,,49165,Finance,Major Banks
CZR,Caesars Entertainment Inc. Common Stock,$25.76,-0.64,-2.424%,5242701501.00,United States,,5959375,Consumer Discretionary,Hotels/Resorts
CZWI,Citizens Community Bancorp Inc. Common Stock,$17.87,0.17,0.96%,172063296.00,United States,2006,104565,Finance,Savings Institutions
D,Dominion Energy Inc. Common Stock,$62.91,-0.33,-0.522%,55284404046.00,United States,,3381791,Utilities,Electric Utilities: Central
DAAQ,Digital Asset Acquisition Corp. Class A Ordinary shares,$10.22,-0.01,-0.098%,0.00,United States,2025,99045,Finance,Blank Checks
DAAQU,Digital Asset Acquisition Corp. Units,$10.43,-0.32,-2.977%,0.00,United States,2025,20991,Finance,Blank Checks
DAAQW,Digital Asset Acquisition Corp. Warrant,$0.3614,-0.0746,-17.11%,0.00,United States,2025,10201,Finance,Blank Checks
DAC,Danaos Corporation Common Stock,$112.25,2.33,2.12%,2043340069.00,Greece,2006,90055,Consumer Discretionary,Marine Transportation
DAIC,CID HoldCo Inc. Common Stock,$0.243,-0.007,-2.80%,7113417.00,United States,,260977,Technology,EDP Services
DAICW,CID HoldCo Inc. Warrants,$0.03,0.00,0.00%,878200.00,United States,,681,Technology,EDP Services
DAIO,Data I/O Corporation Common Stock,$2.73,-0.01,-0.365%,25639947.00,United States,1981,11311,Industrials,Electrical Products
DAKT,Daktronics Inc. Common Stock,$20.98,-0.97,-4.419%,1013294348.00,United States,1994,1036632,Consumer Discretionary,Miscellaneous manufacturing industries
DAL,Delta Air Lines Inc. Common Stock,$60.58,1.57,2.661%,39566658291.00,United States,,28317625,Consumer Discretionary,Air Freight/Delivery Services
DAN,Dana Incorporated Common Stock ,$32.82,0.19,0.582%,3565661258.00,United States,,1816693,Consumer Discretionary,Auto Parts:O.E.M.
DAO,Youdao Inc. American Depositary Shares each representing one Class A Ordinary Share,$10.21,0.11,1.089%,1220802032.00,China,2019,81253,Real Estate,Other Consumer Services
DAR,Darling Ingredients Inc. Common Stock,$51.92,-0.99,-1.871%,8234696212.00,United States,1997,3273700,Consumer Staples,Packaged Foods
DARE,Dare Bioscience Inc. Common Stock,$1.53,0.00,0.00%,21862520.00,United States,2014,73303,Health Care,Biotechnology: Pharmaceutical Preparations
DASH,DoorDash Inc. Class A Common Stock,$176.59,-2.58,-1.44%,76715349500.00,United States,,4849063,Technology,EDP Services
DAVA,Endava plc American Depositary Shares (each representing one Class A Ordinary Share),$5.29,-0.21,-3.818%,287393020.00,United Kingdom,2018,419126,Technology,EDP Services
DAVE,Dave Inc. Class A Common Stock,$221.42,4.09,1.882%,3002366189.00,United States,,569631,Finance,Finance: Consumer Services
DAVEW,Dave Inc. Warrants,$0.5756,-0.0394,-6.407%,7804905.00,United States,,10144,Finance,Finance: Consumer Services
DAWN,Day One Biopharmaceuticals Inc. Common Stock,$21.33,0.13,0.613%,2203339749.00,United States,2021,12245998,Health Care,Biotechnology: Pharmaceutical Preparations
DB,Deutsche Bank AG Common Stock,$31.60,0.35,1.12%,61564791166.00,Germany,,5470086,Finance,Major Banks
DBCA,D. Boral Acquisition I Corp. Class A Ordinary Shares,$9.85,0.02,0.203%,0.00,United States,2026,57955,Finance,Blank Checks
DBCAU,D. Boral Acquisition I Corp. Unit,$10.05,0.07,0.701%,0.00,United States,2026,5692,Finance,Blank Checks
DBCAW,D. Boral Acquisition I Corp. Warrants,$0.35,0.067,23.675%,0.00,United States,2026,59664,Finance,Blank Checks
DBD,Diebold Nixdorf Incorporated Common stock,$75.32,-2.26,-2.913%,2649233222.00,United States,2023,291996,Miscellaneous,Office Equipment/Supplies/Services
DBGI,Digital Brands Group Inc. Common Stock,$3.12,-0.06,-1.887%,25547608.00,United States,2025,474784,Consumer Discretionary,Clothing/Shoe/Accessory Stores
DBI,Designer Brands Inc. Class A Common Stock,$6.02,-0.14,-2.273%,298809274.00,United States,,612381,Consumer Discretionary,Clothing/Shoe/Accessory Stores
DBL,DoubleLine Opportunistic Credit Fund Common Shares of Beneficial Interest,$14.49,-0.103,-0.706%,0.00,United States,2012,128775,,
DBRG,DigitalBridge Group Inc.,$15.38,-0.02,-0.13%,2814767532.00,United States,2014,4596679,Real Estate,Real Estate Investment Trusts
DBRG^H,DigitalBridge Group Inc. 7.125% Series H ,$17.10,-0.05,-0.292%,,United States,,18630,,
DBRG^I,DigitalBridge Group Inc. 7.15% Series I ,$17.00,-0.14,-0.817%,,United States,,18718,,
DBRG^J,DigitalBridge Group Inc. 7.125% Series J ,$17.10,-0.06,-0.35%,,United States,,27158,,
DBVT,DBV Technologies S.A. American Depositary Shares,$22.90,1.03,4.71%,774540380.00,France,2014,212257,Health Care,Biotechnology: Biological Products (No Diagnostic Substances)
DBX,Dropbox Inc. Class A Common Stock,$26.74,-0.05,-0.187%,6449375623.00,United States,2018,3138134,Technology,Computer Software: Prepackaged Software
DC,Dakota Gold Corp. Common Stock,$5.96,-0.14,-2.295%,675042080.00,United States,2022,1288317,Basic Materials,Metal Mining
DCBO,Docebo Inc. Common Shares,$18.95,-0.49,-2.521%,545086688.00,Canada,,189736,Technology,Computer Software: Prepackaged Software
DCGO,DocGo Inc. Common Stock,$0.6722,0.0003,0.045%,65750149.00,United States,2020,1107381,Health Care,Medical/Nursing Services
DCH,Dauch Corporation Common Stock,$5.79,0.22,3.95%,1366352727.00,United States,,7370475,Consumer Discretionary,Auto Parts:O.E.M.
DCI,Donaldson Company Inc. Common Stock,$88.95,0.22,0.248%,10301676915.00,United States,,473845,Industrials,Pollution Control Equipment
DCO,Ducommun Incorporated Common Stock,$131.48,2.57,1.994%,1970483792.00,United States,,146080,Industrials,Military/Government/Technical
DCOM,Dime Community Bancshares Inc. Common Stock,$31.77,-0.19,-0.594%,1394890062.00,United States,,307232,Finance,Major Banks
DCOMG,Dime Community Bancshares Inc. 9.000% Fixed-to-Floating Rate Subordinated Notes due 2034,$26.255,-0.025,-0.095%,1027847464.00,United States,,7060,Finance,Major Banks
DCOMP,Dime Community Bancshares Inc. Fixed-Rate Non-Cumulative Perpetual Preferred Stock Series A,$19.21,-0.07,-0.363%,843432108.00,United States,,2746,Finance,Major Banks
DCOY,Decoy Therapeutics Inc. Common Stock,$8.6101,1.0285,13.566%,54968402.00,United States,2015,46490,Health Care,Biotechnology: Pharmaceutical Preparations
DCTH,Delcath Systems Inc. Common Stock,$9.12,0.04,0.441%,316885225.00,United States,,430581,Health Care,Medical/Dental Instruments
DCX,Digital Currency X Technology Inc. Class A Ordinary Shares,$1.63,0.01,0.617%,38503937.00,Cayman Islands,,40005,Industrials,Auto Manufacturing
DD,DuPont de Nemours Inc. Common Stock,$45.24,-0.02,-0.044%,18499715291.00,United States,2017,5829453,Industrials,Major Chemicals
DDC,DDC Enterprise Limited Class A Ordinary Shares,$2.70,0.23,9.312%,65908431.00,,2023,37523,Consumer Staples,Packaged Foods
DDD,3D Systems Corporation Common Stock,$2.51,0.55,28.061%,323132415.00,United States,,10222505,Technology,Computer Software: Prepackaged Software
DDI,DoubleDown Interactive Co. Ltd. American Depository Shares,$8.87,-0.09,-1.004%,439539013.00,South Korea,2021,54694,Technology,EDP Services
DDL,Dingdong (Cayman) Limited American Depositary Shares (each two representing three Ordinary Shares),$2.77,0.10,3.745%,654350687.00,Cayman Islands,2021,1504636,Consumer Discretionary,Catalog/Specialty Distribution
DDOG,Datadog Inc. Class A Common Stock,$128.56,2.81,2.235%,45491126856.00,United States,2019,4763336,Technology,Computer Software: Prepackaged Software
DDS,Dillard's Inc. Common Stock,$589.37,-0.13,-0.022%,9201813771.00,United States,,115838,Consumer Discretionary,Department/Specialty Retail Stores
DDT,Dillard's Capital Trust I,$26.10,0.05,0.192%,407498413.00,United States,,7803,Consumer Discretionary,Department/Specialty Retail Stores
DE,Deere & Company Common Stock,$599.48,9.71,1.646%,161923913413.00,United States,,1499556,Industrials,Industrial Machinery/Components
DEA,Easterly Government Properties Inc. Common Stock,$22.56,0.03,0.133%,1044950233.00,United States,2015,671506,Real Estate,Real Estate Investment Trusts
DEC,Diversified Energy Company Common Stock,$14.73,0.18,1.237%,1130620166.00,,2025,1855181,,
DECK,Deckers Outdoor Corporation Common Stock,$104.32,0.07,0.067%,14808220975.00,United States,1993,2289236,Consumer Discretionary,Shoe Manufacturing
DEFT,Defi Technologies Inc. Common Stock,$0.6789,0.0089,1.328%,261972557.00,Canada,,2616036,Finance,Finance: Consumer Services
DEI,Douglas Emmett Inc. Common Stock,$10.09,0.00,0.00%,1689693749.00,United States,2006,3326280,Real Estate,Real Estate Investment Trusts
DELL,Dell Technologies Inc. Class C Common Stock ,$146.51,0.03,0.02%,97090654029.00,United States,2018,7394219,Technology,Computer Manufacturing
DEO,Diageo plc Common Stock,$82.07,0.27,0.33%,45680420110.00,United Kingdom,,1632043,Consumer Staples,Beverages (Production/Distribution)
DERM,Journey Medical Corporation Common Stock,$8.02,0.25,3.218%,266717836.00,United States,2021,97310,Health Care,Biotechnology: Pharmaceutical Preparations
DEVS,DevvStream Corp. Common Stock,$0.803,-0.009,-1.108%,3517150.00,Canada,2024,44989,Finance,Finance/Investors Services
DFDV,DeFi Development Corp. Common Stock,$3.88,0.25,6.887%,114336457.00,United States,2023,1300477,Finance,Finance: Consumer Services
DFDVW,DeFi Development Corp. Warrant,$0.8745,0.0245,2.882%,25769905.00,United States,,5868,,
DFH,Dream Finders Homes Inc. Class A Common Stock,$15.71,-0.69,-4.207%,1442325658.00,United States,2022,1213582,Consumer Discretionary,Homebuilding
DFIN,Donnelley Financial Solutions Inc. Common Stock ,$47.22,-2.42,-4.875%,1209775597.00,United States,2016,384352,Consumer Discretionary,Other Consumer Services
DFLI,Dragonfly Energy Holdings Corp. Common Stock (NV),$2.62,0.03,1.158%,31646228.00,United States,2021,214944,Miscellaneous,Industrial Machinery/Components
DFLIW,Dragonfly Energy Holdings Corp. Warrant,$0.0589,0.0258,77.946%,711436.00,United States,2021,56124,Miscellaneous,Industrial Machinery/Components
DFNS,T3 Defense Inc. Common Stock,$1.43,-0.27,-15.882%,34888874.00,United States,2020,2429498,Consumer Discretionary,Professional Services
DFNSW,T3 Defense Inc. Warrants,$0.1231,-0.0069,-5.308%,3003371.00,United States,2020,66959,Consumer Discretionary,Professional Services
DFP,Flaherty & Crumrine Dynamic Preferred and Income Fund Inc. Common Stock,$20.83,-0.30,-1.42%,0.00,,2013,62628,Finance,Investment Managers
DFSC,DEFSEC Technologies Inc. Common Stock,$2.30,-0.03,-1.288%,4585340.00,Canada,,17392,Technology,Computer Software: Prepackaged Software
DFSCW,DEFSEC Technologies Inc. Warrant,$0.0499,0.0049,10.889%,99482.00,Canada,,6149,Technology,Computer Software: Prepackaged Software
DFTX,Definium Therapeutics Inc. Common Shares,$18.35,0.69,3.907%,1807645270.00,United States,,1623650,Health Care, Medicinal Chemicals and Botanical Products 
DG,Dollar General Corporation Common Stock,$145.52,-0.79,-0.54%,32031698108.00,United States,2009,2770245,Consumer Discretionary,Department/Specialty Retail Stores
DGICA,Donegal Group Inc. Class A Common Stock,$16.99,-0.53,-3.025%,622540121.00,United States,,169246,Finance,Property-Casualty Insurers
DGICB,Donegal Group Inc. Class B Common Stock,$15.43,0.00,0.00%,565379286.00,United States,1986,193,Finance,Property-Casualty Insurers
DGII,Digi International Inc. Common Stock,$49.66,0.82,1.679%,1867770206.00,United States,1989,208910,Telecommunications,Computer Communications Equipment
DGNX,Diginex Limited Ordinary Shares,$0.59,-0.01,-1.667%,119150561.00,Hong Kong,2025,1584542,Technology,EDP Services
DGX,Quest Diagnostics Incorporated Common Stock,$201.58,2.37,1.19%,22146852786.00,United States,,819882,Health Care,Medical Specialities
DGXX,Digi Power X Inc. Subordinate Voting Shares,$2.73,0.01,0.368%,170405434.00,Canada,,1393953,Finance,Finance: Consumer Services
DH,Definitive Healthcare Corp. Class A Common Stock,$1.24,0.06,5.085%,129545740.00,United States,2021,434202,Technology,Computer Software: Prepackaged Software
DHC,Diversified Healthcare Trust Common Shares of Beneficial Interest,$7.27,0.34,4.906%,1760219852.00,United States,,1676426,Real Estate,Real Estate Investment Trusts
DHCNI,Diversified Healthcare Trust 5.625% Senior Notes due 2042,$17.64,-0.17,-0.955%,4258549257.00,United States,,2729,Real Estate,Real Estate Investment Trusts
DHCNL,Diversified Healthcare Trust 6.25% Senior Notes Due 2046,$18.22,-0.38,-2.043%,4398569585.00,United States,,28240,Real Estate,Real Estate Investment Trusts
DHF,BNY Mellon High Yield Strategies Fund Common Stock,$2.37,-0.02,-0.837%,0.00,United States,1998,512849,Finance,Finance Companies
DHI,D.R. Horton Inc. Common Stock,$147.69,0.43,0.292%,42786294408.00,United States,,2775237,Consumer Discretionary,Homebuilding
DHIL,Diamond Hill Investment Group Inc. Class A Common Stock,$172.68,0.14,0.081%,467164155.00,United States,,37192,Finance,Investment Managers
DHR,Danaher Corporation Common Stock,$198.80,3.30,1.688%,140579303973.00,United States,,3522588,Industrials,Industrial Machinery/Components
DHT,DHT Holdings Inc.,$18.97,0.90,4.981%,3045784843.00,Jersey,2005,8512339,Consumer Discretionary,Marine Transportation
DHX,DHI Group Inc. Common Stock,$2.53,-0.15,-5.597%,113774110.00,United States,2007,268841,Real Estate,Real Estate
DHY,Credit Suisse High Yield Credit Fund Common Stock,$1.87,0.00,0.00%,0.00,United States,1998,1114813,Finance,Finance/Investors Services
DIAX,Nuveen Dow 30SM Dynamic Overwrite Fund Common Shares of Beneficial Interest,$15.01,-0.05,-0.332%,0.00,,2014,117444,Finance,Finance Companies
DIBS,1stdibs.com Inc. Common Stock,$5.49,-0.11,-1.964%,198694651.00,United States,2021,292215,Consumer Discretionary,Catalog/Specialty Distribution
DIN,Dine Brands Global Inc. Common Stock,$30.86,-0.72,-2.28%,402611379.00,United States,,545571,Consumer Discretionary,Restaurants
DINO,HF Sinclair Corporation Common Stock,$52.79,-3.44,-6.118%,9516621542.00,United States,1960,4760780,Energy,Natural Gas Distribution
DIOD,Diodes Incorporated Common Stock,$62.31,0.42,0.679%,2858624408.00,United States,,511346,Technology,Semiconductors
DIS,Walt Disney Company (The) Common Stock,$101.66,0.12,0.118%,180092708053.00,United States,,11712294,Consumer Discretionary,Services-Misc. Amusement & Recreation
DIT,AMCON Distributing Company Common Stock,$111.86,0.00,0.00%,72788309.00,United States,1999,65,Consumer Discretionary,Food Distributors
DJCO,Daily Journal Corp. (S.C.) Common Stock,$525.08,13.72,2.683%,723414268.00,United States,,107232,Consumer Discretionary,Newspapers/Magazines
DJT,Trump Media & Technology Group Corp. Common Stock,$10.27,0.09,0.884%,2842030605.00,United States,2024,3096032,Technology,Computer Software: Programming Data Processing
DJTWW,Trump Media & Technology Group Corp. Warrants,$5.182,-0.068,-1.295%,1434021674.00,United States,2021,38633,Technology,Computer Software: Programming Data Processing
DK,Delek US Holdings Inc. Common Stock,$40.13,-2.16,-5.108%,2400111935.00,United States,2017,2551538,Energy,Integrated oil Companies
DKI,DarkIris Inc. Class A Ordinary Shares,$0.4262,-0.0068,-1.57%,8577275.00,Hong Kong,2025,40000,Technology,Computer Software: Prepackaged Software
DKL,Delek Logistics Partners L.P. Common Units representing Limited Partner Interests,$51.62,-0.43,-0.826%,2762307146.00,United States,2012,92927,Energy,Natural Gas Distribution
DKNG,DraftKings Inc. Class A Common Stock,$25.16,0.01,0.04%,12403663247.00,United States,2019,14986114,Consumer Discretionary,Services-Misc. Amusement & Recreation
DKS,Dick's Sporting Goods Inc Common Stock,$195.90,-1.35,-0.684%,17624908685.00,United States,2002,1663035,Consumer Discretionary,Other Specialty Stores
DLB,Dolby Laboratories Common Stock,$65.23,-0.06,-0.092%,6232062002.00,United States,2005,597859,Miscellaneous,Multi-Sector Companies
DLHC,DLH Holdings Corp.,$5.97,0.12,2.051%,86523419.00,United States,,2042,Consumer Discretionary,Professional Services
DLNG,Dynagas LNG Partners LP Common Units,$4.28,0.07,1.663%,156980907.00,Greece,,266726,Consumer Discretionary,Marine Transportation
DLNG^A,Dynagas LNG Partners LP 9.00% Series A Cumulative Redeemable Preferred Units,$26.655,0.115,0.433%,,Greece,,3085,,
DLO,DLocal Limited Class A Common Shares,$11.60,-0.01,-0.086%,3406960786.00,Uruguay,2021,677777,Real Estate,Real Estate
DLPN,Dolphin Entertainment Inc. Common Stock,$1.63,0.00,0.00%,19759548.00,United States,,12687,Consumer Discretionary,Other Consumer Services
DLR,Digital Realty Trust Inc. Common Stock,$179.65,3.46,1.964%,61730514515.00,United States,2004,2092961,Real Estate,Real Estate Investment Trusts
DLR^J,Digital Realty Trust Inc. 5.250% Series J Cumulative Redeemable Preferred Stock,$20.74,-0.03,-0.144%,,United States,,7536,,
DLR^K,Digital Realty Trust Inc. 5.850% Series K Cumulative Redeemable Preferred Stock par value $0.01 per share,$23.23,-0.11,-0.471%,,United States,,11849,,
DLR^L,Digital Realty Trust Inc. 5.200% Series L Cumulative Redeemable Preferred Stock,$20.37,-0.12,-0.586%,,United States,,21554,,
DLTH,Duluth Holdings Inc. Class B Common Stock,$2.18,-0.06,-2.679%,80063099.00,United States,2015,60277,Consumer Discretionary,Clothing/Shoe/Accessory Stores
DLTR,Dollar Tree Inc. Common Stock,$115.85,0.06,0.052%,23037141714.00,United States,1995,2638775,Consumer Discretionary,Department/Specialty Retail Stores
DLX,Deluxe Corporation Common Stock,$27.79,0.17,0.615%,1252814857.00,United States,,412176,Consumer Discretionary,Publishing
DLXY,Delixy Holdings Limited Ordinary Shares,$1.06,0.00,0.00%,17331000.00,Singapore,2025,2164093,Energy,Oil Refining/Marketing
DLY,DoubleLine Yield Opportunities Fund Common Shares of Beneficial Interest,$14.08,-0.18,-1.262%,675076568.00,United States,2020,260843,Finance,Investment Managers
DMA,Destra Multi-Alternative Fund Common Stock,$8.09,-0.10,-1.221%,0.00,,2022,62851,Finance,Trusts Except Educational Religious and Charitable
DMAA,Drugs Made In America Acquisition Corp. Ordinary Shares,$10.47,-0.0001,-0.001%,0.00,United States,2025,64889,,
DMAAR,Drugs Made In America Acquisition Corp. Rights,$0.0654,0.00,0.00%,0.00,United States,2025,4224,Finance,Blank Checks
DMAC,DiaMedica Therapeutics Inc. Common Stock,$7.79,0.08,1.038%,405683250.00,United States,2018,117777,Health Care,Biotechnology: Pharmaceutical Preparations
DMB,BNY Mellon Municipal Bond Infrastructure Fund Inc. Common Stock,$10.91,-0.04,-0.365%,0.00,,2013,47597,Finance,Trusts Except Educational Religious and Charitable
DMII,Drugs Made In America Acquisition II Corp. Ordinary Shares,$9.94,0.00,0.00%,0.00,United States,2025,704,Finance,Blank Checks
DMIIR,Drugs Made In America Acquisition II Corp. Right,$0.11,-0.0035,-3.084%,0.00,United States,2025,238,Finance,Blank Checks
DMIIU,Drugs Made In America Acquisition II Corp. Unit,$10.03,-0.05,-0.496%,0.00,United States,2025,66068,,
DMLP,Dorchester Minerals L.P. Common Units Representing Limited Partnership Interests,$26.81,-0.07,-0.26%,1293728615.00,United States,,228205,Energy,Oil & Gas Production
DMO,Western Asset Mortgage Opportunity Fund Inc. Common Stock,$10.75,-0.08,-0.739%,0.00,United States,2010,80996,Finance,Trusts Except Educational Religious and Charitable
DMRC,Digimarc Corporation Common Stock,$5.16,-0.18,-3.371%,112266053.00,United States,,219500,Technology,EDP Services
DNA,Ginkgo Bioworks Holdings Inc. Class A Common Stock,$6.61,0.11,1.692%,409319967.00,United States,2021,818163,Health Care,Biotechnology: Biological Products (No Diagnostic Substances)
DNLI,Denali Therapeutics Inc. Common Stock,$21.31,1.62,8.228%,3379584673.00,United States,2017,2625275,Health Care,Biotechnology: Biological Products (No Diagnostic Substances)
DNMX,Dynamix Corporation III Class A Ordinary Shares,$9.92,-0.01,-0.101%,0.00,United States,2025,274,Finance,Blank Checks
DNMXU,Dynamix Corporation III Unit,$10.10,0.02,0.198%,0.00,United States,2025,300,Finance,Blank Checks
DNMXW,Dynamix Corporation III Warrants,$0.31,0.00,0.00%,0.00,United States,2025,8312,Finance,Blank Checks
DNN,Denison Mines Corp Ordinary Shares (Canada),$3.81,0.14,3.815%,3418676961.00,Canada,,42745490,Basic Materials,Other Metals and Minerals
DNOW,DNOW Inc. Common Stock,$11.82,0.25,2.161%,2202611434.00,United States,2014,3546052,Consumer Discretionary,Oil and Gas Field Machinery
DNP,DNP Select Income Fund Inc. Common Stock,$10.22,-0.13,-1.256%,0.00,United States,1987,1810132,Finance,Investment Managers
DNTH,Dianthus Therapeutics Inc. Common Stock,$79.23,14.03,21.518%,3424565421.00,United States,2018,4610994,Health Care,Biotechnology: Pharmaceutical Preparations
DNUT,Krispy Kreme Inc. Common Stock,$3.42,-0.09,-2.564%,585846000.00,United States,2021,2091856,Consumer Staples,Food Chains
DOC,Healthpeak Properties Inc. Common Stock,$17.42,0.14,0.81%,12107666428.00,United States,,5853352,Real Estate,Real Estate Investment Trusts
DOCN,DigitalOcean Holdings Inc. Common Stock,$57.53,3.08,5.657%,5292535288.00,United States,2021,2320851,Technology,Computer Software: Programming Data Processing
DOCS,Doximity Inc. Class A Common Stock,$25.49,0.15,0.592%,4708231339.00,United States,2021,2013798,Technology,EDP Services
DOCU,DocuSign Inc. Common Stock,$48.69,0.00,0.00%,9751279711.00,United States,1989,3518717,Technology,Computer Software: Prepackaged Software
DOGZ,Dogness (International) Corporation Class A Common Stock,$1.59,0.06,3.922%,23071946.00,China,2017,141421,Consumer Discretionary,Miscellaneous manufacturing industries
DOLE,Dole plc Ordinary Shares,$15.04,-0.22,-1.442%,1431276261.00,Ireland,2021,642667,Consumer Staples,Farming/Seeds/Milling
DOMH,Dominari Holdings Inc. Common Stock,$3.21,0.23,7.718%,52074016.00,United States,,116313,Health Care,Biotechnology: Pharmaceutical Preparations
DOMO,Domo Inc. Class B Common Stock,$4.27,0.05,1.185%,178479561.00,United States,2018,659958,Technology,Computer Software: Prepackaged Software
DOO,BRP Inc. Common Subordinate Voting Shares,$65.60,-0.035,-0.053%,4812045163.00,Canada,,343437,Consumer Discretionary,Industrial Specialties
DORM,Dorman Products Inc. Common Stock,$107.75,-1.58,-1.445%,3252246265.00,United States,,272243,Consumer Discretionary,Auto Parts:O.E.M.
DOUG,Douglas Elliman Inc. Common Stock,$2.22,-0.07,-3.057%,197178113.00,United States,2021,761740,Finance,Real Estate
DOV,Dover Corporation Common Stock,$211.00,2.58,1.238%,28456858086.00,United States,,1334390,Industrials,Industrial Machinery/Components
DOW,Dow Inc. Common Stock ,$34.31,1.03,3.095%,24690140688.00,United States,2019,28435390,Industrials,Major Chemicals
DOX,Amdocs Limited Ordinary Shares,$69.26,-0.45,-0.646%,7476585071.00,Guernsey,,1520726,Technology,EDP Services
DOYU,DouYu International Holdings Limited ADS,$5.09,0.13,2.621%,153610392.00,China,2019,29524,Technology,Computer Software: Programming Data Processing
DPG,Duff & Phelps Utility and Infrastructure Fund Inc.,$14.20,-0.18,-1.252%,0.00,United States,2011,153542,Finance,Trusts Except Educational Religious and Charitable
DPRO,Draganfly Inc. Common Shares,$6.32,-0.29,-4.387%,147009596.00,Canada,,3175401,Industrials,Aerospace
DPZ,Domino's Pizza Inc Common Stock,$415.78,7.37,1.805%,13982222795.00,United States,2004,1099519,Consumer Discretionary,Food Distributors
DQ,DAQO New Energy Corp. American Depositary Shares each representing five ordinary shares,$22.72,0.56,2.527%,1523528565.00,China,2010,605200,Technology,Semiconductors
DRCT,Direct Digital Holdings Inc. Class A Common Stock,$0.975,-0.021,-2.108%,2316678.00,United States,2022,66472,Consumer Discretionary,Advertising
DRD,DRDGOLD Limited American Depositary Shares,$33.90,0.96,2.914%,2930955727.00,South Africa,,399267,Basic Materials,Precious Metals
DRDB,Roman DBDR Acquisition Corp. II Ordinary shares,$10.45,0.01,0.096%,0.00,United States,2025,237724,,
DRDBW,Roman DBDR Acquisition Corp. II Warrants,$0.3801,0.00,0.00%,0.00,United States,2025,7,,
DRH,Diamondrock Hospitality Company Common Stock,$9.48,-0.12,-1.25%,1931106165.00,United States,2005,2908706,Real Estate,Real Estate Investment Trusts
DRI,Darden Restaurants Inc. Common Stock,$201.64,-1.54,-0.758%,23216678168.00,United States,,2056700,Consumer Discretionary,Restaurants
DRIO,DarioHealth Corp. Common Stock,$9.56,-0.14,-1.443%,64703839.00,Israel,,4485,Health Care,Medical/Dental Instruments
DRMA,Dermata Therapeutics Inc. Common Stock,$1.33,0.08,6.40%,3771006.00,United States,2021,169287,Health Care,Biotechnology: Pharmaceutical Preparations
DRMAW,Dermata Therapeutics Inc. Warrant,$0.0183,0.0018,10.909%,51887.00,United States,2021,230,Health Care,Biotechnology: Pharmaceutical Preparations
DRS,Leonardo DRS Inc. Common Stock,$47.41,0.83,1.782%,12603768010.00,Israel,,1651255,Industrials,Industrial Machinery/Components
DRTS,Alpha Tau Medical Ltd. Ordinary Shares,$6.71,0.30,4.68%,569142173.00,Israel,,354658,Health Care,Medical/Dental Instruments
DRTSW,Alpha Tau Medical Ltd. Warrant,$0.9699,-0.0075,-0.767%,82266914.00,Israel,,5840,Health Care,Medical/Dental Instruments
DRUG,Bright Minds Biosciences Inc. Common Stock,$80.46,3.59,4.67%,787474974.00,Canada,,80334,Health Care,Biotechnology: Pharmaceutical Preparations
DRVN,Driven Brands Holdings Inc. Common Stock,$10.36,-0.12,-1.145%,1703745698.00,United States,2021,2552714,Consumer Discretionary,Automotive Aftermarket
DSAC,Daedalus Special Acquisition Corp. Class A Ordinary Shares,$9.95,0.00,0.00%,0.00,Cayman Islands,2026,3124,Finance,Blank Checks
DSACU,Daedalus Special Acquisition Corp. Unit,$10.08,-0.07,-0.69%,0.00,Cayman Islands,2025,332,Finance,Blank Checks
DSACW,Daedalus Special Acquisition Corp. Warrant,$0.6788,0.2153,46.451%,0.00,Cayman Islands,2026,379,Finance,Blank Checks
DSGN,Design Therapeutics Inc. Common Stock,$10.37,0.32,3.184%,590714160.00,United States,2021,163258,Health Care,Biotechnology: Pharmaceutical Preparations
DSGR,Distribution Solutions Group Inc. Common Stock,$21.47,-0.62,-2.807%,991619711.00,United States,,292638,Consumer Discretionary,Industrial Specialties
DSGX,Descartes Systems Group Inc. (The) Common Stock,$72.26,0.52,0.725%,6213407830.00,Canada,,963258,Technology,Computer Software: Prepackaged Software
DSL,DoubleLine Income Solutions Fund Common Shares of Beneficial Interests,$11.06,-0.07,-0.629%,1128084918.00,United States,2013,1171287,Finance,Trusts Except Educational Religious and Charitable
DSM,BNY Mellon Strategic Municipal Bond Fund Inc. Common Stock,$6.065,-0.033,-0.541%,0.00,United States,1989,46028,Finance,Investment Managers
DSP,Viant Technology Inc. Class A Common Stock,$10.12,-0.23,-2.222%,631828093.00,United States,2021,101241,Technology,Computer Software: Programming Data Processing
DSS,DSS Inc. Common Stock,$0.92,0.0226,2.518%,8365117.00,United States,,36358,Consumer Discretionary,Containers/Packaging
DSU,Blackrock Debt Strategies Fund Inc. Common Stock,$9.78,-0.01,-0.102%,0.00,United States,1998,478447,Finance,Finance Companies
DSWL,Deswell Industries Inc. Common Shares,$3.30,-0.02,-0.602%,52586289.00,Macau,1995,4822,Industrials,Plastic Products
DSX,Diana Shipping inc. common stock,$2.47,0.11,4.661%,285946617.00,Greece,2005,1603544,Consumer Discretionary,Marine Transportation
DSX^B,Diana Shipping Inc. Perpetual Preferred Shares Series B (Marshall Islands),$27.031,0.031,0.115%,,Greece,,9755,,
DSY,Big Tree Cloud Holdings Limited Class A Ordinary Shares,$3.29,-0.50,-13.193%,15633659.00,China,,33867,Consumer Discretionary,Containers/Packaging
DSYWW,Big Tree Cloud Holdings Limited Warrants,$0.0201,0.00,0.00%,95513.00,China,,8364,Consumer Discretionary,Containers/Packaging
DT,Dynatrace Inc. Common Stock,$38.89,-0.39,-0.993%,11598985823.00,United States,2019,4452137,Technology,Computer Software: Prepackaged Software
DTB,DTE Energy Company 2020 Series G 4.375% Junior Subordinated Debentures due 2080,$17.31,-0.12,-0.688%,3597083155.00,United States,2020,21576,Utilities,Electric Utilities: Central
DTCK,Davis Commodities Limited Class A Ordinary Shares,$2.49,1.06,74.126%,3407650.00,Singapore,2023,35668040,Industrials,Farming/Seeds/Milling
DTCX,Datacentrex Inc. Common Stock,$2.69,0.30,12.552%,86722789.00,United States,,285183,Technology,EDP Services
DTE,DTE Energy Company Common Stock,$148.96,-1.17,-0.779%,30954448685.00,United States,,989724,Utilities,Electric Utilities: Central
DTF,DTF Tax-Free Income 2028 Term Fund Inc. Common Stock,$11.45,-0.0446,-0.388%,80488542.00,United States,1991,1472,Finance,Investment Managers
DTG,DTE Energy Company 2021 Series E 4.375% Junior Subordinated Debentures,$17.15,-0.06,-0.349%,3563834553.00,United States,2021,31702,Utilities,Electric Utilities: Central
DTI,Drilling Tools International Corporation Common Stock,$3.77,0.16,4.432%,132699393.00,United States,2021,364889,Consumer Discretionary,Oil and Gas Field Machinery
DTIL,Precision BioSciences Inc. Common Stock,$4.71,0.10,2.169%,107848002.00,United States,2019,569530,Health Care,Biotechnology: Biological Products (No Diagnostic Substances)
DTK,DTE Energy Company 2025 Series H 6.25% Junior Subordinated Debentures due 2085,$24.93,-0.06,-0.24%,0.00,United States,2025,33256,Utilities,Electric Utilities: Central
DTM,DT Midstream Inc. Common Stock ,$140.05,-1.50,-1.06%,14246092014.00,United States,2021,961589,Utilities,Natural Gas Distribution
DTSQ,DT Cloud Star Acquisition Corporation Ordinary Shares,$11.12,0.06,0.542%,0.00,United States,2024,3706,,
DTSQR,DT Cloud Star Acquisition Corporation Right,$0.151,0.0007,0.466%,0.00,United States,2024,800,,
DTSQU,DT Cloud Star Acquisition Corporation Units,$10.9475,0.00,0.00%,0.00,United States,2024,56,,
DTSS,Datasea Inc. Common Stock,$0.8271,-0.0529,-6.011%,8640840.00,China,,8721,Technology,Computer Software: Prepackaged Software
DTST,Data Storage Corporation Common Stock,$3.89,-0.10,-2.506%,29168613.00,United States,,14048,Technology,EDP Services
DTSTW,Data Storage Corporation Warrant,$0.0696,-0.0001,-0.143%,521886.00,United States,,10466,Technology,EDP Services
DTW,DTE Energy Company 2017 Series E 5.25% Junior Subordinated Debentures due 2077,$21.86,-0.15,-0.682%,4542590281.00,United States,2017,24061,Utilities,Electric Utilities: Central
DUK,Duke Energy Corporation (Holding Company) Common Stock,$131.08,-1.42,-1.072%,101937097115.00,United States,,7056564,Utilities,Power Generation
DUK^A,Duke Energy Corporation Depositary Shares each representing a 1/1000th interest in a share of 5.75% Series A Cumulative Redeemable Perpetual Preferred Stock,$24.99,-0.02,-0.08%,,United States,,74271,,
DUKB,Duke Energy Corporation 5.625% Junior Subordinated Debentures due 2078,$24.69,-0.11,-0.444%,19200693682.00,United States,2018,38694,Utilities,Power Generation
DUO,Fangdd Network Group Ltd. Class A Ordinary Shares,$1.06,-0.03,-2.752%,4131678.00,China,2019,26716,Finance,Real Estate
DUOL,Duolingo Inc. Class A Common Stock,$100.42,-1.50,-1.472%,4714748222.00,United States,2021,3046769,Technology,Computer Software: Prepackaged Software
DUOT,Duos Technologies Group Inc. Common Stock,$7.49,-0.03,-0.399%,156362693.00,United States,,572548,Technology,Computer Software: Prepackaged Software
DV,DoubleVerify Holdings Inc. Common Stock,$10.80,-0.21,-1.907%,1749470087.00,United States,2021,2670937,Technology,Computer Software: Programming Data Processing
DVA,DaVita Inc. Common Stock,$152.56,1.80,1.194%,10191008000.00,United States,,1042485,Health Care,Misc Health and Biotechnology Services
DVLT,Datavault AI Inc. Common Stock,$0.6825,-0.0095,-1.373%,395839013.00,United States,2018,33630640,Technology,Semiconductors
DVN,Devon Energy Corporation Common Stock,$44.82,0.34,0.764%,27788400000.00,United States,1985,25624265,Energy,Oil & Gas Production
DVS,Dolly Varden Silver Corporation Common Shares,$4.43,0.03,0.682%,406969835.00,,2025,696537,,
DWSN,Dawson Geophysical Company Common Stock,$3.90,0.25,6.849%,121086424.00,United States,,265580,Energy,Oil & Gas Production
DWTX,Dogwood Therapeutics Inc. Common Stock,$3.06,0.17,5.882%,101884392.00,United States,2020,48836,Health Care,Biotechnology: Pharmaceutical Preparations
DX,Dynex Capital Inc. Common Stock,$13.42,-0.02,-0.149%,2710615363.00,United States,,9718024,Real Estate,Real Estate Investment Trusts
DX^C,Dynex Capital Inc. 6.900% Series C Fixed-to-Floating Rate Cumulative Redeemable Preferred Stock,$25.84,-0.10,-0.386%,,United States,,10633,,
DXC,DXC Technology Company Common Stock ,$12.51,-0.44,-3.398%,2123697137.00,United States,,2308811,Technology,EDP Services
DXCM,DexCom Inc. Common Stock,$68.74,0.64,0.94%,26455609239.00,United States,2005,4072909,Health Care,Medical/Dental Instruments
DXF,Eason Technology Limited American Depositary Shares (each representing sixty-thousand (60000) Ordinary Shares),$1.17,0.01,0.862%,1623896.00,,,20247,Finance,Finance: Consumer Services
DXLG,Destination XL Group Inc. Common Stock,$0.4875,-0.0015,-0.307%,26645002.00,United States,,138044,Consumer Discretionary,Clothing/Shoe/Accessory Stores
DXPE,DXP Enterprises Inc. Common Stock,$137.64,2.30,1.699%,2136477397.00,United States,,70974,Industrials,Industrial Machinery/Components
DXR,Daxor Corporation Common Stock,$11.30,-0.075,-0.659%,56936632.00,United States,,2546,Health Care,Medical/Dental Instruments
DXST,Decent Holding Inc Class A Ordinary Shares,$0.265,-0.015,-5.357%,12025054.00,China,2025,108418131,Industrials,Miscellaneous
DXYZ,Destiny Tech100 Inc. Common Stock,$25.85,-0.76,-2.856%,0.00,,2024,861920,,
DY,Dycom Industries Inc. Common Stock,$360.29,3.22,0.902%,10797915439.00,United States,,648159,Industrials,Water Sewer Pipeline Comm & Power Line Construction
DYAI,Dyadic International Inc. Common Stock,$0.80,0.0324,4.221%,28950238.00,United States,,309459,Health Care,Biotechnology: Biological Products (No Diagnostic Substances)
DYN,Dyne Therapeutics Inc. Common Stock,$17.69,2.83,19.044%,2919329735.00,United States,2020,5279862,Health Care,Biotechnology: Pharmaceutical Preparations
DYOR,Insight Digital Partners II Class A Ordinary Shares,$9.95,0.00,0.00%,0.00,United States,2025,1967,Finance,Blank Checks
DYORW,Insight Digital Partners II Warrants,$0.32,0.00,0.00%,0.00,United States,2025,4,Finance,Blank Checks
E,ENI S.p.A. Common Stock,$48.33,0.57,1.193%,79369713561.00,Italy,,585751,Energy,Oil & Gas Production
EA,Electronic Arts Inc. Common Stock,$199.27,1.27,0.641%,49868057390.00,United States,,3344247,Consumer Discretionary,Services-Misc. Amusement & Recreation
EAD,Allspring Income Opportunities Fund Common Shares,$6.66,-0.01,-0.15%,0.00,United States,2003,275132,Finance,Finance/Investors Services
EAF,GrafTech International Ltd. Common Stock,$5.51,-0.32,-5.489%,142268806.00,United States,2018,559293,Energy,Industrial Machinery/Components
EAI,Entergy Arkansas LLC First Mortgage Bonds 4.875% Series Due September 1 2066,$20.84,-0.17,-0.809%,9440308203.00,United States,2016,17768,Utilities,Electric Utilities: Central
EARN,Ellington Credit Company Common Shares of Beneficial Interest,$4.53,-0.05,-1.092%,170143153.00,United States,2013,737706,Real Estate,Real Estate Investment Trusts
EAT,Brinker International Inc. Common Stock,$137.57,2.76,2.047%,5991218623.00,United States,,1205667,Consumer Discretionary,Restaurants
EB,Eventbrite Inc. Class A Common Stock,$4.51,0.07,1.577%,440514954.00,United States,2018,19512344,Technology,Computer Software: Programming Data Processing
EBAY,eBay Inc. Common Stock,$92.91,0.20,0.216%,41623680000.00,United States,1998,4229458,Real Estate,Real Estate
EBC,Eastern Bankshares Inc. Common Stock,$18.98,-0.01,-0.053%,4453424913.00,United States,2020,2333257,Finance,Savings Institutions
EBF,Ennis Inc. Common Stock,$21.16,-0.15,-0.704%,535197045.00,United States,,176051,Consumer Discretionary,Office Equipment/Supplies/Services
EBMT,Eagle Bancorp Montana Inc. Common Stock,$21.20,-0.195,-0.911%,168586152.00,United States,2010,34146,Finance,Major Banks
EBON,Ebang International Holdings Inc. Class A Ordinary Shares,$2.4035,0.0035,0.146%,15728355.00,China,2020,1141,Technology,Semiconductors
EBS,Emergent BioSolutions Inc. Common Stock,$8.35,0.06,0.724%,432286656.00,United States,2006,1183369,Health Care,Biotechnology: Pharmaceutical Preparations
EC,Ecopetrol S.A. American Depositary Shares,$12.84,-0.08,-0.619%,26396917997.00,Colombia,,6173210,Energy,Oil & Gas Production
ECAT,BlackRock ESG Capital Allocation Term Trust Common Shares of Beneficial Interest,$14.57,-0.02,-0.137%,1575526950.00,United States,2021,658299,Finance,Trusts Except Educational Religious and Charitable
ECBK,ECB Bancorp Inc. Common Stock,$17.19,0.18,1.058%,151218539.00,United States,2022,10445,Finance,Banks
ECC           ,Eagle Point Credit Company Inc. Common Stock,$4.06,0.05,1.247%,246289847.00,United States,2014,2434349,Finance,Trusts Except Educational Religious and Charitable
ECC^D,Eagle Point Credit Company Inc. 6.75% Series D Preferred Stock,$18.6766,0.0066,0.035%,,United States,,17835,,
ECCC,Eagle Point Credit Company Inc. 6.50% Series C Term Preferred Stock due 2031,$23.73,-0.05,-0.21%,1439521695.00,United States,,20680,Finance,Trusts Except Educational Religious and Charitable
ECCU,Eagle Point Credit Company Inc. 7.75% Notes due 2030,$25.35,0.05,0.198%,0.00,United States,2024,8575,,
ECCV,Eagle Point Credit Company Inc. 5.375% Notes due 2029,$23.80,0.10,0.422%,1443768071.00,United States,2022,9418,Finance,Trusts Except Educational Religious and Charitable
ECCW,Eagle Point Credit Company Inc. 6.75% Notes due 2031,$24.97,0.14,0.564%,1514743224.00,United States,2021,1829,Finance,Trusts Except Educational Religious and Charitable
ECCX,Eagle Point Credit Company Inc. 6.6875% Notes due 2028,$24.80,-0.15,-0.601%,1504430595.00,United States,2022,561,Finance,Trusts Except Educational Religious and Charitable
ECF,Ellsworth Growth and Income Fund Ltd.,$11.27,0.08,0.715%,0.00,United States,1986,12008,Finance,Finance/Investors Services
ECF^A,Ellsworth Growth and Income Fund Ltd. 5.25% Series A Cumulative Preferred Shares (Liquidation Preference $25.00 per share),$21.645,0.205,0.956%,,United States,,1075,,
ECG,Everus Construction Group Inc. Common Stock,$116.17,5.92,5.37%,5925450546.00,United States,2024,595869,Consumer Discretionary,Homebuilding
ECL,Ecolab Inc. Common Stock,$281.86,-0.83,-0.294%,79475908613.00,United States,,1639915,Consumer Discretionary,Package Goods/Cosmetics
ECO,Okeanis Eco Tankers Corp. Common Stock,$48.57,0.88,1.845%,1896398893.00,,,631861,Consumer Discretionary,Marine Transportation
ECOR,electroCore Inc. Common Stock,$6.64,-0.21,-3.066%,53092796.00,United States,2018,55625,Health Care,Biotechnology: Electromedical & Electrotherapeutic Apparatus
ECPG,Encore Capital Group Inc Common Stock,$68.19,-2.49,-3.523%,1459966516.00,United States,,480351,Finance,Finance Companies
ECVT,Ecovyst Inc. Common Stock,$11.23,0.20,1.813%,1241881881.00,United States,2017,2464429,Industrials,Major Chemicals
ECX,ECARX Holdings Inc. Class A Ordinary shares,$1.63,-0.145,-8.169%,563539942.00,China,,6303258,Technology,EDP Services
ECXWW,ECARX Holdings Inc. Warrants,$0.0649,0.0001,0.154%,22437879.00,China,,30502,Technology,EDP Services
ED,Consolidated Edison Inc. Common Stock,$111.80,-0.48,-0.428%,40387463568.00,United States,,2255751,Utilities,Power Generation
EDAP,EDAP TMS S.A. American Depositary Shares,$4.19,0.06,1.453%,156672840.00,France,1997,25294,Health Care,Biotechnology: Electromedical & Electrotherapeutic Apparatus
EDBL,Edible Garden AG Incorporated Common Stock,$2.82,0.26,10.156%,1445718.00,United States,2022,483942,Consumer Staples,Farming/Seeds/Milling
EDBLW,Edible Garden AG Incorporated Warrant,$0.1398,0.00,0.00%,71671.00,United States,2022,233,Consumer Staples,Farming/Seeds/Milling
EDD,Morgan Stanley Emerging Markets Domestic Debt Fund Inc. Common Stock,$5.47,-0.04,-0.726%,0.00,United States,2007,768187,Finance,Finance Companies
EDF,Virtus Stone Harbor Emerging Markets Income Fund Common Shares of Beneficial Interest,$5.00,0.00,0.00%,0.00,United States,2010,299627,Finance,Investment Managers
EDHL,Everbright Digital Holding Limited Ordinary Shares,$3.12,-0.13,-4.00%,5198700.00,Hong Kong,2025,232438,Consumer Discretionary,Advertising
EDIT,Editas Medicine Inc. Common Stock,$2.32,0.32,16.00%,226475291.00,United States,2016,4943028,Health Care,Biotechnology: Biological Products (No Diagnostic Substances)
EDN,Empresa Distribuidora Y Comercializadora Norte S.A. (Edenor) American Depositary Shares,$25.65,0.30,1.183%,1162528666.00,Argentina,2007,124936,Utilities,Electric Utilities: Central
EDRY,EuroDry Ltd. Common Shares ,$19.39,-0.81,-4.01%,54809655.00,Greece,,34321,Consumer Discretionary,Marine Transportation
EDSA,Edesa Biotech Inc. Common Shares,$7.14,0.62,9.509%,59605870.00,United States,,6135249,Health Care,Biotechnology: Pharmaceutical Preparations
EDTK,Skillful Craftsman Education Technology Limited Ordinary Share,$0.875,0.004,0.459%,13938270.00,China,2020,16721,Real Estate,Other Consumer Services
EDU,New Oriental Education & Technology Group Inc. Sponsored ADR representing 10 Ordinary Share (Cayman Islands),$53.17,0.50,0.949%,21154448447.00,China,2006,813564,Real Estate,Other Consumer Services
EDUC,Educational Development Corporation Common Stock,$1.325,-0.005,-0.376%,11277557.00,United States,,7236,Consumer Discretionary,Consumer Specialties
EE,Excelerate Energy Inc. Class A Common Stock,$37.15,1.17,3.252%,4237585335.00,United States,2022,584351,Utilities,Oil/Gas Transmission
EEA,The European Equity Fund Inc. Common Stock,$10.33,-0.005,-0.048%,0.00,United States,,58432,Finance,Trusts Except Educational Religious and Charitable
EEFT,Euronet Worldwide Inc. Common Stock,$72.49,-0.84,-1.146%,2851080341.00,United States,1997,479288,Finance,Investment Bankers/Brokers/Service
EEIQ,EpicQuest Education Group International Limited Common Stock,$2.74,0.44,19.13%,4053772.00,United States,2021,117855,Real Estate,Other Consumer Services
EEX,Emerald Holding Inc. Common Stock,$4.44,0.13,3.016%,878264656.00,United States,2017,26551,Real Estate,Real Estate
EFC,Ellington Financial Inc. Common Stock ,$11.81,-0.22,-1.829%,1472104962.00,United States,2010,2314640,Finance,Real Estate
EFC^B,Ellington Financial Inc. 6.250% Series B Fixed-Rate Reset Cumulative Redeemable Preferred Stock,$24.45,-0.0201,-0.082%,,United States,,7039,,
EFC^C,Ellington Financial Inc. 8.625% Series C Fixed-Rate Reset Cumulative Redeemable Preferred Stock,$26.07,0.06,0.231%,,United States,,2307,,
EFC^D,Ellington Financial Inc. 7.00% Series D Cumulative Perpetual Redeemable Preferred Stock,$25.10,0.23,0.925%,,United States,,325,,
EFOI,Energy Focus Inc. Common Stock,$1.81,-0.155,-7.888%,10388341.00,United States,,13575,Consumer Discretionary,Building Products
EFR,Eaton Vance Senior Floating-Rate Fund Common Shares of Beneficial Interest,$10.43,-0.06,-0.572%,0.00,United States,2003,206406,Finance,Trusts Except Educational Religious and Charitable
EFSC,Enterprise Financial Services Corporation Common Stock,$54.03,-0.54,-0.99%,1989169128.00,United States,,262867,Finance,Major Banks
EFSCP,Enterprise Financial Services Corporation Depositary Shares Each Representing a 1/40th Interest in a Share of 5% Fixed Rate Non-Cumulative Perpetual Preferred Stock Series A,$20.28,0.12,0.595%,746628723.00,United States,,3108,Finance,Major Banks
EFSI,Eagle Financial Services Inc Common Stock,$34.43,-0.09,-0.261%,185107593.00,United States,,10939,Finance,Major Banks
EFT,Eaton Vance Floating Rate Income Trust Common Shares of Beneficial Interest,$10.74,-0.04,-0.371%,312431057.00,United States,2004,119760,Finance,Finance Companies
EFX,Equifax Inc. Common Stock,$204.61,-3.22,-1.549%,24608444291.00,United States,,1653869,Finance,Finance: Consumer Services
EFXT,Enerflex Ltd Common Shares,$21.98,0.31,1.431%,2677203102.00,Canada,2022,344837,Industrials,Industrial Machinery/Components
EG,Everest Group Ltd. Common Stock,$328.05,-6.06,-1.814%,13249989036.00,Bermuda,,359270,Finance,Property-Casualty Insurers
EGAN,eGain Corporation Common Stock,$9.65,0.07,0.731%,264275962.00,United States,1999,205907,Technology,Computer Software: Prepackaged Software
EGBN,Eagle Bancorp Inc. Common Stock,$24.98,-0.30,-1.187%,758673475.00,United States,,425891,Finance,Major Banks
EGG,Enigmatig Limited Class A Ordinary Shares,$5.36,0.51,10.515%,149250272.00,,2025,5012,Consumer Discretionary,Professional Services
EGP,EastGroup Properties Inc. Common Stock,$188.12,-4.04,-2.102%,10033230833.00,United States,,182911,Real Estate,Real Estate Investment Trusts
EGY,VAALCO Energy Inc.  Common Stock,$5.40,-0.05,-0.917%,562994566.00,United States,,2335508,Energy,Oil & Gas Production
EH,EHang Holdings Limited ADS,$11.76,0.25,2.172%,846541930.00,China,2019,656309,Industrials,Aerospace
EHAB,Enhabit Inc. Common Stock,$13.66,0.05,0.367%,692879527.00,United States,2022,1253109,Health Care,Medical/Nursing Services
EHC,Encompass Health Corporation Common Stock,$108.62,1.67,1.561%,10798583516.00,United States,,1108973,Health Care,Hospital/Nursing Management
EHGO,Eshallgo Inc. Class A Ordinary Shares,$0.201,0.0154,8.297%,5968527.00,China,2024,16589,Consumer Discretionary,Diversified Commercial Services
EHI,Western Asset Global High Income Fund Inc Common Stock,$6.235,-0.005,-0.08%,0.00,United States,2003,101907,Finance,Investment Managers
EHLD,Euroholdings Ltd. Common Stock ,$7.18,-0.09,-1.238%,20223296.00,Greece,,3959,Consumer Discretionary,Marine Transportation
EHTH,eHealth Inc. Common Stock,$1.49,-0.15,-9.146%,46298773.00,United States,2006,578498,Finance,Specialty Insurers
EIC,Eagle Point Income Company Inc. Common Stock,$9.52,0.10,1.062%,84805188.00,United States,2019,340041,Finance,Finance/Investors Services
EICA,Eagle Point Income Company Inc. 5.00% Series A Term Preferred Stock due 2026,$24.898,0.1879,0.76%,221794073.00,United States,2021,3244,Finance,Finance/Investors Services
EICC,Eagle Point Income Company Inc. 8.00% Series C Term Preferred Stock due 2029,$25.09,0.00,0.00%,0.00,United States,,74722,,
EIG,Employers Holdings Inc Common Stock,$39.71,-0.64,-1.586%,773630101.00,United States,2007,234369,Finance,Property-Casualty Insurers
EIIA,Eagle Point Institutional Income Fund 8.125% Series A Term Preferred Shares Due 2029,$25.1482,-0.0368,-0.146%,0.00,,2024,3036,,
EIKN,Eikon Therapeutics Inc. Common Stock,$14.91,0.53,3.686%,804906465.00,United States,2026,273138,Health Care,Biotechnology: Biological Products (No Diagnostic Substances)
EIM,Eaton Vance Municipal Bond Fund Common Shares of Beneficial Interest $.01 par value,$10.00,0.00,0.00%,0.00,United States,2002,67653,Finance,Finance/Investors Services
EIX,Edison International Common Stock,$70.73,-1.03,-1.435%,27216262267.00,United States,,5732145,Utilities,Electric Utilities: Central
EJH,E-Home Household Service Holdings Limited Ordinary Shares,$0.2509,-0.654,-72.273%,20072968.00,China,2021,15843263,Consumer Discretionary,Other Consumer Services
EKSO,Ekso Bionics Holdings Inc. Common Stock,$12.00,0.62,5.448%,42760572.00,United States,,136677,Industrials,Industrial Machinery/Components
EL,Estee Lauder Companies Inc. (The) Common Stock,$92.63,-0.09,-0.097%,33506775993.00,United States,1995,4665059,Consumer Discretionary,Package Goods/Cosmetics
ELA,Envela Corporation Common Stock,$12.98,0.38,3.016%,337005918.00,United States,,139394,Consumer Discretionary,Consumer Specialties
ELAB,PMGC Holdings Inc. Common Stock,$0.7153,-0.0244,-3.299%,2323841.00,United States,2023,322102,Health Care,Biotechnology: Pharmaceutical Preparations
ELAN,Elanco Animal Health Incorporated Common Stock,$23.94,0.58,2.483%,11902203763.00,United States,2018,4227077,Health Care,Biotechnology: Pharmaceutical Preparations
ELBM,Electra Battery Materials Corporation Common Stock,$0.666,-0.0293,-4.214%,62372391.00,Canada,,1164467,Miscellaneous,Industrial Machinery/Components
ELC,Entergy Louisiana Inc. Collateral Trust Mortgage Bonds 4.875 % Series due September 1 2066,$20.51,-0.11,-0.533%,4373502192.00,United States,2016,18546,Utilities,Electric Utilities: Central
ELDN,Eledon Pharmaceuticals Inc. Common Stock,$2.90,0.12,4.317%,173803415.00,United States,2014,2290061,Health Care,Biotechnology: Pharmaceutical Preparations
ELE,Elemental Royalty Corporation Common Stock,$23.13,0.38,1.67%,1475002251.00,Canada,,187486,Basic Materials,Precious Metals
ELF,e.l.f. Beauty Inc. Common Stock,$77.15,-5.29,-6.417%,4555880239.00,United States,2016,4098402,Consumer Discretionary,Package Goods/Cosmetics
ELLO,Ellomay Capital Ltd Ordinary Shares (Israel),$26.41,-0.47,-1.749%,339436770.00,Israel,,3086,Utilities,Electric Utilities: Central
ELMD,Electromed Inc. Common Stock,$24.55,0.67,2.806%,203158934.00,United States,2011,102126,Health Care,Biotechnology: Electromedical & Electrotherapeutic Apparatus
ELME,Elme Communities Common Stock,$2.15,0.01,0.467%,191044448.00,United States,2000,1899336,Real Estate,Real Estate Investment Trusts
ELOG,Eastern International Ltd. Ordinary Shares,$1.16,-0.07,-5.691%,13939720.00,China,2025,30779,Industrials,Integrated Freight & Logistics
ELPC,Companhia Paranaense de Energia (COPEL) American Depositary Shares (each representing four (4) Common Shares),$11.30,0.24,2.17%,3666068888.00,Brazil,2023,388656,Utilities,Electric Utilities: Central
ELPW,Elong Power Holding Limited Class A Ordinary Shares,$0.048,0.003,6.667%,667991.00,China,,419230052,Miscellaneous,Industrial Machinery/Components
ELS,Equity Lifestyle Properties Inc. Common Stock,$67.53,0.20,0.297%,13095928870.00,United States,,2506031,Real Estate,Real Estate Investment Trusts
ELSE,Electro-Sensors Inc. Common Stock,$4.25,-0.0336,-0.784%,14792214.00,United States,,4168,Industrials,Industrial Machinery/Components
ELTK,Eltek Ltd. Ordinary Shares,$9.153,-0.047,-0.511%,61453608.00,Israel,1997,8847,Technology,Electrical Products
ELTX,Elicio Therapeutics Inc. Common Stock,$11.78,0.15,1.29%,206026498.00,United States,2021,144671,Health Care,Biotechnology: Pharmaceutical Preparations
ELUT,Elutia Inc. Class A Common Stock,$1.17,0.08,7.339%,49960386.00,United States,2020,176584,Health Care,Biotechnology: Biological Products (No Diagnostic Substances)
ELV,Elevance Health Inc. Common Stock,$280.74,-8.90,-3.073%,61960628214.00,United States,,2758261,Health Care,Medical Specialities
ELVA,Electrovaya Inc. Common Shares,$7.76,-0.03,-0.385%,372486309.00,Canada,,457786,,
ELVN,Enliven Therapeutics Inc. Common Stock,$29.73,0.29,0.985%,1777866070.00,United States,2020,574957,Health Care,Biotechnology: Pharmaceutical Preparations
ELVR,Elevra Lithium Limited American Depository Shares,$51.33,-1.14,-2.173%,59251738419.00,Australia,,36425,Industrials,Mining & Quarrying of Nonmetallic Minerals (No Fuels)
ELWT,Elauwit Connection Inc. Common Stock,$6.72,-0.43,-6.014%,44485029.00,United States,2025,32258,Consumer Discretionary,Telecommunications Equipment
EM,Smart Share Global Limited American Depositary Shares,$1.13,0.00,0.00%,286533259.00,China,2021,10874,Consumer Discretionary,Other Consumer Services
EMA,Emera Incorporated Common Shares,$52.18,-0.15,-0.287%,15810540000.00,,2025,210773,Utilities,Electric Utilities: Central
EMAT,Evolution Metals & Technologies Corp. Common Stock,$8.17,-1.59,-16.291%,0.00,United States,,374308,,
EMBC,Embecta Corp. Common Stock,$9.23,0.16,1.764%,546599252.00,United States,,945403,Health Care,Medical/Dental Instruments
EMBJ,Embraer S.A. Common Stock,$64.43,2.74,4.442%,11815916600.00,Brazil,,2135418,Industrials,Aerospace
EMD,Western Asset Emerging Markets Debt Fund Inc Common Stock,$10.36,-0.07,-0.671%,0.00,United States,,350499,Finance,Finance/Investors Services
EME,EMCOR Group Inc. Common Stock,$719.18,13.39,1.897%,32026930816.00,United States,,391805,Industrials,Engineering & Construction
EMF,Templeton Emerging Markets Fund Common Stock,$18.72,-0.16,-0.847%,0.00,United States,1987,45190,Finance,Finance/Investors Services
EML,Eastern Company (The) Common Stock,$19.05,0.51,2.751%,115095661.00,United States,,19279,Consumer Discretionary,Industrial Machinery/Components
EMN,Eastman Chemical Company Common Stock,$69.60,-0.73,-1.038%,7941173054.00,United States,,2370679,Industrials,Major Chemicals
EMO,ClearBridge Energy Midstream Opportunity Fund Inc. Common Stock,$51.19,-0.96,-1.841%,0.00,United States,2011,74569,Finance,Investment Managers
EMP,Entergy Mississippi LLC First Mortgage Bonds 4.90% Series Due October 1 2066,$20.87,-0.08,-0.382%,9453897898.00,United States,2016,23371,Utilities,Electric Utilities: Central
EMPD,Empery Digital Inc. Common stock,$4.28,0.12,2.885%,0.00,United States,2021,997203,,
EMR,Emerson Electric Company Common Stock,$141.12,2.76,1.995%,79309440000.00,United States,,3148329,Technology,Consumer Electronics/Appliances
ENB,Enbridge Inc Common Stock,$53.94,-0.12,-0.222%,117697080000.00,Canada,,4558024,Energy,Natural Gas Distribution
ENGN,enGene Holdings Inc. Common Stock,$7.05,-1.63,-18.779%,472275735.00,Canada,,1418635,Health Care,Biotechnology: Biological Products (No Diagnostic Substances)
ENGNW,enGene Holdings Inc. Warrants,$2.40,-0.60,-20.00%,160774718.00,Canada,,1390,Health Care,Biotechnology: Biological Products (No Diagnostic Substances)
ENGS,Energys Group Limited Ordinary Shares,$0.8419,-0.0058,-0.684%,26312251.00,United Kingdom,2025,30489,Industrials,Engineering & Construction
ENIC,Enel Chile S.A. American Depositary Shares (Each representing 50 shares of Common Stock),$3.91,0.10,2.625%,5408824773.00,Chile,2016,464879,Utilities,Electric Utilities: Central
ENJ,Entergy New Orleans LLC First Mortgage Bonds 5.0% Series due December 1 2052,$20.80,-0.25,-1.188%,9422188610.00,United States,,1150,Utilities,Power Generation
ENLT,Enlight Renewable Energy Ltd. Ordinary Shares,$78.36,1.05,1.358%,10335447118.00,Israel,2023,153777,Utilities,Electric Utilities: Central
ENLV,Enlivex Ltd. Ordinary Shares,$1.16,0.02,1.754%,275362538.00,Israel,2014,98261,Health Care,Biotechnology: Pharmaceutical Preparations
ENO,Entergy New Orleans LLC First Mortgage Bonds 5.50% Series due April 1 2066,$22.48,-0.06,-0.266%,4806917418.00,United States,2016,5322,Utilities,Power Generation
ENOV,Enovis Corporation Common Stock,$24.66,0.15,0.612%,1411664930.00,United States,,1384162,Health Care,Industrial Specialties
ENPH,Enphase Energy Inc. Common Stock,$40.86,0.63,1.566%,5356697744.00,United States,2012,6464401,Technology,Semiconductors
ENR,Energizer Holdings Inc. Common Stock,$18.27,-1.04,-5.386%,1250924263.00,United States,2015,1670625,Miscellaneous,Industrial Machinery/Components
ENS,EnerSys Common Stock,$161.60,6.46,4.164%,5955182038.00,United States,2004,560670,Technology,Industrial Machinery/Components
ENSC,Ensysce Biosciences Inc. Common Stock,$0.538,-0.0091,-1.663%,1954181.00,United States,,383020,Health Care,Biotechnology: Pharmaceutical Preparations
ENSG,The Ensign Group Inc. Common Stock,$209.97,2.74,1.322%,12201940417.00,United States,2007,269899,Health Care,Hospital/Nursing Management
ENTA,Enanta Pharmaceuticals Inc. Common Stock,$13.89,0.35,2.585%,403078688.00,United States,2013,130592,Health Care,Biotechnology: Pharmaceutical Preparations
ENTG,Entegris Inc. Common Stock,$117.34,4.90,4.358%,17835680000.00,United States,2000,3016639,Industrials,Plastic Products
ENTX,Entera Bio Ltd. Ordinary Shares,$1.33,0.08,6.40%,60990132.00,Israel,2018,68844,Health Care,Biotechnology: Biological Products (No Diagnostic Substances)
ENVA,Enova International Inc. Common Stock,$138.91,1.33,0.967%,3474183412.00,United States,2014,279371,Finance,Finance: Consumer Services
ENVB,Enveric Biosciences Inc. Common Stock,$1.99,0.045,2.314%,2766767.00,United States,,42609,Health Care,Biotechnology: Pharmaceutical Preparations
ENVX,Enovix Corporation Common Stock,$5.09,0.24,4.948%,1105672410.00,United States,2021,7235777,Miscellaneous,Industrial Machinery/Components
EOD,Allspring Global Dividend Opportunity Fund Common Shares of Beneficial Interest,$6.08,-0.01,-0.164%,0.00,United States,2007,151445,Finance,Investment Managers
EOG,EOG Resources Inc. Common Stock,$131.67,0.26,0.198%,70639834883.00,United States,,7596170,Energy,Oil & Gas Production
EOI,Eaton Vance Enhance Equity Income Fund Eaton Vance Enhanced Equity Income Fund Shares of Beneficial Interest,$19.70,-0.15,-0.756%,0.00,United States,2004,113620,Finance,Finance/Investors Services
EOLS,Evolus Inc. Common Stock,$5.35,-0.18,-3.255%,348070947.00,United States,2018,1322962,Health Care,Biotechnology: Pharmaceutical Preparations
EONR,EON Resources Inc. Class A Common Stock,$0.80,0.13,19.403%,39974675.00,,2022,345781996,Energy,Oil & Gas Production
EOS,Eaton Vance Enhance Equity Income Fund II Common Stock,$21.51,-0.21,-0.967%,0.00,,2005,218101,Finance,Trusts Except Educational Religious and Charitable
EOSE,Eos Energy Enterprises Inc. Class A Common Stock,$6.17,0.04,0.653%,2094309378.00,United States,,22783285,Miscellaneous,Industrial Machinery/Components
EOT,Eaton Vance Municipal Income Trust EATON VANCE NATIONAL MUNICIPAL OPPORTUNITIES TRUST,$17.88,0.04,0.224%,279373587.00,United States,2009,36425,Finance,Investment Bankers/Brokers/Service
EP,Empire Petroleum Corporation Common Stock,$3.24,0.04,1.25%,114056123.00,United States,2022,147049,Energy,Oil & Gas Production
EP^C,El Paso Corporation Preferred Stock,$51.07,-0.05,-0.098%,,United States,,4458,,
EPAC,Enerpac Tool Group Corp. Common Stock,$37.03,0.19,0.516%,1954306574.00,United States,,534574,Technology,Industrial Machinery/Components
EPAM,EPAM Systems Inc. Common Stock,$146.26,0.39,0.267%,7918511866.00,United States,2012,1727660,Technology,EDP Services
EPC,Edgewell Personal Care Company Common Stock,$21.00,-0.13,-0.615%,981048705.00,United States,,697278,Consumer Discretionary,Package Goods/Cosmetics
EPD,Enterprise Products Partners L.P. Common Stock,$37.09,-0.48,-1.278%,80179703732.00,United States,,6392600,Utilities,Natural Gas Distribution
EPM,Evolution Petroleum Corporation Inc. Common Stock,$4.64,0.05,1.089%,162417836.00,United States,,898508,Energy,Oil & Gas Production
EPOW,E-Power Inc. Class A Ordinary Shares,$0.7359,-0.0073,-0.982%,19859697.00,China,2021,53392,Real Estate,Real Estate
EPR,EPR Properties Common Stock,$57.80,0.34,0.592%,4422856636.00,United States,1997,939910,Real Estate,Real Estate Investment Trusts
EPR^C,EPR Properties 5.75% Series C Cumulative Convertible Preferred Shares,$25.80,0.21,0.821%,,United States,,3156,,
EPR^E,EPR Properties Series E Cumulative Conv Pfd Shs Ser E,$32.75,0.13,0.399%,,United States,,7482,,
EPR^G,EPR Properties 5.750% Series G Cumulative Redeemable Preferred Shares,$20.58,-0.22,-1.058%,,United States,,7304,,
EPRT,Essential Properties Realty Trust Inc. Common Stock,$34.16,-0.18,-0.524%,7169494583.00,United States,2018,2089450,Real Estate,Real Estate Investment Trusts
EPRX,Eupraxia Pharmaceuticals Inc. Common Stock,$7.82,-0.17,-2.128%,396069948.00,Canada,,133782,Health Care,Pharmaceuticals and Biotechnology
EPSM,Epsium Enterprise Limited Class A Ordinary Shares,$2.20,0.46,26.437%,29563675.00,Macau,2025,3166183,Consumer Staples,Beverages (Production/Distribution)
EPSN,Epsilon Energy Ltd. Common Share,$5.57,-0.13,-2.281%,166506416.00,United States,,388379,Energy,Oil & Gas Production
EQ,Equillium Inc. Common Stock,$2.02,0.25,14.124%,123004432.00,United States,2018,919835,Health Care,Biotechnology: Pharmaceutical Preparations
EQBK,Equity Bancshares Inc. Class A Common Stock,$44.41,-0.16,-0.359%,847183457.00,United States,,166493,Finance,Major Banks
EQH,Equitable Holdings Inc. Common Stock,$39.44,0.18,0.458%,11056918849.00,United States,2018,3331260,Finance,Specialty Insurers
EQH^A,Equitable Holdings Inc. Depositary Shares,$20.285,-0.115,-0.564%,,United States,,29086,,
EQH^C,Equitable Holdings Inc. Depositary Shares each representing a 1/1000th interest in a share of Fixed Rate Noncumulative Perpetual Preferred Stock Series C,$16.36,-0.10,-0.608%,,United States,,30469,,
EQIX,Equinix Inc. Common Stock REIT,$944.91,7.71,0.823%,92842064016.00,United States,2000,699449,Real Estate,Real Estate Investment Trusts
EQNR,Equinor ASA,$32.43,-1.16,-3.453%,95497695860.00,Norway,,15330944,Energy,Integrated oil Companies
EQPT,EquipmentShare.com Inc Class A Common Stock,$28.00,0.18,0.647%,7035921032.00,United States,2026,1588848,Consumer Discretionary,Diversified Commercial Services
EQR,Equity Residential Common Shares of Beneficial Interest,$62.18,-0.54,-0.861%,23475879175.00,United States,,2416296,Real Estate,Real Estate Investment Trusts
EQS,Equus Total Return Inc. Common Stock,$1.45,0.02,1.399%,20251709.00,United States,,7748,Finance,Finance/Investors Services
EQT,EQT Corporation Common Stock,$62.23,0.27,0.436%,38885544103.00,United States,,11511529,Energy,Oil & Gas Production
EQX,Equinox Gold Corp. Common Shares,$16.51,-0.12,-0.722%,13014534483.00,Canada,,7396084,Basic Materials,Precious Metals
ERAS,Erasca Inc. Common Stock,$15.76,0.29,1.875%,4825898047.00,United States,2021,4157538,Health Care,Biotechnology: Pharmaceutical Preparations
ERC,Allspring Multi-Sector Income Fund Common Stock,$9.07,-0.05,-0.548%,0.00,United States,2003,101839,Finance,Finance/Investors Services
ERH,Allspring Utilities and High Income Fund Common Shares,$12.28,-0.22,-1.76%,0.00,,2004,30320,Finance,Finance/Investors Services
ERIC,Ericsson American Depositary Shares,$11.34,0.21,1.887%,37969174675.00,Sweden,,11625818,Technology,Radio And Television Broadcasting And Communications Equipment
ERIE,Erie Indemnity Company Class A Common Stock,$255.66,-4.19,-1.612%,11809347013.00,United States,,329073,Finance,Specialty Insurers
ERII,Energy Recovery Inc. Common Stock,$11.12,0.51,4.807%,587454766.00,United States,2008,1759840,Technology,Industrial Machinery/Components
ERNA,Ernexa Therapeutics Inc. Common Stock,$0.283,-0.002,-0.702%,2222551.00,United States,,879706,Health Care,Biotechnology: Pharmaceutical Preparations
ERNAW,Ernexa Therapeutics Inc. Warrants,$0.07,0.00,0.00%,549748.00,United States,,15,,
ERO,Ero Copper Corp. Common Shares,$28.20,0.44,1.585%,2940596341.00,Canada,2021,1862387,Basic Materials,Metal Mining
ES,Eversource Energy (D/B/A) Common Stock,$73.85,-0.59,-0.793%,27730424722.00,United States,,2590494,Utilities,Electric Utilities: Central
ESAB,ESAB Corporation Common Stock,$107.02,-0.77,-0.714%,6499186437.00,United States,2022,405368,Industrials,Industrial Machinery/Components
ESCA,Escalade Incorporated Common Stock,$15.58,0.58,3.867%,213388525.00,United States,,84341,Consumer Discretionary,Recreational Games/Products/Toys
ESE,ESCO Technologies Inc. Common Stock,$271.08,4.66,1.749%,7019823163.00,United States,,173709,Telecommunications,Telecommunications Equipment
ESEA,Euroseas Ltd. Common Stock (Marshall Islands),$65.63,0.87,1.343%,459843946.00,Greece,,80367,Consumer Discretionary,Marine Transportation
ESGL,ESGL Holdings Limited Ordinary Shares,$3.23,-0.01,-0.309%,135066455.00,Singapore,,7667,Utilities,Environmental Services
ESGLW,ESGL Holdings Limited Warrants,$0.0601,0.00,0.00%,2513156.00,Singapore,,1500,Utilities,Environmental Services
ESHA,ESH Acquisition Corp. Class A Common Stock,$11.86,0.01,0.084%,0.00,United States,2023,1644,Finance,Blank Checks
ESHAR,ESH Acquisition Corp. Right,$0.12,-0.0231,-16.143%,0.00,United States,2023,10924,Finance,Blank Checks
ESI,Element Solutions Inc. Common Stock,$32.27,1.54,5.011%,7860275420.00,United States,2014,5083518,Industrials,Major Chemicals
ESLA,Estrella Immunopharma Inc. Common Stock,$1.12,0.05,4.673%,42527451.00,United States,2021,57395,Health Care,Biotechnology: Biological Products (No Diagnostic Substances)
ESLT,Elbit Systems Ltd. Ordinary Shares,$902.58,-33.56,-3.585%,41564727826.00,Israel,,293839,Industrials,Military/Government/Technical
ESNT,Essent Group Ltd. Common Shares,$59.29,0.18,0.305%,5605445280.00,Bermuda,2013,489135,Finance,Property-Casualty Insurers
ESOA,Energy Services of America Corporation Common Stock,$14.21,0.21,1.50%,236724944.00,United States,,161764,Industrials,Water Sewer Pipeline Comm & Power Line Construction
ESP,Espey Mfg. & Electronics Corp. Common Stock,$55.15,-1.65,-2.905%,163180191.00,United States,1960,16051,Technology,Industrial Machinery/Components
ESPR,Esperion Therapeutics Inc. Common Stock,$3.04,0.32,11.765%,726752848.00,United States,2013,7405370,Health Care,Biotechnology: Pharmaceutical Preparations
ESQ,Esquire Financial Holdings Inc. Common Stock,$98.67,-0.66,-0.664%,845156997.00,United States,2017,111323,Finance,Commercial Banks
ESRT,Empire State Realty Trust Inc. Class A Common Stock,$5.34,-0.19,-3.436%,914421034.00,United States,2013,1776326,Real Estate,Real Estate Investment Trusts
ESS,Essex Property Trust Inc. Common Stock,$255.34,0.21,0.082%,16463175702.00,United States,1994,650592,Real Estate,Real Estate Investment Trusts
ESTA,Establishment Labs Holdings Inc. Common Shares,$69.06,-1.35,-1.917%,2024897625.00,Costa Rica,2018,541529,Health Care,Industrial Specialties
ESTC,Elastic N.V. Ordinary Shares,$53.25,-0.48,-0.893%,5511428676.00,United States,2018,2560570,Technology,Computer Software: Prepackaged Software
ET,Energy Transfer LP Common Units ,$18.59,-0.15,-0.80%,63955447949.00,United States,,15584652,Utilities,Natural Gas Distribution
ET^I,Energy Transfer L.P. Series I Fixed Rate Perpetual Preferred Units,$12.06,-0.075,-0.618%,,United States,,61390,,
ETB,Eaton Vance Tax-Managed Buy-Write Income Fund Eaton Vance Tax-Managed Buy-Write Income Fund Common Shares of Beneficial Interest,$15.00,-0.13,-0.859%,440570970.00,United States,2005,54071,Finance,Investment Bankers/Brokers/Service
ETD,Ethan Allen Interiors Inc. Common Stock,$22.15,-0.08,-0.36%,563636409.00,United States,,625521,Consumer Discretionary,Home Furnishings
ETG,Eaton Vance Tax-Advantaged Global Dividend Income Fund Common Shares of Beneficial Interest,$21.62,-0.22,-1.007%,0.00,United States,2004,163529,Finance,Investment Managers
ETHM,Dynamix Corporation Class A Ordinary Shares,$10.41,-0.03,-0.287%,0.00,United States,2024,336625,,
ETHMU,Dynamix Corporation Unit,$11.4999,0.6799,6.284%,0.00,United States,2024,8478,,
ETHMW,Dynamix Corporation Warrant,$0.72,-0.14,-16.279%,0.00,United States,2024,11951,,
ETI^,Entergy Texas Inc 5.375% Series A Preferred Stock Cumulative No Par Value,$23.60,-0.10,-0.422%,,United States,,709,,
ETJ,Eaton Vance Risk-Managed Diversified Equity Income Fund Common Shares of Beneficial Interest,$8.52,-0.09,-1.045%,0.00,United States,2007,244194,Finance,Finance Companies
ETN,Eaton Corporation PLC Ordinary Shares,$353.87,6.12,1.76%,137266173000.00,Ireland,,3407343,Technology,Industrial Machinery/Components
ETO,Eaton Vance Tax-Advantage Global Dividend Opp Common Stock,$28.558,-0.142,-0.495%,468012445.00,United States,2004,50220,Finance,Investment Managers
ETON,Eton Pharmaceuticals Inc. Common Stock,$16.70,-0.10,-0.595%,447852835.00,United States,2018,266512,Health Care,Biotechnology: Pharmaceutical Preparations
ETOR,eToro Group Ltd. Class A Common Shares,$31.58,-0.24,-0.754%,2543653196.00,Israel,2025,1512399,Finance,Investment Bankers/Brokers/Service
ETR,Entergy Corporation Common Stock,$104.65,-0.05,-0.048%,47405386442.00,United States,,2904498,Utilities,Electric Utilities: Central
ETS,Elite Express Holding Inc. Class A Common Stock,$0.45,-0.008,-1.747%,7522502.00,United States,2025,29249,Industrials,Trucking Freight/Courier Services
ETSY,Etsy Inc. Common Stock,$55.78,-0.62,-1.099%,5368667700.00,United States,2025,2503007,Real Estate,Real Estate
ETV,Eaton Vance Corporation Eaton Vance Tax-Managed Buy-Write Opportunities Fund Common Shares of Beneficial Interest,$14.31,-0.12,-0.832%,1563630074.00,United States,2005,200699,Finance,Investment Bankers/Brokers/Service
ETW,Eaton Vance Corporation Eaton Vance Tax-Managed Global Buy-Write Opportunites Fund Common Shares of Beneficial Interest,$9.05,-0.12,-1.309%,991859963.00,United States,2005,512398,Finance,Investment Managers
ETX           ,Eaton Vance Municipal Income 2028 Term Trust Common Shares of Beneficial Interest,$19.12,-0.06,-0.313%,208120359.00,,2013,10450,Finance,Investment Managers
ETY,Eaton Vance Tax-Managed Diversified Equity Income Fund Common Shares of Beneficial Interest,$14.45,-0.11,-0.755%,0.00,United States,2006,277579,Finance,Finance Companies
EU,enCore Energy Corp. Common Shares,$1.96,0.04,2.083%,367009087.00,United States,,4170626,Basic Materials,Other Metals and Minerals
EUDA,EUDA Health Holdings Limited Ordinary Shares,$0.49,-0.24,-32.877%,24650671.00,Singapore,2021,341587,Health Care,Medical/Nursing Services
EUDAW,EUDA Health Holdings Limited Warrant,$0.039,-0.038,-49.351%,1961992.00,Singapore,2021,94395,Health Care,Medical/Nursing Services
EURK,Eureka Acquisition Corp Class A Ordinary Share,$11.25,0.04,0.357%,0.00,United States,2024,2631,,
EURKR,Eureka Acquisition Corp Right,$0.43,0.00,0.00%,0.00,United States,2024,37,,
EVAC,EQV Ventures Acquisition Corp. II Class A Ordinary Shares,$10.07,0.00,0.00%,0.00,,2025,938,Industrials,Fluid Controls
EVAX,Evaxion A/S American Depositary Share,$3.08,-0.14,-4.348%,25687862.00,Denmark,2021,33765,Health Care,Biotechnology: Biological Products (No Diagnostic Substances)
EVC,Entravision Communications Corporation Common Stock,$3.16,-0.30,-8.671%,290604407.00,United States,2000,581385,Industrials,Broadcasting
EVCM,EverCommerce Inc. Common Stock,$11.98,-0.28,-2.284%,2148821200.00,United States,2021,144009,Technology,Computer Software: Prepackaged Software
EVER,EverQuote Inc. Class A Common Stock,$16.24,-0.61,-3.62%,585122052.00,United States,2018,738455,Technology,Computer Software: Programming Data Processing
EVEX,Eve Holding Inc. Common Stock,$3.01,0.09,3.082%,1048396798.00,,2022,1180063,Industrials,Aerospace
EVF,Eaton Vance Senior Income Trust Common Stock,$4.98,-0.04,-0.797%,87343513.00,United States,1998,95560,Finance,Investment Bankers/Brokers/Service
EVG,Eaton Vance Short Diversified Income Fund Eaton Vance Short Duration Diversified Income Fund Common Shares of Beneficial Interest,$10.58,-0.13,-1.214%,0.00,United States,2005,66313,Finance,Investment Managers
EVGN,Evogene Ltd Ordinary Shares,$0.7649,-0.0028,-0.365%,4983009.00,Israel,,52871,Industrials,Agricultural Chemicals
EVGO,EVgo Inc. Class A Common Stock,$2.23,0.02,0.905%,686801495.00,United States,,5049494,Technology,EDP Services
EVGOW,EVgo Inc. Warrants,$0.0247,-0.0034,-12.10%,7607174.00,United States,,172192,Technology,EDP Services
EVH,Evolent Health Inc Class A Common Stock,$3.04,-0.13,-4.101%,339380548.00,United States,2015,3728751,Consumer Discretionary,Other Consumer Services
EVI,EVI Industries Inc.  Common Stock,$18.69,-0.89,-4.545%,240393565.00,United States,1999,43789,Consumer Discretionary,Other Consumer Services
EVLV,Evolv Technologies Holdings Inc. Class A Common Stock,$5.20,0.12,2.362%,908011463.00,United States,2020,3433578,Technology,Computer peripheral equipment
EVLVW,Evolv Technologies Holdings Inc. Warrant,$0.0625,0.0122,24.254%,10913599.00,United States,2020,24209,Technology,Computer peripheral equipment
EVMN,Evommune Inc. Common Stock,$24.61,-1.89,-7.132%,886412135.00,,2025,223295,Health Care,Biotechnology: Pharmaceutical Preparations
EVN,Eaton Vance Municipal Income Trust Common Stock,$10.88,-0.08,-0.73%,431578733.00,United States,1999,33156,Finance,Investment Managers
EVO,Evotec SE American Depositary Shares,$3.03,-0.04,-1.303%,268739854.00,Germany,2021,127775,Health Care,Biotechnology: Pharmaceutical Preparations
EVOX,Evolution Global Acquisition Corp Class A Ordinary Shares,$9.98,-0.02,-0.20%,0.00,United States,2025,11766,Finance,Blank Checks
EVOXU,Evolution Global Acquisition Corp Units,$10.18,0.02,0.197%,0.00,United States,2025,735,Finance,Blank Checks
EVOXW,Evolution Global Acquisition Corp Warrants,$0.49,0.05,11.364%,0.00,United States,2025,2687,Finance,Blank Checks
EVR,Evercore Inc. Class A Common Stock,$285.78,-3.24,-1.121%,11318444929.00,United States,2006,1080836,Finance,Investment Managers
EVRG,Evergy Inc. Common Stock,$83.13,-0.23,-0.276%,19143308244.00,United States,,2545760,Utilities,Power Generation
EVT,Eaton Vance Tax Advantaged Dividend Income Fund Common Shares of Beneficial Interest,$24.88,-0.39,-1.543%,0.00,United States,2003,125637,Finance,Finance Companies
EVTC,Evertec Inc. Common Stock,$28.38,-0.16,-0.561%,1752711991.00,Puerto Rico,2013,423668,Technology,EDP Services
EVTL,Vertical Aerospace Ltd. Ordinary Shares,$4.07,0.06,1.496%,406134283.00,,2021,1011159,Industrials,Aerospace
EVTV,Envirotech Vehicles Inc. Common Stock,$1.26,-0.05,-3.817%,6085189.00,United States,,463998,Consumer Discretionary,Auto Parts:O.E.M.
EVV,Eaton Vance Limited Duration Income Fund Common Shares of Beneficial Interest,$9.53,-0.10,-1.038%,0.00,United States,2003,464205,Finance,Finance/Investors Services
EW,Edwards Lifesciences Corporation Common Stock,$84.26,2.62,3.209%,48938208000.00,United States,,4758836,Health Care,Industrial Specialties
EWBC,East West Bancorp Inc. Common Stock,$107.00,0.68,0.64%,14725626225.00,United States,,1540205,Finance,Major Banks
EWCZ,European Wax Center Inc. Class A Common Stock,$5.75,0.01,0.174%,313588187.00,United States,2021,1842486,Consumer Discretionary,Other Consumer Services
EWTX,Edgewise Therapeutics Inc. Common Stock,$28.66,0.84,3.019%,3074373132.00,United States,2021,1143035,Health Care,Biotechnology: Pharmaceutical Preparations
EXAS,Exact Sciences Corporation Common Stock,$103.71,0.21,0.203%,19797016363.00,United States,2001,3185524,Health Care,Medical Specialities
EXC,Exelon Corporation Common Stock,$49.14,-0.22,-0.446%,50264941627.00,United States,,7478396,Utilities,Power Generation
EXE,Expand Energy Corporation Common Stock,$107.87,1.03,0.964%,25931760306.00,United States,,4254957,Energy,Oil & Gas Production
EXEL,Exelixis Inc. Common Stock,$42.37,0.825,1.986%,11003857153.00,United States,2000,3166377,Health Care,Biotechnology: Biological Products (No Diagnostic Substances)
EXFY,Expensify Inc. Class A Common Stock,$0.9498,-0.0124,-1.289%,88433911.00,United States,2021,1131087,Technology,Computer Software: Prepackaged Software
EXG,Eaton Vance Tax-Managed Global Diversified Equity Income Fund Common Shares of Beneficial Interest,$9.15,-0.11,-1.188%,0.00,United States,2007,793517,Finance,Finance Companies
EXK,Endeavour Silver Corporation Ordinary Shares (Canada),$11.26,0.08,0.716%,3326323525.00,Canada,,7536449,Basic Materials,Precious Metals
EXLS,ExlService Holdings Inc. Common Stock,$32.23,-0.28,-0.861%,5040246909.00,United States,2006,2029798,Real Estate,Real Estate
EXOD,Exodus Movement Inc. Class A Common Stock,$10.83,-0.07,-0.642%,321807385.00,United States,,35060,Finance,Finance: Consumer Services
EXOZ,eXoZymes Inc. Common Stock,$7.36,0.047,0.643%,61825899.00,United States,2024,2619,Health Care,Biotechnology: Biological Products (No Diagnostic Substances)
EXP,Eagle Materials Inc Common Stock,$196.49,-0.30,-0.152%,6176100796.00,United States,,487865,Industrials,Building Materials
EXPD,Expeditors International of Washington Inc. Common Stock,$145.24,-1.62,-1.103%,19390074193.00,United States,,2174592,Industrials,Integrated Freight & Logistics
EXPE,Expedia Group Inc. Common Stock,$241.54,-8.08,-3.237%,29597073224.00,United States,,3042441,Consumer Discretionary,Transportation Services
EXPI,eXp World Holdings Inc. Common Stock,$6.36,-0.08,-1.242%,1029640091.00,United States,,956653,Finance,Real Estate
EXPO,Exponent Inc. Common Stock,$71.88,-0.02,-0.028%,3540401887.00,United States,,406696,Consumer Discretionary,Professional Services
EXR,Extra Space Storage Inc Common Stock,$146.29,-0.33,-0.225%,30887330037.00,United States,2004,889210,Real Estate,Real Estate Investment Trusts
EXTR,Extreme Networks Inc. Common Stock,$14.03,0.05,0.358%,1883801646.00,United States,1999,1479930,Telecommunications,Computer Communications Equipment
EYE,National Vision Holdings Inc. Common Stock,$26.78,-1.12,-4.014%,2127327814.00,United States,2017,1602464,Health Care,Ophthalmic Goods
EYPT,EyePoint Inc. Common Stock,$15.67,-0.08,-0.508%,1307378657.00,United States,,1486705,Industrials,Biotechnology: Laboratory Analytical Instruments
EZGO,EZGO Technologies Ltd. Ordinary Shares,$1.47,-0.0099,-0.669%,1300575.00,China,2021,13764,Consumer Discretionary,Motor Vehicles
EZPW,EZCORP Inc. Class A Non Voting Common Stock,$26.69,1.36,5.369%,1646698909.00,United States,1991,973736,Consumer Discretionary,Other Specialty Stores
EZRA,Reliance Global Group Inc. Common Stock,$0.2242,0.002,0.90%,4067248.00,United States,,1477841,Finance,Specialty Insurers
F,Ford Motor Company Common Stock,$12.19,0.04,0.329%,48631702993.00,United States,,69524952,Industrials,Auto Manufacturing
F^B,Ford Motor Company 6.20% Notes due June 1 2059,$21.24,-0.07,-0.328%,,United States,,45756,,
F^C,Ford Motor Company 6% Notes due December 1 2059,$20.72,-0.24,-1.145%,,United States,,39577,,
F^D,Ford Motor Company 6.500% Notes due August 15 2062,$22.41,-0.07,-0.311%,,United States,,42325,,
FA,First Advantage Corporation Common Stock,$11.63,-0.43,-3.566%,2027331331.00,United States,2021,1714240,Technology,EDP Services
FACT,FACT II Acquisition Corp. Class A Ordinary Shares,$10.51,-0.01,-0.095%,0.00,United States,2024,8313,,
FACTU,FACT II Acquisition Corp. Unit,$10.71,0.00,0.00%,0.00,United States,2024,25,Finance,Blank Checks
FACTW,FACT II Acquisition Corp. Warrant,$0.41,0.01,2.50%,0.00,United States,2024,4200,Finance,Blank Checks
FAF,First American Corporation (New) Common Stock,$66.32,-1.28,-1.893%,6758008000.00,United States,,881647,Finance,Specialty Insurers
FAMI,Farmmi Inc. Class A Ordinary Shares,$1.41,0.09,6.818%,19479443.00,China,2018,26063,Consumer Staples,Packaged Foods
FANG,Diamondback Energy Inc. Common Stock,$182.86,2.32,1.285%,51580963929.00,United States,2012,5217720,Energy,Oil & Gas Production
FARM,Farmer Brothers Company Common Stock,$1.24,-0.01,-0.80%,26941675.00,United States,,336311,Consumer Staples,Packaged Foods
FAST,Fastenal Company Common Stock,$46.80,0.34,0.732%,53736343315.00,United States,1987,9591626,Consumer Discretionary,RETAIL: Building Materials
FATE,Fate Therapeutics Inc. Common Stock,$1.33,0.00,0.00%,154630400.00,United States,2013,1370140,Health Care,Biotechnology: Biological Products (No Diagnostic Substances)
FATN,FatPipe Inc. Common Stock,$1.70,-0.11,-6.077%,23671596.00,United States,2025,91846,Technology,Computer Software: Prepackaged Software
FAX,abrdn Asia-Pacific Income Fund Inc. Common Stock,$14.95,-0.15,-0.993%,0.00,United States,1986,351862,Finance,Investment Managers
FBGL,FBS Global Limited Ordinary Shares,$0.48,0.0999,26.283%,6480000.00,Singapore,2025,842317,Consumer Discretionary,Miscellaneous manufacturing industries
FBIN,Fortune Brands Innovations Inc. Common Stock,$45.60,-0.08,-0.175%,5471469991.00,United States,,5264362,Basic Materials,Forest Products
FBIO,Fortress Biotech Inc. Common Stock,$3.37,0.03,0.898%,106619848.00,United States,,520876,Health Care,Biotechnology: Pharmaceutical Preparations
FBIOP,Fortress Biotech Inc. 9.375% Series A Cumulative Redeemable Perpetual Preferred Stock,$13.65,-0.3199,-2.29%,431857840.00,United States,,42404,Health Care,Biotechnology: Pharmaceutical Preparations
FBIZ,First Business Financial Services Inc. Common Stock,$52.81,-0.47,-0.882%,440584694.00,United States,,31458,Finance,Major Banks
FBK,FB Financial Corporation Common Stock,$51.28,-0.20,-0.389%,2654127523.00,United States,2016,519299,Finance,Major Banks
FBLA,FB Bancorp Inc. Common Stock,$13.14,-0.09,-0.68%,260664750.00,United States,2024,92350,Finance,Banks
FBLG,FibroBiologics Inc. Common Stock,$0.4002,-0.0348,-8.00%,27051408.00,United States,,929303,Health Care,Biotechnology: Pharmaceutical Preparations
FBNC,First Bancorp Common Stock,$55.23,-0.70,-1.252%,2290789015.00,United States,1987,259891,Finance,Major Banks
FBP,First BanCorp. New Common Stock,$20.39,-0.27,-1.307%,3192361635.00,Puerto Rico,,1946220,Finance,Major Banks
FBRT,Franklin BSP Realty Trust Inc. Common Stock,$9.31,-0.03,-0.321%,753791533.00,United States,2021,1387031,Real Estate,Real Estate Investment Trusts
FBRT^E,Franklin BSP Realty Trust Inc. 7.50% Series E Cumulative Redeemable Preferred Stock,$21.30,0.05,0.235%,,United States,,26682,,
FBRX,Forte Biosciences Inc. Common Stock,$27.98,-0.78,-2.712%,350503641.00,United States,2017,89985,Health Care,Biotechnology: Pharmaceutical Preparations
FBYD,Falcon's Beyond Global Inc. Class A Common Stock,$6.26,-0.78,-11.08%,827723517.00,United States,,56164,Consumer Discretionary,Services-Misc. Amusement & Recreation
FBYDW,Falcon's Beyond Global Inc. Warrants,$0.95,-0.0315,-3.209%,125612994.00,United States,,284,Consumer Discretionary,Services-Misc. Amusement & Recreation
FC,Franklin Covey Company Common Stock,$12.11,-0.23,-1.864%,139901405.00,United States,,201056,Consumer Discretionary,Other Consumer Services
FCAP,First Capital Inc. Common Stock,$49.84,-0.35,-0.697%,166845730.00,United States,,5041,Finance,Savings Institutions
FCBC,First Community Bankshares Inc. (VA) Common Stock,$39.73,0.16,0.404%,727651176.00,United States,,90877,Finance,Major Banks
FCCO,First Community Corporation Common Stock,$28.40,0.075,0.265%,218387310.00,United States,,54786,Finance,Major Banks
FCEL,FuelCell Energy Inc. Common Stock,$7.38,-0.22,-2.895%,351849197.00,United States,,2882388,Energy,Industrial Machinery/Components
FCF,First Commonwealth Financial Corporation Common Stock,$16.98,-0.24,-1.394%,1734392045.00,United States,,1537616,Finance,Major Banks
FCFS,FirstCash Holdings Inc. Common Stock,$196.21,5.90,3.10%,8630237202.00,United States,1991,366425,Consumer Discretionary,Other Specialty Stores
FCHL,Fitness Champs Holdings Limited Common Stock,$0.2168,0.0024,1.119%,3252000.00,Singapore,2025,113837,Consumer Discretionary,Services-Misc. Amusement & Recreation
FCN,FTI Consulting Inc. Common Stock,$167.57,-0.84,-0.499%,5124608480.00,United States,1999,397788,Consumer Discretionary,Professional Services
FCNCA,First Citizens BancShares Inc. Class A Common Stock,$1907.53,15.09,0.797%,22770521335.00,United States,,121481,Finance,Major Banks
FCNCN,First Citizens BancShares Inc. Depositary Shares each representing a 1/40th interest in a share of 6.625% Non-Cumulative Perpetual Preferred Stock Series E,$24.93,0.00,0.00%,297593798.00,United States,,55018,Finance,Major Banks
FCNCO,First Citizens BancShares Inc. 5.625% Non-Cumulative Perpetual Preferred Stock Series C,$22.4484,-0.1016,-0.451%,267970502.00,United States,,20650,Finance,Major Banks
FCNCP,First Citizens BancShares Inc. Depositary Shares,$21.57,-0.04,-0.185%,257484886.00,United States,,12180,Finance,Major Banks
FCO,abrdn Global Income Fund Inc. Common Stock,$3.00,-0.04,-1.316%,0.00,United States,1992,75501,Finance,Investment Managers
FCPT,Four Corners Property Trust Inc. Common Stock,$25.67,-0.01,-0.039%,2817155228.00,United States,2015,672369,Real Estate,Real Estate Investment Trusts
FCRS,FutureCrest Acquisition Corp. Class A Ordinary Shares,$10.05,0.02,0.199%,0.00,,2025,89731,Finance,Blank Checks
FCRX,Crescent Capital BDC Inc. 5.00% Notes due 2026,$24.95,-0.0149,-0.06%,924685598.00,United States,2023,2854,Finance,Finance: Consumer Services
FCT,First Trust Senior Floating Rate Income Fund II Common Shares of Beneficial Interest,$9.66,-0.09,-0.923%,0.00,United States,2004,284984,Finance,Finance Companies
FCUV,Focus Universal Inc. Common Stock,$4.36,0.00,0.00%,4301245.00,United States,,7422,Industrials,Industrial Machinery/Components
FCX,Freeport-McMoRan Inc. Common Stock,$60.49,1.13,1.904%,86936325147.00,United States,,26281727,Basic Materials,Metal Mining
FDBC,Fidelity D & D Bancorp Inc. Common Stock,$43.10,-0.46,-1.056%,248570027.00,United States,,5423,Finance,Major Banks
FDMT,4D Molecular Therapeutics Inc. Common Stock,$8.73,0.25,2.948%,498789205.00,United States,2020,552928,Health Care,Biotechnology: Biological Products (No Diagnostic Substances)
FDP,Fresh Del Monte Produce Inc. Common Stock,$41.92,-0.68,-1.596%,1986317410.00,Cayman Islands,1997,232107,Consumer Staples,Farming/Seeds/Milling
FDS,FactSet Research Systems Inc. Common Stock,$221.04,-4.83,-2.138%,8200420209.00,United States,2000,893022,Technology,Computer Software: Programming Data Processing
FDSB,Fifth District Bancorp Inc. Common Stock,$14.73,-0.15,-1.008%,81350108.00,United States,2024,5963,Finance,Savings Institutions
FDUS,Fidus Investment Corporation Common Stock,$17.87,-0.14,-0.777%,678244485.00,United States,2011,376231,Finance,Finance/Investors Services
FDX,FedEx Corporation Common Stock,$361.10,2.00,0.557%,84902848858.00,United States,,1912809,Consumer Discretionary,Air Freight/Delivery Services
FE,FirstEnergy Corp. Common Stock,$50.96,0.12,0.236%,29451459514.00,United States,,4522861,Utilities,Electric Utilities: Central
FEAM,5E Advanced Materials Inc. Common Stock,$1.81,0.10,5.848%,75136508.00,United States,,170414,Industrials,Mining & Quarrying of Nonmetallic Minerals (No Fuels)
FEBO,Fenbo Holdings Limited Class A Ordinary Shares,$1.01,0.00,0.00%,11173125.00,Hong Kong,2023,2053,Consumer Discretionary,Home Furnishings
FEDU,Four Seasons Education (Cayman) Inc. American Depositary Shares each ADS representing 10 ordinary shares,$9.895,0.205,2.116%,22363274.00,,2017,2490,Real Estate,Other Consumer Services
FEED,ENvue Medical Inc. Common Stock,$1.93,-0.08,-3.98%,2100180.00,United States,,219746,Health Care,Industrial Specialties
FEIM,Frequency Electronics Inc. Common Stock,$53.56,1.66,3.198%,523690773.00,United States,,122291,Industrials,Electrical Products
FELE,Franklin Electric Co. Inc. Common Stock,$95.29,-0.45,-0.47%,4212022588.00,United States,,367898,Consumer Discretionary,Metal Fabrications
FEMY,Femasys Inc. Common Stock,$0.5222,-0.0078,-1.472%,31071868.00,United States,2021,809225,Health Care,Medical/Dental Instruments
FENC,Fennec Pharmaceuticals Inc. Common Stock,$7.59,-0.11,-1.429%,212990580.00,United States,,168357,Health Care,Biotechnology: Biological Products (No Diagnostic Substances)
FENG,Phoenix New Media Limited American Depositary Shares each representing 48 Class A ordinary shares.,$1.78,0.06,3.488%,21379181.00,China,2011,523,Industrials,Broadcasting
FER,Ferrovial SE Ordinary Shares,$65.93,-0.23,-0.348%,47433849589.00,Netherlands,,1714425,Industrials,Military/Government/Technical
FERA,Fifth Era Acquisition Corp I Class A Ordinary Shares,$10.28,-0.005,-0.049%,0.00,Cayman Islands,2025,110,,
FERAU,Fifth Era Acquisition Corp I Units,$10.54,-0.04,-0.378%,0.00,Cayman Islands,2025,316,Finance,Blank Checks
FERG,Ferguson Enterprises Inc. Common Stock,$230.58,0.34,0.148%,46438594563.00,United Kingdom,2021,1802730,Miscellaneous,Miscellaneous
FET,Forum Energy Technologies Inc. Common Stock,$57.50,0.33,0.577%,647228625.00,United States,2012,263410,Consumer Discretionary,Oil and Gas Field Machinery
FF,FutureFuel Corp.  Common shares,$4.48,-0.09,-1.969%,196238529.00,United States,,489078,Industrials,Major Chemicals
FFA,First Trust Enhanced Equity Income Fund Common Shares of Beneficial Interest,$21.307,-0.153,-0.713%,0.00,United States,2004,33888,Finance,Investment Managers
FFAI,Faraday Future Intelligent Electric Inc. Class A Common Stock,$0.4353,-0.0096,-2.158%,89403430.00,United States,2020,20333259,Industrials,Auto Manufacturing
FFAIW,Faraday Future Intelligent Electric Inc. Warrant,$0.014,-0.0058,-29.293%,2875369.00,United States,2020,89122,Industrials,Auto Manufacturing
FFBC,First Financial Bancorp. Common Stock,$27.12,-0.13,-0.477%,2836374842.00,United States,,1198411,Finance,Major Banks
FFC,Flaherty & Crumrine Preferred and Income Securities Fund Incorporated,$15.73,-0.41,-2.54%,0.00,United States,2003,466676,Finance,Trusts Except Educational Religious and Charitable
FFIC,Flushing Financial Corporation Common Stock,$15.24,-0.15,-0.975%,514783395.00,United States,,235988,Finance,Major Banks
FFIN,First Financial Bankshares Inc. Common Stock,$30.26,0.18,0.598%,4334097497.00,United States,,1061770,Finance,Major Banks
FFIV,F5 Inc. Common Stock,$285.33,-0.89,-0.311%,16126644165.00,United States,1999,610478,Telecommunications,Computer Communications Equipment
FFWM,First Foundation Inc. Common Stock,$5.76,-0.08,-1.37%,477414150.00,United States,,527391,Finance,Major Banks
FG,F&G Annuities & Life Inc. Common Stock,$22.41,-0.41,-1.797%,3039022744.00,United States,2022,524423,Finance,Life Insurance
FGBI,First Guaranty Bancshares Inc. Common Stock,$8.25,-0.36,-4.181%,126661813.00,United States,,15690,Finance,Savings Institutions
FGBIP,First Guaranty Bancshares Inc. 6.75% Series A Fixed-Rate Non-Cumulative Perpetual Preferred Stock,$17.92,-0.02,-0.111%,275124810.00,United States,,1055,Finance,Savings Institutions
FGI,FGI Industries Ltd. Ordinary Shares,$3.408,-0.612,-15.224%,6543837.00,United States,2022,40326,Industrials,Industrial Specialties
FGIIU,FG Imperii Acquisition Corp. Units,$9.9703,-0.0097,-0.097%,0.00,United States,2026,299,Finance,Blank Checks
FGIWW,FGI Industries Ltd. Warrant,$0.0352,0.0052,17.333%,67589.00,United States,2022,1020,Industrials,Industrial Specialties
FGL,Founder Group Limited Class A Ordinary Shares,$7.06,-0.35,-4.723%,3130905.00,Malaysia,2024,1210547,Consumer Discretionary,Engineering & Construction
FGMC,FG Merger II Corp. Common stock,$10.10,0.00,0.00%,103428020.00,United States,2025,21329,,
FGMCR,FG Merger II Corp. Rights,$0.47,-0.0236,-4.781%,0.00,United States,2025,14031,,
FGMCU,FG Merger II Corp. Unit,$10.56,0.00,0.00%,0.00,United States,2025,4,,
FGN,F&G Annuities & Life Inc. 7.950% Senior Notes due 2053,$25.15,-0.22,-0.867%,3171378482.00,United States,2023,34046,Finance,Life Insurance
FGNX,FG Nexus Inc. Common Stock ,$6.87,0.19,2.844%,45034519.00,United States,2014,84409,Finance,Property-Casualty Insurers
FGNXP,FG Nexus Inc. 8.00% Cumulative Preferred Stock,$20.049,-2.811,-12.297%,131426067.00,United States,,1464,Finance,Property-Casualty Insurers
FGSN,F&G Annuities & Life Inc. 7.300% Junior Subordinated Notes due 2065,$21.68,-0.38,-1.723%,0.00,United States,2025,56373,Finance,Life Insurance
FHB,First Hawaiian Inc. Common Stock,$24.41,-0.07,-0.286%,2994844739.00,United States,2016,1561139,Finance,Major Banks
FHI,Federated Hermes Inc. Common Stock,$55.34,-0.52,-0.931%,4203939956.00,United States,,798599,Finance,Investment Managers
FHN,First Horizon Corporation Common Stock,$22.83,0.02,0.088%,11031196765.00,United States,,5805185,Finance,Major Banks
FHN^C,First Horizon Corporation Depositary Shares each representing a 1/400th interest in a share of Non-Cumulative Perpetual Preferred Stock Series C,$25.21,0.00,0.00%,,United States,,5588,,
FHN^E,First Horizon Corporation Depositary Shares each representing a 1/4000th interest in a share of Non-Cumulative Perpetual Preferred Stock Series E,$24.55,-0.215,-0.868%,,United States,,10141,,
FHN^F,First Horizon Corporation Depositary Shares each representing 1/4000th Interest in a Share of Non-Cumulative Perpetual Preferred Stock Series F,$18.759,0.229,1.236%,,United States,,4207,,
FHTX,Foghorn Therapeutics Inc. Common Stock,$5.48,-0.30,-5.19%,309901064.00,United States,2020,190746,Health Care,Biotechnology: Pharmaceutical Preparations
FIBK,First Interstate BancSystem Inc. Common Stock (DE),$34.02,-0.17,-0.497%,3440044634.00,United States,2010,1734484,Finance,Major Banks
FICO,Fair Isaac Corporation Common Stock,$1441.20,-34.80,-2.358%,34188339521.00,United States,,198005,Real Estate,Real Estate
FIEE,FiEE Inc Common Stock,$6.46,0.03,0.467%,40671908.00,United States,,14669,Utilities,Telecommunications Equipment
FIG,Figma Inc. Class A Common Stock,$30.48,1.37,4.706%,15901906972.00,United States,2025,12895819,Technology,Computer Software: Prepackaged Software
FIGR,Figure Technology Solutions Inc. Class A Common Stock,$32.64,2.16,7.087%,7044023745.00,U.S. Virgin Islands,2025,7686870,Finance,Finance: Consumer Services
FIGS,FIGS Inc. Class A Common Stock,$15.47,-0.95,-5.786%,2573854077.00,United States,2021,5369937,Consumer Discretionary,Apparel
FIGX,FIGX Capital Acquisition Corp. Class A Ordinary Share,$10.15,0.00,0.00%,0.00,United States,2025,21,,
FIGXW,FIGX Capital Acquisition Corp. Warrant,$0.24,0.00,0.00%,0.00,United States,2025,10,,
FIHL,Fidelis Insurance Holdings Limited Common Shares,$18.76,0.14,0.752%,1622367520.00,Bermuda,2023,476323,Finance,Property-Casualty Insurers
FINS,Angel Oak Financial Strategies Income Term Trust Common Shares of Beneficial Interest,$12.85,-0.01,-0.078%,322054898.00,,2019,63378,Finance,Finance/Investors Services
FINV,FinVolution Group American Depositary Shares,$5.35,0.18,3.482%,1355764156.00,United States,2017,1209643,Finance,Finance: Consumer Services
FINW,FinWise Bancorp Common Stock,$16.14,-0.10,-0.616%,219292905.00,United States,2021,7449,Finance,Major Banks
FIP,FTAI Infrastructure Inc. Common Stock ,$5.50,0.12,2.23%,639619536.00,United States,,886170,Energy,Oil Refining/Marketing
FIS,Fidelity National Information Services Inc. Common Stock,$51.62,0.13,0.252%,26553518375.00,United States,,6173433,Real Estate,Real Estate
FISI,Financial Institutions Inc. Common Stock,$30.73,-0.05,-0.162%,618611679.00,United States,1999,143559,Finance,Major Banks
FISV,Fiserv Inc. Common Stock,$61.29,-1.81,-2.868%,32776513710.00,United States,1986,5432718,Real Estate,Real Estate
FITB,Fifth Third Bancorp Common Stock,$46.98,-0.32,-0.677%,42367457654.00,United States,,13094907,Finance,Major Banks
FITBI,Fifth Third Bancorp Depositary Shares,$25.72,0.01,0.039%,23194785246.00,United States,,19197,Finance,Major Banks
FITBM,Fifth Third Bancorp Depositary Shares Representing a 1/40th Ownership Interest in a Share of 6.875% Fixed-Rate Reset Non-Cumulative Perpetual Preferred Stock Series M,$25.97,-0.01,-0.038%,23420240001.00,United States,,11807,Finance,Major Banks
FITBO,Fifth Third Bancorp Depositary Shares each representing a 1/1000th ownership interest in a share of Non-Cumulative Perpetual Preferred Stock Series K,$19.49,-0.11,-0.561%,17576452739.00,United States,,16649,Finance,Major Banks
FITBP,Fifth Third Bancorp Depositary Shares each representing 1/40th share of Fifth Third 6.00% Non-Cumulative Perpetual Class B Preferred Stock Series A,$23.96,-0.09,-0.374%,21607583767.00,United States,,16576,Finance,Major Banks
FIVE,Five Below Inc. Common Stock,$219.82,4.54,2.109%,12124630425.00,United States,2012,943719,Consumer Discretionary,Department/Specialty Retail Stores
FIVN,Five9 Inc. Common Stock,$18.04,-0.05,-0.276%,1379982067.00,United States,2014,2437522,Technology,EDP Services
FIX,Comfort Systems USA Inc. Common Stock,$1372.40,93.34,7.298%,48274124711.00,United States,1997,599674,Industrials,Engineering & Construction
FIZZ,National Beverage Corp. Common Stock,$35.44,-0.25,-0.70%,3318321695.00,United States,,236396,Consumer Staples,Beverages (Production/Distribution)
FJET,Starfighters Space Inc. Common Stock,$8.03,0.25,3.213%,352882140.00,,2025,1191047,Consumer Discretionary,Air Freight/Delivery Services
FKWL,Franklin Wireless Corp. Common Stock,$3.79,-0.01,-0.263%,44662421.00,United States,,5050,Utilities,Telecommunications Equipment
FLC,Flaherty & Crumrine Total Return Fund Inc Common Stock,$17.01,-0.38,-2.185%,0.00,United States,2003,37391,Finance,Trusts Except Educational Religious and Charitable
FLD,Fold Holdings Inc. Class A Common Stock,$1.38,0.03,2.222%,67842256.00,United States,2025,64022,Finance,Finance: Consumer Services
FLDDW,Fold Holdings Inc. Warrant,$0.15,0.00,0.00%,7374158.00,United States,2025,7803,Finance,Finance: Consumer Services
FLEX,Flex Ltd. Ordinary Shares,$61.33,1.42,2.37%,22549441759.00,Singapore,1994,4022092,Technology,Electrical Products
FLG,Flagstar Bank N.A. Common Stock,$12.53,-0.07,-0.556%,5212393305.00,United States,,6454235,Finance,Banks
FLG^A,Flagstar Bank N.A. Depositary shares each representing a 1/40th interest in a share of Fixed-to-Floating Rate Series A Noncumulative Perpetual Preferred Stock,$22.48,-0.23,-1.013%,,United States,,55641,,
FLG^U,Flagstar Bank N.A. Bifurcated Option Note Unit SecuritiES,$40.47,-0.34,-0.833%,,United States,,4896,,
FLGT,Fulgent Genetics Inc. Common Stock,$14.88,0.25,1.709%,464711804.00,United States,2016,867457,Health Care,Medical Specialities
FLL,Full House Resorts Inc. Common Stock,$2.64,-0.04,-1.493%,95360755.00,United States,,176893,Consumer Discretionary,Hotels/Resorts
FLNC,Fluence Energy Inc. Class A Common Stock,$15.70,0.92,6.225%,2887783786.00,United States,2021,4877009,Miscellaneous,Industrial Machinery/Components
FLNG,FLEX LNG Ltd. Ordinary Shares,$29.50,-0.73,-2.415%,1595725092.00,,2019,1378032,Consumer Discretionary,Marine Transportation
FLNT,Fluent Inc. Common Stock,$3.54,-0.09,-2.479%,104910969.00,United States,,76401,Consumer Discretionary,Advertising
FLO,Flowers Foods Inc. Common Stock,$8.85,-0.25,-2.747%,1872255750.00,United States,,6314729,Consumer Staples,Packaged Foods
FLOC,Flowco Holdings Inc. Class A Common Stock,$23.43,0.13,0.558%,2100798350.00,United States,2025,245210,Consumer Discretionary,Oil and Gas Field Machinery
FLR,Fluor Corporation Common Stock,$45.82,0.74,1.642%,6715593317.00,United States,,3361467,Industrials,Military/Government/Technical
FLS,Flowserve Corporation Common Stock,$77.12,0.89,1.168%,9814316572.00,United States,,2567881,Industrials,Fluid Controls
FLUT,Flutter Entertainment plc Ordinary Shares,$109.41,-2.84,-2.53%,19166565683.00,Ireland,2024,3756477,Technology,Computer Software: Programming Data Processing
FLUX,Flux Power Holdings Inc. Common Stock,$1.47,0.10,7.299%,31369998.00,United States,,157773,Miscellaneous,Industrial Machinery/Components
FLWS,1-800-FLOWERS.COM Inc. Common Stock,$3.37,0.02,0.597%,215901763.00,United States,1999,247311,Consumer Discretionary,Other Specialty Stores
FLX,BingEx Limited American Depositary Shares,$2.40,0.08,3.448%,170711784.00,China,2024,312892,Industrials,Trucking Freight/Courier Services
FLXS,Flexsteel Industries Inc. Common Stock,$46.34,-0.67,-1.425%,247710933.00,United States,,38015,Consumer Discretionary,Home Furnishings
FLY,Firefly Aerospace Inc. Common Stock,$20.75,1.02,5.17%,3304460782.00,United States,2025,2498911,Industrials,Military/Government/Technical
FLYE,Fly-E Group Inc. Common Stock,$2.18,0.151,7.442%,3558601.00,United States,2024,16915,Industrials,Aerospace
FLYW,Flywire Corporation Voting Common Stock,$13.56,0.28,2.108%,1643530281.00,United States,2021,2868375,Real Estate,Real Estate
FLYX,flyExclusive Inc. Class A Common Stock,$2.55,0.13,5.372%,240597677.00,,2023,231570,Consumer Discretionary,Transportation Services
FMAO,Farmers & Merchants Bancorp Inc. Common Stock,$25.05,-0.28,-1.105%,344389254.00,United States,,50542,Finance,Savings Institutions
FMBH,First Mid Bancshares Inc. Common Stock,$39.95,-0.21,-0.523%,962095036.00,United States,,167512,Finance,Major Banks
FMC,FMC Corporation Common Stock,$14.12,0.08,0.57%,1764068871.00,United States,,3697175,Industrials,Major Chemicals
FMFC,Kandal M Venture Limited Class A Ordinary Shares,$0.453,0.0366,8.79%,8661360.00,Cambodia,2025,153304,Consumer Discretionary,Apparel
FMN,Federated Hermes Premier Municipal Income Fund,$11.19,-0.045,-0.401%,965191772.00,United States,2002,9837,Finance,Investment Managers
FMNB,Farmers National Banc Corp. Common Stock,$12.53,0.00,0.00%,472034032.00,United States,,444809,Finance,Major Banks
FMS,Fresenius Medical Care AG American Depositary Shares (Each representing 1/2 of an Ordinary Share),$23.41,0.46,2.004%,13076305596.00,Germany,,907459,Health Care,Misc Health and Biotechnology Services
FMST,Foremost Clean Energy Ltd. Common Shares,$2.12,0.08,3.922%,30931606.00,Canada,,121959,Basic Materials,Other Metals and Minerals
FMSTW,Foremost Clean Energy Ltd. Warrant,$0.85,0.02,2.41%,12401823.00,Canada,,3922,Basic Materials,Other Metals and Minerals
FMX,Fomento Economico Mexicano S.A.B. de C.V. Common Stock,$109.31,-0.22,-0.201%,37996428728.00,Mexico,,511691,Consumer Staples,Beverages (Production/Distribution)
FMY,First Trust Mortgage Income Fund Common Shares of Beneficial Interest,$11.70,-0.1382,-1.167%,0.00,United States,2005,7399,Finance,Finance/Investors Services
FN,Fabrinet Ordinary Shares,$527.53,38.15,7.796%,18899351501.00,Cayman Islands,2010,607034,Utilities,Telecommunications Equipment
FNB,F.N.B. Corporation Common Stock,$16.41,0.03,0.183%,5864753769.00,United States,,5101749,Finance,Major Banks
FND,Floor & Decor Holdings Inc. Common Stock,$59.81,-0.30,-0.499%,6452022291.00,United States,2017,4298058,Consumer Discretionary,RETAIL: Building Materials
FNF,Fidelity National Financial Inc. Common Stock,$49.45,-0.63,-1.258%,13407753034.00,United States,2014,2065812,Finance,Specialty Insurers
FNGR,FingerMotion Inc. Common Stock,$1.23,0.06,5.128%,75376009.00,United States,,158649,Technology,Computer Software: Prepackaged Software
FNKO,Funko Inc. Class A Common Stock,$4.51,-0.07,-1.528%,249812634.00,United States,2017,1049645,Consumer Discretionary,Recreational Games/Products/Toys
FNLC,First Bancorp Inc  (ME) Common Stock,$27.51,-0.22,-0.793%,308643493.00,United States,,19355,Finance,Major Banks
FNV,Franco-Nevada Corporation,$263.02,3.27,1.259%,50704232053.00,Canada,,987849,Basic Materials,Precious Metals
FNWB,First Northwest Bancorp Common Stock,$9.19,0.01,0.109%,86957159.00,United States,2015,31819,Finance,Banks
FNWD,Finward Bancorp Common Stock,$37.45,0.16,0.429%,162046150.00,United States,,9730,Finance,Major Banks
FOA,Finance of America Companies Inc. Class A Common Stock,$17.78,0.10,0.566%,180432987.00,United States,2021,98340,Finance,Finance: Consumer Services
FOF,Cohen & Steers Closed-End Opportunity Fund Inc. Common Stock,$13.76,-0.27,-1.924%,676147521.00,United States,2006,138070,Finance,Investment Managers
FOFO,Hang Feng Technology Innovation Co. Ltd. Ordinary Shares,$4.1699,0.7299,21.218%,27792384.00,Hong Kong,2025,39232,Consumer Discretionary,Professional Services
FOLD,Amicus Therapeutics Inc. Common Stock,$14.37,0.03,0.209%,4512190231.00,United States,2007,2577847,Health Care,Biotechnology: Pharmaceutical Preparations
FONR,Fonar Corporation Common Stock,$18.50,0.01,0.054%,121279840.00,United States,1981,61314,Health Care,Biotechnology: Electromedical & Electrotherapeutic Apparatus
FOR,Forestar Group Inc Common Stock ,$25.57,-0.39,-1.502%,1301310486.00,United States,2017,175733,Finance,Real Estate
FORA,Forian Inc. Common Stock,$2.09,0.01,0.481%,64941007.00,United States,,10438,Technology,EDP Services
FORM,FormFactor Inc. FormFactor Inc. Common Stock,$89.04,4.03,4.741%,6937814001.00,United States,2003,1311028,Technology,Semiconductors
FORR,Forrester Research Inc. Common Stock,$6.30,-0.16,-2.477%,119718900.00,United States,1996,106743,Industrials,Diversified Commercial Services
FORTY,Formula Systems (1985) Ltd. American Depositary Shares,$128.20,0.00,0.00%,1963724909.00,Israel,,51,Technology,EDP Services
FOSL,Fossil Group Inc. Common Stock,$3.99,-0.05,-1.238%,218015950.00,United States,1993,1218793,Consumer Discretionary,Consumer Specialties
FOUR,Shift4 Payments Inc. Class A Common Stock,$47.24,-0.63,-1.316%,3837745241.00,United States,2020,1374926,Real Estate,Real Estate
FOUR^A,Shift4 Payments Inc. 6.00% Series A Mandatory Convertible Preferred Stock,$59.25,-0.43,-0.721%,,United States,,162453,,
FOX,Fox Corporation Class B Common Stock,$54.04,-0.27,-0.497%,22988404055.00,United States,,1946790,Industrials,Broadcasting
FOXA,Fox Corporation Class A Common Stock,$59.26,-0.52,-0.87%,25208971582.00,United States,,3715454,Industrials,Broadcasting
FOXF,Fox Factory Holding Corp. Common Stock,$16.37,0.06,0.368%,684303340.00,United States,2013,1000304,Consumer Discretionary,Motor Vehicles
FOXX,Foxx Development Holdings Inc. Common Stock,$4.26,0.085,2.036%,29842114.00,United States,,3539,Telecommunications,Computer Communications Equipment
FOXXW,Foxx Development Holdings Inc. Warrant,$0.1293,-0.0001,-0.077%,905771.00,United States,,4106,Telecommunications,Computer Communications Equipment
FPF,First Trust Intermediate Duration Preferred & Income Fund Common Shares of Beneficial Interest,$18.24,-0.22,-1.192%,0.00,United States,2013,110625,Finance,Trusts Except Educational Religious and Charitable
FPH,Five Point Holdings LLC Class A Common Shares,$5.23,-0.21,-3.86%,769164897.00,United States,2017,253928,Finance,Real Estate
FPI,Farmland Partners Inc. Common Stock,$12.41,-0.02,-0.161%,540305165.00,United States,2014,536927,Real Estate,Real Estate Investment Trusts
FPS,Forgent Power Solutions Inc. Class A Common Stock,$34.48,2.83,8.942%,10496708093.00,,2026,1842406,Energy,Industrial Machinery/Components
FR,First Industrial Realty Trust Inc. Common Stock,$60.52,0.67,1.119%,8020368276.00,United States,1994,1075163,Real Estate,Real Estate Investment Trusts
FRA,Blackrock Floating Rate Income Strategies Fund Inc  Common Stock,$10.94,-0.10,-0.906%,1627461433.00,United States,2003,304920,Finance,Investment Bankers/Brokers/Service
FRAF,Franklin Financial Services Corporation Common Stock,$48.86,-1.21,-2.417%,218845748.00,United States,,33614,Finance,Major Banks
FRBA,First Bank Common Stock,$15.60,0.05,0.322%,392096687.00,United States,2013,79004,Finance,Commercial Banks
FRD,Friedman Industries Inc. Common Stock,$18.06,-0.32,-1.741%,128446007.00,United States,,35949,Industrials,Steel/Iron Ore
FRGT,Freight Technologies Inc. Ordinary Shares,$1.07,-0.06,-5.31%,1673743.00,United States,2017,183224,Consumer Discretionary,Professional Services
FRHC,Freedom Holding Corp. Common Stock,$132.20,0.68,0.517%,8089388727.00,Kazakhstan,,71101,Finance,Investment Bankers/Brokers/Service
FRME,First Merchants Corporation Common Stock,$36.92,-0.63,-1.678%,2340460256.00,United States,,543633,Finance,Major Banks
FRMEP,First Merchants Corporation Depository Shares,$26.0413,0.0152,0.058%,1650829568.00,United States,,300,Finance,Major Banks
FRMI,Fermi Inc. Common Stock,$7.98,-0.03,-0.375%,4899922516.00,United States,2025,6529291,Real Estate,Real Estate Investment Trusts
FRMM,Forum Markets Incorporated Common Stock,$2.93,0.04,1.384%,55705837.00,United States,2017,337327,Health Care,Biotechnology: Pharmaceutical Preparations
FRO,Frontline Plc Ordinary Shares,$35.49,0.93,2.691%,7900886331.00,Bermuda,,6667351,Consumer Discretionary,Marine Transportation
FROG,JFrog Ltd. Ordinary Shares,$42.18,1.59,3.917%,5045948310.00,United States,2020,2721088,Technology,Computer Software: Prepackaged Software
FRPH,FRP Holdings Inc. Common Stock,$22.89,-0.43,-1.844%,437554299.00,United States,,88287,Finance,Real Estate
FRPT,Freshpet Inc. Common Stock,$82.83,0.19,0.23%,4063405971.00,United States,2014,1634769,Consumer Staples,Packaged Foods
FRSH,Freshworks Inc. Class A Common Stock,$8.39,-0.24,-2.781%,2383894244.00,United States,2021,6483083,Technology,Computer Software: Prepackaged Software
FRST,Primis Financial Corp. Common Stock,$12.92,-0.07,-0.539%,318405454.00,United States,2006,110166,Finance,Major Banks
FRSX,Foresight Autonomous Holdings Ltd. American Depositary Shares,$2.93,0.26,9.738%,4271096.00,Israel,,100006,Technology,Computer Software: Prepackaged Software
FRT,Federal Realty Investment Trust Common Stock,$106.54,-1.01,-0.939%,9191848556.00,United States,,702449,Real Estate,Real Estate Investment Trusts
FRT^C,Federal Realty Investment Trust Depositary Shares each representing a 1/1000th interest in a 5.000% Series C Cumulative Redeemable Preferred Share,$19.97,0.00,0.00%,,United States,,6222,,
FSBC,Five Star Bancorp Common Stock,$37.57,-0.19,-0.503%,803102068.00,United States,2021,113840,Finance,Major Banks
FSBW,FS Bancorp Inc. Common Stock,$39.45,-0.01,-0.025%,296603326.00,United States,2012,15424,Finance,Banks
FSCO,FS Credit Opportunities Corp. Common Stock,$4.55,-0.01,-0.219%,902519345.00,United States,2022,6394105,Finance,Trusts Except Educational Religious and Charitable
FSEA,First Seacoast Bancorp Inc. Common Stock,$12.86,-0.05,-0.387%,60400424.00,United States,2019,928,Finance,Savings Institutions
FSHP,Flag Ship Acquisition Corp. Ordinary Shares,$10.90,0.06,0.554%,0.00,United States,2024,2607,,
FSHPR,Flag Ship Acquisition Corp. Right,$0.15,0.00,0.00%,0.00,United States,2024,33,,
FSHPU,Flag Ship Acquisition Corp. Unit,$10.97,0.00,0.00%,0.00,United States,2024,4,,
FSI,Flexible Solutions International Inc. Common Stock (CDA),$5.53,0.25,4.735%,70438364.00,Canada,2002,34833,Industrials,Major Chemicals
FSK,FS KKR Capital Corp. Common Stock,$10.79,0.10,0.935%,3021916812.00,United States,2014,3389577,Finance,Investment Managers
FSLR,First Solar Inc. Common Stock,$195.38,6.17,3.261%,20966422008.00,United States,2006,1954705,Technology,Semiconductors
FSLY,Fastly Inc. Class A Common Stock,$21.83,1.69,8.391%,3313794000.00,United States,,10996762,Technology,Computer Software: Prepackaged Software
FSM,Fortuna Mining Corp. Common Shares,$11.63,0.11,0.955%,3550173637.00,Canada,,5836548,Basic Materials,Precious Metals
FSP,Franklin Street Properties Corp. Common Stock,$0.72,0.0591,8.942%,74657045.00,United States,,573075,Real Estate,Real Estate Investment Trusts
FSS,Federal Signal Corporation Common Stock,$106.19,-2.58,-2.372%,6465712649.00,United States,,602179,Industrials,Auto Manufacturing
FSSL,FS Specialty Lending Fund Common Shares of Beneficial Interest,$11.56,0.02,0.173%,0.00,,2025,560519,Finance,Finance/Investors Services
FSTR,L.B. Foster Company Common Stock,$28.83,-0.10,-0.346%,297161592.00,United States,,35216,Industrials,Metal Fabrications
FSUN,FirstSun Capital Bancorp Common Stock,$36.08,-0.60,-1.636%,1006175119.00,United States,,100327,Finance,Major Banks
FSV,FirstService Corporation Common Shares,$150.06,1.25,0.84%,6900023056.00,Canada,,219896,Finance,Real Estate
FT,Franklin Universal Trust Common Stock,$8.12,-0.08,-0.976%,204070979.00,United States,,32096,Finance,Trusts Except Educational Religious and Charitable
FTAI,FTAI Aviation Ltd. Common Stock,$276.34,15.99,6.142%,28345101024.00,United States,,2049218,Industrials,Misc Corporate Leasing Services
FTAIM,FTAI Aviation Ltd. 9.500% Fixed-Rate Reset Series D Cumulative Perpetual Redeemable Preferred Shares,$26.75,0.1337,0.502%,2743835320.00,United States,,6671,Industrials,Misc Corporate Leasing Services
FTAIN,FTAI Aviation Ltd. 8.25% Fixed - Rate Reset Series C Cumulative Perpetual Redeemable Preferred Shares,$25.25,0.0556,0.221%,2589975396.00,United States,,19458,Industrials,Misc Corporate Leasing Services
FTCI,FTC Solar Inc. Common Stock,$4.51,0.35,8.413%,67381236.00,United States,2021,289164,Technology,Semiconductors
FTDR,Frontdoor Inc. Common Stock,$66.37,-0.22,-0.33%,4686895953.00,United States,,468697,Consumer Discretionary,Diversified Commercial Services
FTEK,Fuel Tech Inc. Common Stock,$1.23,0.00,0.00%,37771176.00,United States,,648967,Industrials,Pollution Control Equipment
FTEL,Fitell Corporation Class A Ordinary Shares,$1.59,-0.12,-7.018%,2241262.00,Australia,2023,48927,Consumer Discretionary,Recreational Games/Products/Toys
FTF,Franklin Limited Duration Income Trust Common Shares of Beneficial Interest,$5.90,-0.07,-1.173%,238391707.00,United States,2003,491999,Finance,Finance/Investors Services
FTFT,Future FinTech Group Inc. Common Stock,$1.43,-0.02,-1.379%,7219109.00,China,,8033,Real Estate,Real Estate
FTHM,Fathom Holdings Inc. Common Stock,$0.8543,-0.0157,-1.805%,27671596.00,United States,2020,83914,Finance,Real Estate
FTHY,First Trust High Yield Opportunities 2027 Term Fund Common Stock,$13.53,-0.11,-0.806%,497538541.00,United States,2020,113863,Finance,Investment Managers
FTI,TechnipFMC plc Ordinary Share,$63.45,0.43,0.682%,25382850809.00,,,5864542,Consumer Discretionary,Oil and Gas Field Machinery
FTK,Flotek Industries Inc. Common Stock,$17.38,0.39,2.295%,522404964.00,United States,,163444,Industrials,Major Chemicals
FTLF,FitLife Brands Inc. Common Stock,$14.75,0.15,1.027%,138518312.00,United States,,24713,Health Care, Medicinal Chemicals and Botanical Products 
FTNT,Fortinet Inc. Common Stock,$83.81,0.14,0.167%,62012995491.00,United States,2009,6446508,Technology,Computer peripheral equipment
FTRE,Fortrea Holdings Inc. Common Stock,$9.83,0.22,2.289%,919105000.00,United States,,1857326,Health Care,Medical Specialities
FTRK,FAST TRACK GROUP Ordinary shares,$0.6202,0.0183,3.04%,13528113.00,Singapore,2025,355425,Consumer Discretionary,Package Goods/Cosmetics
FTS,Fortis Inc. Common Shares,$57.82,0.04,0.069%,29337868000.00,United States,2016,528843,Utilities,Electric Utilities: Central
FTV,Fortive Corporation Common Stock ,$56.35,-1.04,-1.812%,17347865357.00,United States,2016,4668565,Industrials,Industrial Machinery/Components
FTW,Presidio Production Company Class A Common Stock,$13.36,-0.56,-4.023%,595488600.00,,,204527,Energy,Oil & Gas Production
FUBO,FuboTV Inc. Class A Common Stock,$1.17,-0.01,-0.847%,1521731760.00,United States,2020,10918223,Consumer Discretionary,Movies/Entertainment
FUFU,BitFuFu Inc. Class A Ordinary Shares,$2.65,-0.05,-1.852%,441178100.00,Singapore,,16510,Finance,Finance: Consumer Services
FUFUW,BitFuFu Inc. Warrant,$0.19,0.02,11.765%,31631637.00,Singapore,,1091,Finance,Finance: Consumer Services
FUL,H. B. Fuller Company Common Stock,$58.56,-0.19,-0.323%,3190081356.00,United States,,661892,Industrials,Home Furnishings
FULC,Fulcrum Therapeutics Inc. Common Stock,$7.94,-0.23,-2.815%,528805659.00,United States,2019,1034367,Health Care,Biotechnology: Pharmaceutical Preparations
FULT,Fulton Financial Corporation Common Stock,$19.97,-0.23,-1.139%,3594810923.00,United States,,2765451,Finance,Major Banks
FULTP,Fulton Financial Corporation Depositary Shares Each Representing a 1/40th Interest in a Share of Fixed Rate Non-Cumulative Perpetual Preferred Stock Series A,$19.10,-0.09,-0.469%,3438201734.00,United States,,17781,Finance,Major Banks
FUN,Six Flags Entertainment Corporation Common Stock New,$16.24,0.19,1.184%,1654368897.00,United States,,2288913,Consumer Discretionary,Services-Misc. Amusement & Recreation
FUNC,First United Corporation Common Stock,$36.24,0.14,0.388%,235447946.00,United States,,15180,Finance,Major Banks
FUND,Sprott Focus Trust Inc. Common Stock,$9.70,-0.03,-0.308%,287445503.00,United States,,20148,Finance,Investment Managers
FURY,Fury Gold Mines Limited Common Shares,$0.682,-0.02,-2.849%,128995730.00,,2020,513240,Basic Materials,Precious Metals
FUSB,First US Bancshares Inc. Common Stock,$14.80,-0.23,-1.53%,85349942.00,United States,,1278,Finance,Major Banks
FUSE,Fusemachines Inc. Common stock,$1.39,-0.07,-4.795%,40224190.00,United States,,61304,Technology,EDP Services
FUTU,Futu Holdings Limited American Depositary Shares,$143.26,-0.20,-0.139%,19945732080.00,Hong Kong,2019,1705104,Finance,Investment Bankers/Brokers/Service
FVAV,Fortress Value Acquisition Corp. V Class A Ordinary Shares,$10.05,0.00,0.00%,0.00,United States,2026,42575,,
FVCB,FVCBankcorp Inc. Common Stock,$14.98,0.01,0.067%,270760714.00,United States,,55915,Finance,Major Banks
FVN,Future Vision II Acquisition Corporation Ordinary shares,$10.71,0.00,0.00%,0.00,China,2024,25,,
FVNNR,Future Vision II Acquisition Corporation Right,$0.1301,-0.0199,-13.267%,0.00,China,2024,40388,Finance,Blank Checks
FVR,FrontView REIT Inc. Common Stock,$15.96,-0.53,-3.214%,356115560.00,United States,2024,158898,Real Estate,Real Estate Investment Trusts
FVRR,Fiverr International Ltd. Ordinary Shares no par value,$11.26,-0.07,-0.618%,404337885.00,,2019,939083,Real Estate,Real Estate
FWDI,Forward Industries Inc. Common Stock,$5.02,0.19,3.934%,417357966.00,United States,,818595,Industrials,Plastic Products
FWONA,Liberty Media Corporation Series A Liberty Formula One Common Stock,$77.57,0.14,0.181%,19429328452.00,United States,,201089,Industrials,Broadcasting
FWONK,Liberty Media Corporation Series C Liberty Formula One Common Stock,$84.42,0.65,0.776%,21145080674.00,United States,,2314515,Industrials,Broadcasting
FWRD,Forward Air Corporation Common Stock,$22.03,0.09,0.41%,688398595.00,United States,,715411,Industrials,Integrated Freight & Logistics
FWRG,First Watch Restaurant Group Inc. Common Stock,$12.66,-0.27,-2.088%,774008890.00,United States,2021,2025153,Consumer Discretionary,Restaurants
FXNC,First National Corporation Common Stock,$26.24,-0.10,-0.38%,236443838.00,United States,,85028,Finance,Major Banks
G,Genpact Limited Common Stock,$40.86,-0.84,-2.014%,6940634664.00,Bermuda,2007,1864118,Consumer Discretionary,Professional Services
GAB,Gabelli Equity Trust Inc. (The) Common Stock,$5.77,-0.09,-1.536%,1695325319.00,United States,1986,1135718,Finance,Investment Managers
GAB^G,Gabelli Equity Trust Inc. (The) Series G Cumulative Preferred Stock,$20.9499,0.0499,0.239%,,United States,,4775,,
GAB^H,Gabelli Equity Trust Inc. (The) Pfd Ser H,$20.85,-0.20,-0.95%,,United States,,3321,,
GAB^K,Gabelli Equity Trust Inc. (The) 5.00% Series K Cumulative Preferred Stock,$20.98,-0.29,-1.363%,,United States,,19654,,
GABC,German American Bancorp Inc. Common Stock,$40.04,-0.07,-0.175%,1501361341.00,United States,,197492,Finance,Major Banks
GAIA,Gaia Inc. Class A Common Stock,$3.29,0.05,1.543%,82390407.00,United States,1999,58171,Consumer Discretionary,Movies/Entertainment
GAIN,Gladstone Investment Corporation Business Development Company,$13.48,-0.02,-0.148%,536800115.00,United States,2005,250336,Finance,Finance: Consumer Services
GAING,Gladstone Investment Corporation 7.125% Notes due 2031,$25.3496,-0.0304,-0.12%,0.00,United States,,5824,Finance,Finance: Consumer Services
GAINI,Gladstone Investment Corporation 7.875% Notes due 2030,$25.46,-0.13,-0.508%,0.00,United States,,12489,Finance,Finance: Consumer Services
GAINN,Gladstone Investment Corporation 5.00% Notes Due 2026,$25.06,-0.01,-0.04%,957773904.00,United States,,4511,Finance,Finance: Consumer Services
GAINZ,Gladstone Investment Corporation 4.875% Notes due 2028,$23.925,-0.065,-0.271%,914395078.00,United States,,1971,Finance,Finance: Consumer Services
GALT,Galectin Therapeutics Inc. Common Stock,$3.35,0.25,8.065%,215983853.00,United States,,737643,Health Care,Biotechnology: Pharmaceutical Preparations
GAM,General American Investors Inc. Common Stock,$59.79,-0.39,-0.648%,1433501722.00,United States,,27119,Finance,Investment Managers
GAM^B,General American Investors Company Inc. Cumulative Preferred Stock,$25.0561,-0.2039,-0.807%,,United States,,31049,,
GAMB,Gambling.com Group Limited Ordinary Shares,$4.24,0.01,0.236%,151421640.00,Jersey,2021,491164,Consumer Discretionary,Services-Misc. Amusement & Recreation
GAME,GameSquare Holdings Inc. Common Stock,$0.2978,0.0091,3.152%,29481782.00,United States,,733784,Consumer Discretionary,Services-Misc. Amusement & Recreation
GANX,Gain Therapeutics Inc. Common Stock,$2.93,-0.12,-3.934%,145848611.00,United States,2021,1082575,Health Care,Biotechnology: Pharmaceutical Preparations
GAP,Gap Inc. (The) Common Stock,$22.85,-0.43,-1.847%,8498411759.00,United States,,12267936,Consumer Discretionary,Clothing/Shoe/Accessory Stores
GASS,StealthGas Inc. Common Stock,$9.86,-0.30,-2.953%,364609775.00,Greece,2005,368341,Consumer Discretionary,Marine Transportation
GATX,GATX Corporation Common Stock,$178.57,-0.31,-0.173%,6339235000.00,United States,,166369,Consumer Discretionary,Transportation Services
GAU,Galiano Gold Inc.,$3.14,-0.02,-0.633%,815741972.00,Canada,,2938440,Industrials,Mining & Quarrying of Nonmetallic Minerals (No Fuels)
GAUZ,Gauzy Ltd. Ordinary Shares,$0.499,-0.002,-0.399%,9352304.00,Israel,2024,95598,Miscellaneous,Industrial Machinery/Components
GBAB,Guggenheim Taxable Municipal Bond & Investment Grade Debt Trust Common Shares of Beneficial Interest,$15.14,0.00,0.00%,339089142.00,United States,2010,232436,Finance,Investment Managers
GBCI,Glacier Bancorp Inc. Common Stock,$44.14,0.58,1.331%,5738690219.00,United States,,2038536,Finance,Major Banks
GBDC,Golub Capital BDC Inc. Common Stock,$12.23,0.11,0.908%,3219280654.00,United States,2010,3409464,Finance,Finance: Consumer Services
GBFH,GBank Financial Holdings Inc. Common Stock,$29.30,0.25,0.861%,421220111.00,United States,,121410,Finance,Commercial Banks
GBLI,Global Indemnity Group LLC Class A Common Stock ,$29.30,0.80,2.807%,419691852.00,United States,,17310,Finance,Property-Casualty Insurers
GBR,New Concept Energy Inc Common Stock,$1.07,0.00,0.00%,5491169.00,United States,1993,1340941,Energy,Oil & Gas Production
GBTG,Global Business Travel Group Inc. Class A Common Stock,$5.76,0.02,0.348%,3015510526.00,United States,2020,2122553,Consumer Discretionary,Transportation Services
GBX,Greenbrier Companies Inc. (The) Common Stock,$54.69,0.13,0.238%,1689164254.00,United States,1994,313752,Industrials,Railroads
GCBC,Greene County Bancorp Inc. Common Stock,$22.41,-0.01,-0.045%,381571215.00,United States,,12335,Finance,Banks
GCDT,Green Circle Decarbonize Technology Limited Ordinary Shares,$2.24,-0.19,-7.819%,28000000.00,,2026,75442,Industrials,Industrial Machinery/Components
GCL,GCL Global Holdings Ltd Ordinary Shares,$0.71,0.1973,38.483%,89685940.00,Singapore,,1853400,Technology,Computer Software: Prepackaged Software
GCLWW,GCL Global Holdings Ltd Warrants,$0.0329,0.0033,11.149%,4155870.00,Singapore,,83893,Technology,Computer Software: Prepackaged Software
GCMG,GCM Grosvenor Inc. Class A Common Stock,$11.22,-0.05,-0.444%,2271789584.00,United States,,643715,Finance,Investment Managers
GCO,Genesco Inc. Common Stock,$25.89,-0.61,-2.302%,279423935.00,United States,,531377,Consumer Discretionary,Clothing/Shoe/Accessory Stores
GCT,GigaCloud Technology Inc Class A Ordinary Shares,$44.09,1.33,3.11%,1614491632.00,United States,2022,734213,Consumer Discretionary,Catalog/Specialty Distribution
GCTK,GlucoTrack Inc. Common Stock,$1.434,-0.076,-5.033%,1450174.00,United States,,29572,Health Care,Medical/Dental Instruments
GCTS,GCT Semiconductor Holding Inc. Common Stock,$1.07,-0.01,-0.926%,77541764.00,United States,2021,1085045,Technology,Semiconductors
GCV,Gabelli Convertible and Income Securities Fund Inc. (The) Common Stock,$4.48,0.08,1.818%,85299330.00,United States,,42461,Finance,Finance/Investors Services
GD,General Dynamics Corporation Common Stock,$361.98,-1.51,-0.415%,97875684963.00,United States,,1444670,Industrials,Marine Transportation
GDC,GD Culture Group Limited Common Stock,$3.815,-0.015,-0.392%,218668593.00,United States,2015,35722,Industrials,Steel/Iron Ore
GDDY,GoDaddy Inc. Class A Common Stock,$91.69,-2.26,-2.406%,12227238988.00,United States,2015,2142925,Technology,EDP Services
GDEN,Golden Entertainment Inc. Common Stock,$28.47,-0.10,-0.35%,745887779.00,United States,,134489,Consumer Discretionary,Services-Misc. Amusement & Recreation
GDEV,GDEV Inc. Ordinary Shares,$14.06,-1.09,-7.195%,254909065.00,Cyprus,,1167,Technology,EDP Services
GDHG,Golden Heaven Group Holdings Ltd. Class A Ordinary Shares,$1.8718,0.0718,3.989%,37496075.00,China,2023,2704,Consumer Discretionary,Services-Misc. Amusement & Recreation
GDL,GDL Fund The Common Shares of Beneficial Interest,$8.477,-0.036,-0.423%,0.00,United States,2007,25912,Finance,Investment Managers
GDO,Western Asset Global Corporate Opportunity Fund Inc. Common Stock,$10.98,-0.06,-0.543%,0.00,United States,2009,73621,Finance,Finance Companies
GDOT,Green Dot Corporation Class A Common Stock $0.001 par value,$11.71,0.11,0.948%,648996456.00,United States,2010,394681,Finance,Finance: Consumer Services
GDRX,GoodRx Holdings Inc. Class A Common Stock,$2.35,0.07,3.07%,805050070.00,United States,2020,3811143,Technology,EDP Services
GDS,GDS Holdings Limited ADS,$41.35,0.48,1.174%,8285595690.00,China,2016,2509787,Technology,Computer Software: Programming Data Processing
GDTC,CytoMed Therapeutics Limited Ordinary Shares,$1.06,0.01,0.952%,12232400.00,Singapore,2023,6843,Health Care,Biotechnology: Pharmaceutical Preparations
GDV,Gabelli Dividend & Income Trust Common Shares of Beneficial Interest,$27.63,-0.17,-0.612%,2491908006.00,United States,2003,122628,Finance,Investment Managers
GDV^H,The Gabelli Dividend & Income Trust 5.375% Series H Cumulative Preferred Shares,$23.07,-0.15,-0.646%,,United States,,2933,,
GDV^K,The Gabelli Dividend & Income Trust 4.250% Series K Cumulative Preferred Shares,$18.53,0.0799,0.433%,,United States,,7494,,
GDYN,Grid Dynamics Holdings Inc. Class A Common Stock,$6.51,-0.135,-2.032%,555653049.00,United States,2018,2110468,Technology,Computer Software: Prepackaged Software
GE,GE Aerospace Common Stock,$321.93,-1.18,-0.365%,337644566111.00,United States,,5734950,Technology,Consumer Electronics/Appliances
GECC,Great Elm Capital Corp. Common Stock,$5.53,-0.17,-2.982%,42038839.00,United States,,109172,Finance,Finance: Consumer Services
GECCG,Great Elm Capital Corp. 7.75% Notes Due 2030,$24.525,-0.025,-0.102%,0.00,United States,,1635,Finance,Finance: Consumer Services
GECCH,Great Elm Capital Corp. 8.125% Notes Due 2029,$25.3001,0.0901,0.357%,0.00,United States,,1275,,
GECCI,Great Elm Capital Corp. 8.50% NOTES DUE 2029,$25.50,0.06,0.236%,0.00,United States,,9650,Finance,Finance Companies
GECCO,Great Elm Capital Corp. 5.875% Notes due 2026,$25.23,0.04,0.159%,0.00,United States,,353,Finance,Finance Companies
GEF,Greif Inc. Class A Common Stock,$69.69,0.51,0.737%,3225672385.00,United States,,231328,,
GEG,Great Elm Group Inc. Common Stock,$2.07,0.00,0.00%,67781225.00,United States,,113667,Technology,Computer Software: Prepackaged Software
GEGGL,Great Elm Group Inc.  7.25% Notes due 2027,$24.78,0.09,0.365%,718540382.00,United States,,152,Technology,Computer Software: Prepackaged Software
GEHC,GE HealthCare Technologies Inc. Common Stock ,$75.63,1.36,1.831%,34468354878.00,United States,,2906079,Health Care,Medical Electronics
GEL,Genesis Energy L.P. Common Units,$17.95,-0.14,-0.774%,2198234508.00,United States,2001,156787,Energy,Oil Refining/Marketing
GELS,Gelteq Limited Ordinary Shares,$0.78,0.00,0.00%,8354626.00,Australia,2024,44319,Health Care,Biotechnology: Pharmaceutical Preparations
GEMI,Gemini Space Station Inc. Class A Common Stock,$8.71,-0.23,-2.573%,1024763884.00,United States,2025,981649,Finance,Investment Bankers/Brokers/Service
GEN,Gen Digital Inc. Common Stock,$22.55,-0.06,-0.265%,13657718104.00,United States,,5240899,Technology,Computer Software: Prepackaged Software
GENB,Generate Biomedicines Inc. Common Stock,$12.17,0.96,8.564%,1551068946.00,United States,2026,810304,Health Care,Biotechnology: Pharmaceutical Preparations
GENC,Gencor Industries Inc. Common Stock,$15.27,-0.20,-1.293%,223823110.00,United States,,30791,Industrials,Construction/Ag Equipment/Trucks
GENI,Genius Sports Limited Ordinary Shares,$5.39,0.00,0.00%,1292616363.00,Guernsey,2021,7497639,Consumer Discretionary,Services-Misc. Amusement & Recreation
GENK,GEN Restaurant Group Inc. Class A Common Stock,$1.72,0.00,0.00%,56660730.00,United States,2023,23547,Consumer Discretionary,Restaurants
GENVR,Gen Digital Inc. Contingent Value Rights,$1.86,0.01,0.541%,1126534620.00,United States,,39738,Technology,Computer Software: Prepackaged Software
GEO,Geo Group Inc (The) REIT,$13.76,-0.59,-4.111%,1848816276.00,United States,,2554791,Consumer Discretionary,Homebuilding
GEOS,Geospace Technologies Corporation Common Stock (Texas),$10.68,0.55,5.429%,137642964.00,United States,,264179,Industrials,Industrial Machinery/Components
GERN,Geron Corporation Common Stock,$1.62,0.09,5.882%,1037682351.00,United States,1996,13287511,Health Care,Biotechnology: Pharmaceutical Preparations
GETY,Getty Images Holdings Inc. Class A Common Stock,$0.8245,-0.024,-2.829%,343993441.00,United States,2022,2427004,Real Estate,Real Estate
GEV,GE Vernova Inc. Common Stock,$830.10,40.87,5.178%,223736408066.00,United States,2024,2873842,,
GEVO,Gevo Inc. Common Stock,$2.24,0.10,4.673%,543918148.00,United States,2011,8162318,Industrials,Major Chemicals
GF,New Germany Fund Inc. (The) Common Stock,$10.78,-0.27,-2.443%,0.00,United States,1990,16036,Finance,Investment Managers
GFAI,Guardforce AI Co. Limited Ordinary Shares,$0.5865,-0.0205,-3.377%,12330299.00,Singapore,,356010,Consumer Discretionary,Diversified Commercial Services
GFAIW,Guardforce AI Co. Limited Warrant,$0.0798,-0.0002,-0.25%,1677678.00,Singapore,,5921,Consumer Discretionary,Diversified Commercial Services
GFF,Griffon Corporation Common Stock,$76.47,-0.96,-1.24%,3561909359.00,United States,,355081,Industrials,Building Products
GFI,Gold Fields Limited American Depositary Shares,$52.13,1.69,3.351%,46657613996.00,South Africa,,3644041,Basic Materials,Precious Metals
GFL,GFL Environmental Inc. Subordinate voting shares no par value,$45.03,0.45,1.009%,16171351243.00,Canada,2020,1871739,Utilities,Environmental Services
GFR,Greenfire Resources Ltd. Common Shares,$6.57,-0.07,-1.054%,461588490.00,Canada,,83221,Energy,Oil & Gas Production
GFS,GlobalFoundries Inc. Ordinary Shares,$47.38,0.50,1.067%,26337994998.00,United States,2021,4085095,Technology,Semiconductors
GGAL,Grupo Financiero Galicia S.A. American Depositary Shares,$42.47,0.73,1.749%,6821759591.00,Argentina,,1216292,Finance,Commercial Banks
GGB,Gerdau S.A. Common Stock,$3.58,0.02,0.562%,7442123905.00,Brazil,,18971182,Industrials,Steel/Iron Ore
GGG,Graco Inc. Common Stock,$88.47,-0.08,-0.09%,14627479578.00,United States,,986803,Industrials,Fluid Controls
GGN,GAMCO Global Gold Natural Resources & Income Trust,$5.51,-0.08,-1.431%,0.00,United States,2005,598082,Finance,Finance/Investors Services
GGN^B,GAMCO Global Gold Natural Reources & Income Trust 5.00% Series B Cumulative 25.00 Liquidation Preference,$20.60,-0.18,-0.866%,,United States,,18652,,
GGR,Gogoro Inc. Ordinary Shares,$4.23,-0.43,-9.227%,62408439.00,Taiwan,,32315,Industrials,Auto Manufacturing
GGROW,Gogoro Inc. Warrant,$0.0084,0.0003,3.704%,123932.00,Taiwan,,18257,Industrials,Auto Manufacturing
GGRP,The Glimpse Group Inc. Common Stock,$0.6044,-0.0198,-3.172%,12738640.00,United States,2021,36923,Technology,EDP Services
GGT,Gabelli Multi-Media Trust Inc. (The) Common Stock,$4.27,0.05,1.185%,117577657.00,United States,,382138,Finance,Trusts Except Educational Religious and Charitable
GGT^E,Gabelli Multi-Media Trust Inc. (The) 5.125% Series E Cumulative Preferred Stock,$21.494,0.164,0.769%,,United States,,308,,
GGT^G,Gabelli Multi-Media Trust Inc. (The) 5.125% Series G Cumulative Preferred Shares,$21.57,0.00,0.00%,,United States,,8,,
GGZ,Gabelli Global Small and Mid Cap Value Trust (The) Common Shares of Beneficial Interest,$15.49,-0.13,-0.832%,137426769.00,,2014,16651,Finance,Investment Managers
GH,Guardant Health Inc. Common Stock,$91.20,0.00,0.00%,11962744219.00,United States,2018,1712380,Health Care,Medical Specialities
GHC,Graham Holdings Company Common Stock,$1077.53,8.81,0.824%,4700008068.00,United States,,19621,Real Estate,Other Consumer Services
GHG,GreenTree Hospitality Group Ltd. American depositary shares each representing one Class A ordinary share,$1.33,0.00,0.00%,135027573.00,,2018,8950,Consumer Discretionary,Hotels/Resorts
GHI,Greystone Housing Impact Investors LP Beneficial Unit Certificates representing assignments of limited partnership interests,$7.57,-0.08,-1.046%,178519169.00,United States,2022,54761,Finance,Finance: Consumer Services
GHM,Graham Corporation Common Stock,$85.46,3.84,4.705%,946279779.00,United States,1978,117090,Industrials,Industrial Machinery/Components
GHRS,GH Research PLC Ordinary Shares,$15.98,0.05,0.314%,991229732.00,Ireland,2021,334452,Health Care,Biotechnology: Pharmaceutical Preparations
GHY,PGIM Global High Yield Fund Inc.,$12.05,-0.12,-0.986%,0.00,United States,2012,279101,Finance,Trusts Except Educational Religious and Charitable
GIB,CGI Inc. Common Stock,$75.75,-0.30,-0.394%,16267910471.00,Canada,,480568,Consumer Discretionary,Professional Services
GIBO,GIBO Holdings Limited Class A Ordinary Shares,$1.44,-0.01,-0.69%,5407684.00,Hong Kong,,38649,Technology,Computer Software: Prepackaged Software
GIBOW,GIBO Holdings Limited Warrants,$0.029,0.0009,3.203%,108905.00,Hong Kong,,5101,Technology,Computer Software: Prepackaged Software
GIC,Global Industrial Company Common Stock,$31.72,-0.22,-0.689%,1211600656.00,United States,,128437,Industrials,Industrial Machinery/Components
GIFT,Giftify Inc. Common Stock,$0.76,-0.032,-4.04%,23532574.00,United States,,31363,Consumer Discretionary,Catalog/Specialty Distribution
GIG,GigCapital7 Corp. Class A Ordinary Share,$10.62,0.01,0.094%,0.00,United States,2024,16651,Finance,Blank Checks
GIGGU,GigCapital7 Corp. Unit,$11.30,0.00,0.00%,1760848490.00,United States,2024,72,Technology,Computer Software: Prepackaged Software
GIGGW,GigCapital7 Corp. Warrant,$0.47,0.01,2.174%,0.00,United States,2024,17854,Finance,Blank Checks
GIGM,GigaMedia Limited Ordinary Shares,$1.56,0.01,0.645%,17241487.00,Taiwan,,463,Technology,Computer Software: Programming Data Processing
GIII,G-III Apparel Group LTD. Common Stock,$29.26,-0.18,-0.611%,1234458538.00,United States,1989,674058,Consumer Discretionary,Apparel
GIL,Gildan Activewear Inc. Class A Sub. Vot. Common Stock,$61.62,-0.81,-1.297%,11409066240.00,Canada,2000,2725722,Consumer Discretionary,Apparel
GILD,Gilead Sciences Inc. Common Stock,$146.63,2.70,1.876%,182029492021.00,United States,1992,5210391,Health Care,Biotechnology: Biological Products (No Diagnostic Substances)
GILT,Gilat Satellite Networks Ltd. Ordinary Shares,$17.56,1.42,8.798%,1128318116.00,Israel,,830879,Technology,Radio And Television Broadcasting And Communications Equipment
GIPR,Generation Income Properties Inc. Common Stock,$0.37,0.0009,0.244%,2015676.00,United States,,43013,Real Estate,Real Estate Investment Trusts
GIPRW,Generation Income Properties Inc Warrant,$0.0408,-0.0024,-5.556%,222269.00,United States,,17705,Real Estate,Real Estate Investment Trusts
GIS,General Mills Inc. Common Stock,$43.40,-0.89,-2.009%,23157462315.00,United States,,7521034,Consumer Staples,Packaged Foods
GITS,Global Interactive Technologies Inc. Common Stock,$2.26,0.06,2.727%,16996018.00,South Korea,2023,29759,Technology,Computer Software: Programming Data Processing
GIW,GigCapital8 Corp. Class A Ordinary Shares,$9.98,0.00,0.00%,0.00,United States,2025,1768,,
GIWWR,GigCapital8 Corp. Rights,$0.32,0.00,0.00%,0.00,United States,2025,147,,
GIWWU,GigCapital8 Corp. Units,$10.35,0.00,0.00%,0.00,United States,2025,109,,
GIXXU,GigCapital9 Corp. Units,$10.04,0.01,0.10%,0.00,United States,2026,33101,Finance,Blank Checks
GJH,Synthetic Fixed-Income Securities Inc 6.375% (STRATS) Cl A-1,$9.59,-0.39,-3.908%,0.00,United States,,28442,Finance,Finance: Consumer Services
GJO,Synthetic Fixed-Income Securities Inc. on behalf of STRATS(SM) Trust for Wal-Mart Stores Inc. Securities Series 2004-5,$24.8439,0.00,0.00%,0.00,United States,,4,Finance,Finance: Consumer Services
GJP,Synthetic Fixed-Income Securities Inc. on behalf of STRATS (SM) Trust for Dominion Resources Inc. Securities Series 2005-6 Floating Rate Structured Repackaged Asset-Backed Trust Securities (STRATS) Certificates,$24.5806,-0.1694,-0.684%,0.00,United States,,1220,Finance,Finance: Consumer Services
GJR,Synthetic Fixed-Income Securities Inc. STRATS Trust for Procter&Gamble Securities Series 2006-1,$24.72,-0.02,-0.081%,0.00,United States,,1899,Finance,Finance: Consumer Services
GJS,Goldman Sachs Group Securities STRATS Trust for Goldman Sachs Group Securities Series 2006-2,$24.01,-0.08,-0.332%,7492057182.00,United States,,2200,Finance,Finance: Consumer Services
GJT,Synthetic Fixed-Income Securities Inc. Floating Rate Structured Repackaged Asset-Backed Trust Securities Certificates Series 2006-3,$23.2243,0.00,0.00%,0.00,United States,,5,Finance,Finance: Consumer Services
GKOS,Glaukos Corporation Common Stock,$105.78,-1.95,-1.81%,6143576733.00,United States,2015,952993,Health Care,Medical/Dental Instruments
GL,Globe Life Inc. Common Stock,$142.01,-0.17,-0.12%,11167258831.00,United States,,592388,Finance,Life Insurance
GL^D,Globe Life Inc. 4.25% Junior Subordinated Debentures due 2061,$16.35,-0.05,-0.305%,,United States,,19639,,
GLAD,Gladstone Capital Corporation Common Stock,$17.91,-0.24,-1.322%,404641866.00,United States,2001,246441,Consumer Discretionary,Textiles
GLBE,Global-E Online Ltd. Ordinary Shares,$35.09,-0.30,-0.848%,5934816194.00,Israel,2021,919235,Technology,Computer Software: Prepackaged Software
GLBS,Globus Maritime Limited Common Stock,$1.80,-0.15,-7.692%,37048142.00,Greece,,107283,Consumer Discretionary,Marine Transportation
GLDD,Great Lakes Dredge & Dock Corporation Common Stock,$16.95,0.01,0.059%,1131934526.00,United States,,2267403,Industrials,Military/Government/Technical
GLDG,GoldMining Inc. Common Shares,$1.55,0.01,0.649%,331324080.00,,,2522322,Basic Materials,Precious Metals
GLE,Global Engine Group Holding Limited Class A Ordinary Shares,$0.39,0.0097,2.551%,7137000.00,Hong Kong,2024,118968,Technology,EDP Services
GLIBA,GCI Liberty Inc. Series A GCI Group Common Stock,$37.54,-0.47,-1.237%,1494416683.00,United States,,40113,Telecommunications,Cable & Other Pay Television Services
GLIBK,GCI Liberty Inc. Series C GCI Group Common Stock,$37.28,-0.37,-0.983%,1484066435.00,United States,,479604,Telecommunications,Cable & Other Pay Television Services
GLMD,Galmed Pharmaceuticals Ltd. Ordinary Shares,$0.6153,-0.0447,-6.773%,3371371.00,Israel,2014,18828,Health Care,Biotechnology: Pharmaceutical Preparations
GLNG,Golar Lng Ltd,$45.55,-1.28,-2.733%,4765553782.00,Bermuda,,2526883,Consumer Discretionary,Marine Transportation
GLO,Clough Global Opportunities Fund Common Stock,$5.68,0.00,0.00%,0.00,United States,2006,176510,Finance,Finance/Investors Services
GLOB,Globant S.A. Common Shares,$50.43,-1.18,-2.286%,2177545009.00,United States,2014,1709086,Technology,EDP Services
GLOO,Gloo Holdings Inc. Class A Common Stock,$5.70,-0.25,-4.202%,460890874.00,United States,2025,46671,Technology,EDP Services
GLOP^A,GasLog Partners LP 8.625% Series A Cumulative Redeemable Perpetual Fixed to Floating Rate Preference Units,$25.77,-0.23,-0.885%,,Greece,,7127,,
GLOP^B,GasLog Partners LP 8.200% Series B Cumulative Redeemable Perpetual Fixed to Floating Rate Preference Units,$25.84,-0.31,-1.185%,,Greece,,6832,,
GLOP^C,GasLog Partners LP 8.500% Series C Cumulative Redeemable Perpetual Fixed to Floating Rate Preference Units,$25.60,-0.065,-0.253%,,Greece,,20693,,
GLP,Global Partners LP Common Units representing Limited Partner Interests,$48.00,0.39,0.819%,1631787024.00,United States,2005,32794,Energy,Oil Refining/Marketing
GLP^B,Global Partners LP 9.50% Series B Fixed Rate Cumulative Redeemable Perpetual Preferred Units representing limited partner interests,$25.44,0.02,0.079%,,United States,,5802,,
GLPG,Galapagos NV American Depositary Shares,$33.06,0.14,0.425%,2178557167.00,Belgium,2015,83902,Health Care,Biotechnology: Pharmaceutical Preparations
GLPI,Gaming and Leisure Properties Inc. Common Stock,$48.95,0.04,0.082%,13863709117.00,United States,,2025362,Real Estate,Real Estate Investment Trusts
GLQ,Clough Global Equity Fund Clough Global Equity Fund Common Shares of Beneficial Interest,$7.75,-0.03,-0.386%,0.00,United States,2005,75992,Finance,Finance/Investors Services
GLRE,Greenlight Capital Re Ltd. Class A Ordinary Shares,$14.20,0.05,0.353%,484209009.00,Cayman Islands,2007,145367,Finance,Property-Casualty Insurers
GLSI,Greenwich LifeSciences Inc. Common Stock,$25.76,2.67,11.563%,356892925.00,United States,2020,173651,Health Care,Biotechnology: Pharmaceutical Preparations
GLTO,Galecto Inc. Common Stock,$28.69,-0.22,-0.761%,1728073868.00,Denmark,2020,231454,Health Care,Biotechnology: Pharmaceutical Preparations
GLU,Gabelli Global Utility Common Shares of Beneficial Ownership,$20.18,-0.231,-1.132%,120452624.00,United States,2004,9072,Finance,Finance/Investors Services
GLU^A,The Gabelli Global Utility and Income Trust Series A Cumulative Puttable and Callable Preferred Shares,$52.00,1.40,2.767%,,United States,,774,,
GLU^B,The Gabelli Global Utility and Income Trust Series B Cumulative Puttable and Callable Preferred Shares,$50.70,0.02,0.039%,,United States,,100,,
GLUE,Monte Rosa Therapeutics Inc. Common Stock,$17.66,-0.14,-0.787%,1149979659.00,United States,2021,686108,Health Care,Biotechnology: Biological Products (No Diagnostic Substances)
GLV,Clough Global Dividend and Income Fund Common Shares of beneficial interest,$6.02,0.01,0.166%,76511690.00,United States,2004,79467,Finance,Finance/Investors Services
GLW,Corning Incorporated Common Stock,$129.05,5.76,4.672%,110718203466.00,United States,,15890723,Industrials,Telecommunications Equipment
GLXG,Galaxy Payroll Group Limited Class A Ordinary Shares,$2.00,-0.10,-4.762%,4322530.00,Hong Kong,2024,2349,Industrials,Diversified Commercial Services
GLXY,Galaxy Digital Inc. Class A Common Stock,$21.495,0.94,4.573%,8396169043.00,United States,,4550040,Finance,Investment Bankers/Brokers/Service
GM,General Motors Company Common Stock,$74.69,-0.52,-0.691%,67517358941.00,United States,2010,8827096,Industrials,Auto Manufacturing
GMAB,Genmab A/S ADS,$27.24,0.18,0.665%,17498542339.00,Denmark,2019,1348177,Health Care,Biotechnology: Pharmaceutical Preparations
GME,GameStop Corporation Common Stock,$24.80,0.43,1.764%,11110635104.00,United States,2002,7188536,Consumer Discretionary,Electronics Distribution
GMED,Globus Medical Inc. Class A Common Stock,$87.81,0.71,0.815%,11876570408.00,United States,2012,865617,Health Care,Medical/Dental Instruments
GMHS,Gamehaus Holdings Inc. Class A Ordinary Shares,$0.9852,-0.0001,-0.01%,52776532.00,China,,22477,Technology,EDP Services
GMM,Global Mofy AI Limited Class A Ordinary Shares,$1.10,-0.01,-0.901%,54524859.00,China,2023,23182,Technology,Computer Software: Programming Data Processing
GNE,Genie Energy Ltd. Class B Common Stock Stock,$14.33,0.06,0.42%,379672691.00,United States,2011,69010,Utilities,Power Generation
GNK,Genco Shipping & Trading Limited Ordinary Shares New (Marshall Islands),$21.57,-0.63,-2.838%,934365162.00,United States,,1179358,Consumer Discretionary,Marine Transportation
GNL,Global Net Lease Inc. Common Stock,$9.40,0.14,1.512%,2013348409.00,United States,2015,2190840,Real Estate,Real Estate Investment Trusts
GNL^A,Global Net Lease Inc. 7.25% Series A Cumulative Redeemable Preferred Stock $0.01 par value per share,$22.95,-0.0585,-0.254%,,United States,,10446,,
GNL^B,Global Net Lease Inc. 6.875% Series B Cumulative Redeemable Perpetual Preferred Stock,$22.12,-0.21,-0.94%,,United States,,634,,
GNL^D,Global Net Lease Inc. 7.50% Series D Cumulative Redeemable Perpetual Preferred Stock,$24.26,-0.20,-0.818%,,United States,,4686,,
GNL^E,Global Net Lease Inc. 7.375% Series E Cumulative Redeemable Perpetual Preferred Stock,$23.4415,0.0715,0.306%,,United States,,486,,
GNLN,Greenlane Holdings Inc. Class A Common Stock,$0.852,0.058,7.305%,4199988.00,United States,2019,58209,Consumer Discretionary,Durable Goods
GNLX,Genelux Corporation Common Stock,$2.83,0.12,4.428%,107672382.00,United States,2023,134541,Health Care,Biotechnology: Pharmaceutical Preparations
GNPX,Genprex Inc. Common Stock,$1.98,0.03,1.538%,4591410.00,United States,2018,465382,Health Care,Biotechnology: Pharmaceutical Preparations
GNRC,Generac Holdlings Inc. Common Stock,$207.11,3.09,1.515%,12152350530.00,United States,2010,1006663,Consumer Discretionary,Metal Fabrications
GNS,Genius Group Limited Ordinary Shares,$0.4349,-0.0231,-5.044%,38188057.00,Singapore,2022,1092170,Consumer Discretionary,Services-Misc. Amusement & Recreation
GNSS,Genasys Inc. Common Stock,$1.76,-0.02,-1.124%,79573667.00,United States,,145698,Consumer Staples,Consumer Electronics/Appliances
GNT,GAMCO Natural Resources Gold & Income Trust,$8.55,-0.03,-0.35%,157965003.00,United States,2011,164654,Finance,Finance/Investors Services
GNT^A,GAMCO Natural Resources Gold & Income Tust  5.20% Series A Cumulative Preferred Shares (Liquidation Preference $25.00 per share),$21.21,-0.17,-0.795%,,United States,,5680,,
GNTA,Genenta Science S.p.A. American Depositary Shares,$0.8574,-0.0027,-0.314%,20090754.00,Italy,2021,16862,Health Care,Biotechnology: Biological Products (No Diagnostic Substances)
GNTX,Gentex Corporation Common Stock,$21.75,-0.33,-1.495%,4685001395.00,United States,,2081837,Consumer Discretionary,Auto Parts:O.E.M.
GNW,Genworth Financial Inc Common Stock,$8.35,-0.08,-0.949%,3236552242.00,United States,2004,4285768,Finance,Life Insurance
GO,Grocery Outlet Holding Corp. Common Stock,$6.08,-0.51,-7.739%,596770763.00,United States,2019,10439252,Consumer Staples,Food Chains
GOAI,Eva Live Inc. Common Stock,$4.27,0.17,4.146%,133831557.00,United States,,109033,Technology,Computer Software: Programming Data Processing
GOCO,GoHealth Inc. Class A Common Stock,$1.81,0.09,5.233%,51972340.00,United States,2020,54408,Finance,Specialty Insurers
GOF,Guggenheim Strategic Opportunities Fund Common Shares of Beneficial Interest,$11.30,-0.11,-0.964%,0.00,United States,,3617612,Finance,Finance/Investors Services
GOGO,Gogo Inc. Common Stock,$4.94,-0.29,-5.545%,665328576.00,United States,2013,2777609,Consumer Discretionary,Telecommunications Equipment
GOLD,Gold.com Inc. Common Stock,$50.10,-2.32,-4.426%,1267379299.00,United States,,914284,Industrials,Other Specialty Stores
GOLF,Acushnet Holdings Corp. Common Stock,$95.75,0.20,0.209%,5607154279.00,United States,2016,869211,Consumer Discretionary,Recreational Games/Products/Toys
GOOD,Gladstone Commercial Corporation Real Estate Investment Trust,$12.34,-0.02,-0.162%,597342294.00,United States,2003,405161,Real Estate,Real Estate
GOODN,Gladstone Commercial Corporation 6.625% Series E Cumulative Redeemable Preferred Stock,$22.77,-0.051,-0.223%,1102227231.00,United States,,1811,Real Estate,Real Estate
GOODO,Gladstone Commercial Corporation 6.00% Series G Cumulative Redeemable Preferred Stock par value $0.001 per share,$19.89,-0.2521,-1.252%,962815091.00,United States,,18654,Real Estate,Real Estate
GOOG,Alphabet Inc. Class C Capital Stock,$306.01,7.92,2.657%,3701802970000.00,United States,2004,19583291,Technology,Computer Software: Programming Data Processing
GOOGL,Alphabet Inc. Class A Common Stock,$306.36,8.05,2.699%,3706036920000.00,United States,2004,29260632,Technology,Computer Software: Programming Data Processing
GOOS,Canada Goose Holdings Inc. Subordinate Voting Shares,$11.15,-0.04,-0.357%,1082982206.00,,2017,384842,Consumer Discretionary,Apparel
GORO,Gold Resource Corporation Common Stock,$1.34,-0.01,-0.741%,216766018.00,United States,,1306789,Basic Materials,Precious Metals
GOSS,Gossamer Bio Inc. Common Stock,$0.5553,0.0546,10.905%,128527654.00,United States,2019,9198231,Health Care,Biotechnology: Pharmaceutical Preparations
GOTU,Gaotu Techedu Inc. American Depositary Shares,$2.14,0.08,3.883%,517991214.00,China,2019,331216,Real Estate,Other Consumer Services
GOVX,GeoVax Labs Inc. Common Stock,$1.92,0.13,7.263%,3497428.00,United States,,118827,Health Care,Biotechnology: Pharmaceutical Preparations
GP,GreenPower Motor Company Inc. Common Shares,$1.045,-0.011,-1.042%,5255609.00,Canada,,18592,Consumer Discretionary,Construction/Ag Equipment/Trucks
GPAC,General Purpose Acquisition Corp. Class A Ordinary Shares,$9.91,0.01,0.101%,0.00,United States,2026,13570,,
GPACU,General Purpose Acquisition Corp. Units,$10.01,0.00,0.00%,0.00,United States,2025,29289,,
GPACW,General Purpose Acquisition Corp. Warrant,$0.27,0.02,8.00%,2664781.00,United States,2026,4100,Industrials,Major Chemicals
GPAT,GP-Act III Acquisition Corp. Class A Ordinary Share,$10.77,-0.01,-0.093%,0.00,United States,2024,1013,,
GPATU,GP-Act III Acquisition Corp. Units,$10.87,0.00,0.00%,0.00,United States,2024,16,,
GPATW,GP-Act III Acquisition Corp. Warrants,$0.1726,-0.0574,-24.957%,0.00,United States,2024,2857,,
GPC,Genuine Parts Company Common Stock,$111.84,-3.68,-3.186%,15559416559.00,United States,,1584688,Consumer Discretionary,Automotive Aftermarket
GPCR,Structure Therapeutics Inc. American Depositary Shares,$56.50,-1.23,-2.131%,4002562378.00,United States,2023,883150,Health Care,Biotechnology: Pharmaceutical Preparations
GPGI,GPGI Inc. Class A Common Stock,$20.65,0.32,1.574%,5976428196.00,United States,,4851240,Finance,Finance: Consumer Services
GPI,Group 1 Automotive Inc. Common Stock,$318.07,-0.77,-0.242%,3793048046.00,United States,1997,179553,Consumer Discretionary,Retail-Auto Dealers and Gas Stations
GPJA,Georgia Power Company Series 2017A 5.00% Junior Subordinated Notes due October 1 2077,$23.09,-0.14,-0.603%,213848035.00,United States,2017,18926,Utilities,Electric Utilities: Central
GPK,Graphic Packaging Holding Company,$10.77,-0.45,-4.011%,3185129611.00,United States,,5898587,Consumer Discretionary,Containers/Packaging
GPMT,Granite Point Mortgage Trust Inc. Common Stock,$1.72,0.00,0.00%,81809466.00,United States,2017,240468,Real Estate,Real Estate Investment Trusts
GPMT^A,Granite Point Mortgage Trust Inc. 7.00% Series A Fixed-to-Floating Rate Cumulative Redeemable Preferred Stock,$20.37,-0.18,-0.876%,,United States,,1315,,
GPN,Global Payments Inc. Common Stock,$74.80,-1.60,-2.094%,20936619260.00,United States,,4014516,Real Estate,Real Estate
GPOR,Gulfport Energy Corporation Common Shares,$197.06,-14.39,-6.805%,3657121260.00,United States,2021,688609,Energy,Oil & Gas Production
GPRE,Green Plains Inc. Common Stock,$14.94,-0.89,-5.622%,1043392329.00,United States,,2148888,Industrials,Major Chemicals
GPRK,Geopark Ltd Common Shares,$8.74,0.12,1.392%,447901288.00,Bermuda,2014,1359466,Energy,Oil & Gas Production
GPRO,GoPro Inc. Class A Common Stock,$0.8026,0.0426,5.605%,128197914.00,United States,2014,10895437,Consumer Discretionary,Industrial Machinery/Components
GPUS,Hyperscale Data Inc. Common Stock,$0.1653,-0.0073,-4.229%,63606150.00,United States,1997,11782178,Technology,Industrial Machinery/Components
GPUS^D,Hyperscale Data Inc. 13.00% Series D Cumulative Redeemable Perpetual Preferred Stock,$22.49,0.0117,0.052%,,United States,,682,,
GRAB,Grab Holdings Limited Class A Ordinary Shares,$3.96,-0.02,-0.503%,16133586753.00,Singapore,,41232919,Real Estate,Real Estate
GRABW,Grab Holdings Limited Warrant,$0.0999,-0.0089,-8.18%,407006393.00,Singapore,,500,Real Estate,Real Estate
GRAF,Graf Global Corp. Class A ordinary shares,$10.66,-0.055,-0.513%,0.00,,2024,4638,,
GRAL,GRAIL Inc. Common Stock ,$49.82,-0.41,-0.816%,1942094350.00,United States,,1588206,Health Care,Medical Specialities
GRAN,Grande Group Limited Class A Ordinary Shares,$1.76,-0.04,-2.222%,40040000.00,Hong Kong,2025,3187,Finance,Finance: Consumer Services
GRBK,Green Brick Partners Inc. Common Stock,$66.98,-1.33,-1.947%,2890675418.00,United States,2021,248679,Consumer Discretionary,Homebuilding
GRBK^A,Green Brick Partners Inc. Depositary Shares (each representing a 1/1000th fractional interest in a share of 5.75% Series A Cumulative Perpetual Preferred Stock),$21.68,-0.02,-0.092%,,United States,,3493,,
GRC,Gorman-Rupp Company (The) Common Stock,$61.68,0.73,1.198%,1622976095.00,United States,1971,100215,Industrials,Fluid Controls
GRCE,Grace Therapeutics Inc. Common Stock,$3.93,0.07,1.813%,52727769.00,Canada,,253310,Health Care,Biotechnology: Pharmaceutical Preparations
GRDN,Guardian Pharmacy Services Inc. Class A Common Stock,$32.34,0.56,1.762%,2047789304.00,United States,2024,279399,Consumer Staples,Retail-Drug Stores and Proprietary Stores
GRDX,GridAI Technologies Corp. Common Stock,$2.13,-0.07,-3.182%,7160853.00,United States,2016,55784,Health Care,Biotechnology: Pharmaceutical Preparations
GREE,Greenidge Generation Holdings Inc. Class A Common Stock,$1.60,0.09,5.96%,25278395.00,United States,,338299,Finance,Finance: Consumer Services
GREEL,Greenidge Generation Holdings Inc. 8.50% Senior Notes due 2026,$20.20,0.21,1.051%,316603023.00,United States,,5187,Finance,Finance: Consumer Services
GRF,Eagle Capital Growth Fund Inc. Common Stock,$10.59,0.00,0.00%,0.00,United States,,39,Finance,Finance/Investors Services
GRFS,Grifols S.A. American Depositary Shares,$8.76,0.17,1.979%,6022980994.00,Spain,,722081,Health Care,Biotechnology: Pharmaceutical Preparations
GRI,GRI Bio Inc. Common Stock,$2.50,-0.065,-2.534%,3612573.00,United States,2021,31154,Health Care,Biotechnology: Pharmaceutical Preparations
GRMN,Garmin Ltd. Common Stock (Switzerland),$242.63,-0.85,-0.349%,46701623783.00,Switzerland,2000,881565,Industrials,Industrial Machinery/Components
GRND,Grindr Inc. Common Stock,$11.98,0.37,3.187%,2218069602.00,Singapore,2021,2334435,Technology,Computer Software: Programming Data Processing
GRNQ,Greenpro Capital Corp. Common Stock,$1.79,0.05,2.874%,15440205.00,China,,10821,Technology,EDP Services
GRNT,Granite Ridge Resources Inc. Common Stock,$5.32,0.30,5.976%,698256799.00,United States,2022,1318582,Energy,Oil & Gas Production
GRO,Brazil Potash Corp. Common Shares,$3.20,-0.02,-0.621%,170774685.00,,2024,898881,Industrials,Mining & Quarrying of Nonmetallic Minerals (No Fuels)
GROV,Grove Collaborative Holdings Inc. Class A Common Stock,$1.26,-0.03,-2.326%,52949853.00,,2021,37544,Consumer Discretionary,Catalog/Specialty Distribution
GROW,U.S. Global Investors Inc. Class A Common Stock,$3.30,0.01,0.304%,41424108.00,United States,,11840,Finance,Investment Managers
GROY,Gold Royalty Corp. Common Shares,$4.22,-0.08,-1.86%,733987676.00,Canada,2021,2841224,Basic Materials,Precious Metals
GRPN,Groupon Inc. Common Stock,$12.07,-0.13,-1.066%,491910472.00,United States,2011,1597670,Consumer Discretionary,Advertising
GRRR,Gorilla Technology Group Inc. Ordinary shares,$12.07,-0.49,-3.901%,244082461.00,Taiwan,,641654,Technology,Computer Software: Prepackaged Software
GRRRW,Gorilla Technology Group Inc. Warrant,$0.2757,-0.0513,-15.688%,5575272.00,Taiwan,,3440,Technology,Computer Software: Prepackaged Software
GRVY,GRAVITY Co. Ltd. American Depository Shares,$62.93,-0.20,-0.317%,437294277.00,South Korea,2005,71774,Real Estate,Real Estate
GRWG,GrowGeneration Corp. Common Stock,$1.11,-0.01,-0.893%,66426222.00,United States,,195078,Consumer Discretionary,RETAIL: Building Materials
GRX,The Gabelli Healthcare & Wellness Trust Common Shares of Beneficial Interest,$9.50,-0.10,-1.042%,162383244.00,United States,,55252,Finance,Finance/Investors Services
GS,Goldman Sachs Group Inc. (The) Common Stock,$832.03,10.61,1.292%,246907333692.00,United States,1999,3251978,Finance,Investment Bankers/Brokers/Service
GS^A,Goldman Sachs Group Inc. (The) Depositary Shares each representing 1/1000th Interest in a Share of Floating Rate Non-Cumulative Preferred Stock Series A,$19.97,0.06,0.301%,,United States,,36733,,
GS^C,Goldman Sachs Group Inc. (The) Depositary Share repstg 1/1000th Preferred Series C,$19.93,-0.01,-0.05%,,United States,,10584,,
GS^D,Goldman Sachs Group Inc. (The) Dep Shs repstg 1/1000 Pfd Ser D Fltg,$19.75,0.02,0.101%,,United States,,476170,,
GSAT,Globalstar Inc. Common Stock,$56.66,0.22,0.39%,7283889358.00,United States,2025,983948,Consumer Discretionary,Telecommunications Equipment
GSBC,Great Southern Bancorp Inc. Common Stock,$61.57,0.25,0.408%,688922861.00,United States,1989,109274,Finance,Major Banks
GSBD,Goldman Sachs BDC Inc. Common Stock,$9.15,-0.20,-2.139%,1030006963.00,United States,2015,2096589,Finance,Investment Managers
GSHD,Goosehead Insurance Inc. Class A Common Stock,$47.89,-2.25,-4.487%,1752236626.00,United States,2018,241570,Finance,Specialty Insurers
GSHR,Gesher Acquisition Corp. II Class A Ordinary Shares,$10.33,-0.02,-0.193%,0.00,United States,2025,123,,
GSIT,GSI Technology Common Stock,$8.69,0.75,9.446%,314458104.00,United States,2007,509833,Technology,Semiconductors
GSIW,Garden Stage Limited Class A Ordinary Shares,$33.21,23.67,248.113%,44187698.00,Hong Kong,2023,2194556,Finance,Investment Bankers/Brokers/Service
GSK,GSK plc American Depositary Shares (Each representing two Ordinary Shares),$55.51,1.00,1.835%,113207790873.00,United Kingdom,2022,5966753,Health Care,Biotechnology: Pharmaceutical Preparations
GSL,Global Ship Lease Inc New Class A Common Shares,$39.15,0.34,0.876%,1399069215.00,United Kingdom,,669220,Consumer Discretionary,Marine Transportation
GSL^B,Global Ship Lease Inc. Depository Shares Representing 1/100th Perpetual Preferred Series B% (Marshall Island),$26.96,0.06,0.223%,,United Kingdom,,5261,,
GSM,Ferroglobe PLC Ordinary Shares,$4.59,-0.06,-1.29%,856612748.00,United Kingdom,,1258128,Basic Materials,Metal Mining
GSRF,GSR IV Acquisition Corp. Class A ordinary share,$10.02,0.00,0.00%,0.00,United States,2025,54,,
GSRFR,GSR IV Acquisition Corp. Rights,$2.45,0.01,0.41%,0.00,United States,2025,8330,,
GSRFU,GSR IV Acquisition Corp. Units,$10.27,0.00,0.00%,0.00,United States,2025,115,,
GSUN,Golden Sun Technology Group Limited Class A Ordinary Shares,$0.92,-0.03,-3.158%,9226560.00,China,2022,1186,Real Estate,Other Consumer Services
GT,The Goodyear Tire & Rubber Company Common Stock,$7.37,-0.13,-1.733%,2109640722.00,United States,,9446807,Consumer Discretionary,Automotive Aftermarket
GTBP,GT Biopharma Inc. Common Stock,$0.417,-0.0523,-11.144%,13157973.00,United States,,1035590,Health Care,Biotechnology: Pharmaceutical Preparations
GTE,Gran Tierra Energy Inc. Common Stock,$7.85,-0.02,-0.254%,277018532.00,Canada,,2003450,Energy,Oil & Gas Production
GTEC,Greenland Technologies Holding Corporation Class A Ordinary Shares,$0.7301,0.0018,0.247%,12699524.00,China,2018,74240,Industrials,Industrial Machinery/Components
GTEN,Gores Holdings X Inc. Class A ordinary shares,$10.28,-0.0175,-0.17%,0.00,United States,2025,80380,,
GTENW,Gores Holdings X Inc. Warrants,$0.7002,0.00,0.00%,0.00,United States,2025,152,,
GTERA,Globa Terra Acquisition Corporation Class A Ordinary Shares,$10.16,-0.016,-0.157%,0.00,Mexico,2025,244,Finance,Blank Checks
GTERR,Globa Terra Acquisition Corporation Rights,$0.11,0.00,0.00%,0.00,Mexico,2025,26,Finance,Blank Checks
GTERW,Globa Terra Acquisition Corporation Warrants,$0.14,0.00,0.00%,0.00,Mexico,2025,19,Finance,Blank Checks
GTES,Gates Industrial Corporation plc Ordinary Shares,$24.11,0.13,0.542%,6120460903.00,United Kingdom,2018,3390367,Industrials,Industrial Machinery/Components
GTIM,Good Times Restaurants Inc. Common Stock,$1.18,-0.01,-0.84%,12458317.00,United States,,13689,Consumer Discretionary,Restaurants
GTLB,GitLab Inc. Class A Common Stock,$24.58,-0.33,-1.325%,4139272000.00,United States,2021,7421908,Technology,Computer Software: Prepackaged Software
GTLS,Chart Industries Inc. Common Stock,$207.20,0.04,0.019%,9917750870.00,United States,2006,3963060,Industrials,Metal Fabrications
GTM,ZoomInfo Technologies Inc Common Stock,$6.50,-0.06,-0.915%,1984415186.00,United States,2020,6563692,Technology,Computer Software: Prepackaged Software
GTN,Gray Media Inc. Common Stock,$5.18,-0.21,-3.896%,537560400.00,United States,,1822528,Industrials,Broadcasting
GTX,Garrett Motion Inc. Common Stock,$18.44,-0.02,-0.108%,3503066199.00,Switzerland,,2614720,Consumer Discretionary,Auto Parts:O.E.M.
GTY,Getty Realty Corporation Common Stock,$33.36,0.33,0.999%,1995479474.00,United States,,751855,Finance,Real Estate
GUG,Guggenheim Active Allocation Fund Common Shares of Beneficial Interest,$15.65,-0.08,-0.509%,0.00,United States,2021,69575,Finance,Trusts Except Educational Religious and Charitable
GURE,Gulf Resources Inc. (NV) Common Stock,$4.55,-0.24,-5.01%,7004866.00,China,,23673,Industrials,Major Chemicals
GUT,Gabelli Utility Trust (The) Common Stock,$6.03,-0.02,-0.331%,442596145.00,United States,,306120,Finance,Trusts Except Educational Religious and Charitable
GUT^C,Gabelli Utility Trust (The) 5.375% Series C Cumulative Preferred Shares,$23.05,0.04,0.174%,,United States,,4546,,
GUTS,Fractyl Health Inc. Common Stock,$0.489,0.009,1.875%,67014731.00,United States,2024,1951034,Health Care,Medical/Dental Instruments
GV,Visionary Holdings Inc. Common Shares,$0.5901,-0.1174,-16.594%,3308896.00,Canada,2022,407421,Real Estate,Other Consumer Services
GVA,Granite Construction Incorporated Common Stock,$125.52,2.15,1.743%,5460581035.00,United States,,1041483,Industrials,Military/Government/Technical
GVH,Globavend Holdings Limited Ordinary Shares,$1.19,-0.01,-0.833%,2721315.00,Australia,2023,37532,Industrials,Integrated Freight & Logistics
GWAV,Greenwave Technology Solutions Inc. Common Stock,$3.90,-0.12,-2.985%,3235561.00,United States,,10221,Industrials,Metal Fabrications
GWH,ESS Tech Inc. Common Stock,$1.30,0.00,0.00%,35325884.00,United States,,412079,Miscellaneous,Industrial Machinery/Components
GWRE,Guidewire Software Inc. Common Stock,$163.30,-5.57,-3.298%,13883631441.00,United States,2012,1682372,Technology,Computer Software: Prepackaged Software
GWRS,Global Water Resources Inc. Common Stock,$7.79,-0.36,-4.417%,224015893.00,United States,2016,79337,Utilities,Water Supply
GWW,W.W. Grainger Inc. Common Stock,$1115.28,2.49,0.224%,52834186207.00,United States,,231226,Industrials,Office Equipment/Supplies/Services
GXAI,Gaxos.ai Inc. Common Stock,$1.51,-0.11,-6.79%,13045121.00,United States,2023,2698732,Technology,Computer Software: Prepackaged Software
GXO,GXO Logistics Inc. Common Stock ,$55.35,-0.41,-0.735%,6349396598.00,United States,2021,1251330,Consumer Discretionary,Transportation Services
GYRE,Gyre Therapeutics Inc. Common Stock,$8.16,0.45,5.837%,786078561.00,United States,2006,156472,Health Care,Biotechnology: Pharmaceutical Preparations
GYRO,Gyrodyne LLC Common Stock,$8.775,0.015,0.171%,19298928.00,United States,,3213,Real Estate,Building operators
H,Hyatt Hotels Corporation Class A Common Stock,$155.72,6.10,4.077%,14710520366.00,United States,2009,1860939,Consumer Discretionary,Hotels/Resorts
HACQU,HCM IV Acquisition Corp. Unit,$10.06,-0.005,-0.05%,0.00,United States,2026,997,,
HAE,Haemonetics Corporation Common Stock,$64.23,0.10,0.156%,2984854811.00,United States,1991,717214,Health Care,Medical/Dental Instruments
HAFC,Hanmi Financial Corporation Common Stock,$25.43,-0.33,-1.281%,760168538.00,United States,,327355,Finance,Major Banks
HAFN,Hafnia Limited Common Shares,$7.45,-0.01,-0.134%,3710022833.00,,2024,3192348,Consumer Discretionary,Transportation Services
HAIN,Hain Celestial Group Inc. (The) Common Stock,$0.6708,-0.0103,-1.512%,61037930.00,United States,,1614704,Consumer Staples,Packaged Foods
HAL,Halliburton Company Common Stock,$34.65,0.60,1.762%,29021050154.00,United States,,17748746,Energy,Oilfield Services/Equipment
HALO,Halozyme Therapeutics Inc. Common Stock,$68.14,0.77,1.143%,8041678380.00,United States,,1610884,Health Care,Biotechnology: Biological Products (No Diagnostic Substances)
HAO,Haoxi Health Technology Limited Class A Ordinary Shares,$1.13,-0.07,-5.833%,67171526.00,China,2024,2226,Consumer Discretionary,Advertising
HAS,Hasbro Inc. Common Stock,$95.78,1.29,1.365%,13474881901.00,United States,,1418251,Consumer Discretionary,Recreational Games/Products/Toys
HASI,HA Sustainable Infrastructure Capital Inc. Common Stock,$35.96,0.10,0.279%,4609517209.00,United States,2013,1023546,Finance,Finance/Investors Services
HAVA,Harvard Ave Acquisition Corporation Class A Ordinary Share,$9.98,0.00,0.00%,0.00,South Korea,2025,20,,
HAVAR,Harvard Ave Acquisition Corporation Rights that convert on a 1/10th of 1 basis to Class A ordinary Shares,$0.13,0.00,0.00%,0.00,South Korea,2025,2190,,
HAVAU,Harvard Ave Acquisition Corporation Unit,$10.10,0.00,0.00%,0.00,South Korea,2025,32,Finance,Blank Checks
HAYW,Hayward Holdings Inc. Common Stock,$14.77,-0.10,-0.672%,3208157123.00,United States,2021,2239786,Industrials,Industrial Machinery/Components
HBAN,Huntington Bancshares Incorporated Common Stock,$16.12,-0.19,-1.165%,32720253343.00,United States,,39509109,Finance,Major Banks
HBANL,Huntington Bancshares Incorporated Depositary Shares Each Representing a 1/40th Interest in a Share of 6.875% Series J Non-Cumulative Perpetual Preferred Stock,$25.27,-0.14,-0.551%,51292853721.00,United States,,14739,Finance,Major Banks
HBANM,Huntington Bancshares Incorporated Depositary Shares each representing a 1/1000th interest in a share of Huntington Series I Preferred Stock,$22.95,-0.07,-0.304%,46583735373.00,United States,,7159,Finance,Major Banks
HBANP,Huntington Bancshares Incorporated Depositary Shares 4.500% Series H Non-Cumulative Perpetual Preferred Stock,$17.66,0.01,0.057%,35846133625.00,United States,,53265,Finance,Major Banks
HBANZ,Huntington Bancshares Incorporated Depositary Shares Each Representing a 1/1000th Interest in a Share of 5.50% Series L Non-Cumulative Perpetual Preferred Stock,$21.30,-0.05,-0.234%,43234577928.00,United States,,3770,Finance,Major Banks
HBB,Hamilton Beach Brands Holding Company Class A Common Stock ,$16.60,-0.29,-1.717%,222860528.00,United States,2017,23801,Consumer Discretionary,Home Furnishings
HBCP,Home Bancorp Inc. Common Stock,$58.43,-0.20,-0.341%,457398454.00,United States,2008,76177,Finance,Banks
HBIO,Harvard Bioscience Inc. Common Stock,$0.486,-0.064,-11.636%,21733868.00,United States,2000,516776,Industrials,Biotechnology: Laboratory Analytical Instruments
HBM,Hudbay Minerals Inc. Ordinary Shares (Canada),$22.50,0.21,0.942%,8929014998.00,Canada,,7297404,Basic Materials,Metal Mining
HBNB,Hotel101 Global Holdings Corp. Class A Ordinary Shares,$8.09,0.193,2.444%,1894292900.00,Singapore,,2369,Consumer Discretionary,Hotels/Resorts
HBNC,Horizon Bancorp Inc. Common Stock,$16.30,0.01,0.061%,834844158.00,United States,,466107,Finance,Major Banks
HBT,HBT Financial Inc. Common Stock,$25.99,-0.28,-1.066%,816915705.00,United States,2019,501627,Finance,Major Banks
HCA,HCA Healthcare Inc. Common Stock,$545.13,12.32,2.312%,121903169886.00,United States,2011,1462094,Health Care,Hospital/Nursing Management
HCAC,Hall Chadwick Acquisition Corp Class A Ordinary Shares,$10.0001,0.00,0.00%,0.00,Cayman Islands,2026,83,Consumer Discretionary,Auto Parts:O.E.M.
HCACU,Hall Chadwick Acquisition Corp. Unit,$10.24,0.00,0.00%,0.00,Cayman Islands,2025,410,Consumer Discretionary,Auto Parts:O.E.M.
HCAI,Huachen AI Parking Management Technology Holding Co. Ltd. Class A Ordinary Shares,$0.2018,0.0092,4.777%,7042316.00,China,2025,9902686,Consumer Discretionary,Miscellaneous manufacturing industries
HCAT,Health Catalyst Inc Common Stock,$1.91,-0.04,-2.051%,135095988.00,United States,2019,501298,Technology,Computer Software: Programming Data Processing
HCC,Warrior Met Coal Inc. Common Stock,$78.94,1.58,2.042%,4149888115.00,United States,2017,777193,Energy,Coal Mining
HCHL,Happy City Holdings Limited Class A Ordinary shares,$1.05,-0.01,-0.943%,20172600.00,Hong Kong,2025,6170,Consumer Discretionary,Restaurants
HCI,HCI Group Inc. Common Stock,$163.87,-5.55,-3.276%,2128991666.00,United States,,129330,Finance,Property-Casualty Insurers
HCICU,Hennessy Capital Investment Corp. VIII Units,$9.985,0.00,0.00%,0.00,United States,2026,99,,
HCKT,Hackett Group Inc (The). Common Stock,$14.73,0.52,3.659%,373853719.00,United States,,436341,Consumer Discretionary,Professional Services
HCM,HUTCHMED (China) Limited American Depositary Shares,$13.77,-0.08,-0.578%,2402390265.00,Hong Kong,2016,35863,Health Care,Biotechnology: Pharmaceutical Preparations
HCMA,HCM III Acquisition Corp. Class A Ordinary Share,$10.11,-0.02,-0.197%,801780991.00,United States,2025,2309,Consumer Discretionary,Hotels/Resorts
HCMAU,HCM III Acquisition Corp. Units,$10.32,0.00,0.00%,0.00,United States,2025,188,,
HCMAW,HCM III Acquisition Corp. Warrants,$0.60,-0.07,-10.448%,47583442.00,United States,2025,412,Consumer Discretionary,Hotels/Resorts
HCSG,Healthcare Services Group Inc. Common Stock,$20.64,-0.01,-0.048%,1450322892.00,United States,1983,524934,Health Care,Hospital/Nursing Management
HCTI,Healthcare Triangle Inc. Common Stock,$2.73,0.03,1.111%,2066566.00,United States,2021,117539,Technology,EDP Services
HCWB,HCW Biologics Inc. Common Stock,$0.5926,-0.0275,-4.435%,1943617.00,United States,2021,21418,Health Care,Biotechnology: Pharmaceutical Preparations
HCWC,Healthy Choice Wellness Corp. Class A Common Stock,$0.2859,0.0255,9.793%,5193588.00,,2024,793720,Consumer Staples,Food Chains
HCXY,Hercules Capital Inc. 6.25% Notes due 2033,$25.30,0.02,0.079%,4596394780.00,United States,2018,170,Finance,Investment Managers
HD,Home Depot Inc. (The) Common Stock,$353.56,-4.36,-1.218%,351973040637.00,United States,,4223305,Consumer Discretionary,RETAIL: Building Materials
HDB,HDFC Bank Limited Common Stock,$29.72,0.25,0.848%,152107747788.00,India,2001,8140293,Finance,Commercial Banks
HDL,SUPER HI INTERNATIONAL HOLDING LTD. American Depositary Shares,$16.4748,0.00,0.00%,1071354597.00,Singapore,2024,136,Consumer Discretionary,Restaurants
HDSN,Hudson Technologies Inc. Common Stock,$6.06,-0.14,-2.258%,260599301.00,United States,,734031,Consumer Discretionary,Industrial Specialties
HE,Hawaiian Electric Industries Inc. Common Stock,$15.15,0.23,1.542%,2615200211.00,United States,,2744655,Utilities,Electric Utilities: Central
HEI,Heico Corporation Common Stock,$310.29,6.56,2.16%,43291164026.00,United States,2000,762054,Industrials,Aerospace
HEI/A,Heico Corporation,$234.09,1.23,0.528%,,United States,,489639,,
HELE,Helen of Troy Limited Common Stock,$16.26,-0.21,-1.275%,375152395.00,Bermuda,,641912,Consumer Discretionary,Home Furnishings
HELP,Cybin Inc. Common Stock,$5.52,0.27,5.143%,276197588.00,Canada,,1086095,Health Care,Biotechnology: Pharmaceutical Preparations
HEPS,D-Market Electronic Services & Trading American Depositary Shares,$2.91,0.05,1.748%,935224256.00,Turkey,2021,439577,Consumer Discretionary,Catalog/Specialty Distribution
HEQ,John Hancock Diversified Income Fund Common Shares of Beneficial Interest,$11.05,-0.16,-1.427%,0.00,United States,2011,88370,Finance,Investment Managers
HERE,Here Group Limited American Depositary Shares,$4.41,-0.10,-2.217%,239836152.00,China,2023,35909,Real Estate,Other Consumer Services
HERZ,Herzfeld Credit Income Fund Inc. Common Stock,$16.24,0.27,1.691%,0.00,United States,,20323,Finance,Investment Managers
HESM,Hess Midstream LP Class A Representing Limited Partner Interests,$38.92,-0.34,-0.866%,5036374256.00,United States,2017,1176275,Energy,Oil & Gas Production
HFBL,Home Federal Bancorp Inc. of Louisiana Common Stock,$18.46,-0.84,-4.352%,56757799.00,United States,2010,7770,Finance,Savings Institutions
HFFG,HF Foods Group Inc. Common Stock,$2.065,-0.065,-3.052%,109535513.00,United States,2017,148963,Consumer Discretionary,Food Distributors
HFRO,Highland Opportunities and Income Fund Common Shares of Beneficial Interest,$5.93,-0.02,-0.336%,0.00,United States,2017,67636,Finance,Finance/Investors Services
HFRO^A,Highland Opportunities and Income Fund 5.375% Series A Cumulative Preferred Shares,$16.49,-0.01,-0.061%,,United States,,19071,,
HFRO^B,Highland Opportunities and Income Fund 5.375% Series B Cumulative Preferred Shares,$16.45,0.12,0.735%,,United States,,38920,,
HFWA,Heritage Financial Corporation Common Stock,$25.19,-0.16,-0.631%,1036092409.00,United States,,374820,Finance,Banks
HG,Hamilton Insurance Group Ltd. Class B Common Shares,$28.19,-0.41,-1.434%,1872302644.00,Bermuda,2023,601248,Finance,Property-Casualty Insurers
HGBL,Heritage Global Inc. Common Stock,$1.27,0.00,0.00%,44121772.00,United States,,50081,Real Estate,Real Estate
HGLB,Highland Global Allocation Fund Common Stock,$8.51,-0.16,-1.845%,0.00,,2019,48595,Finance,Trusts Except Educational Religious and Charitable
HGTY,Hagerty Inc. Class A Common Stock,$9.96,-0.28,-2.734%,3412482142.00,United States,2021,206593,Finance,Specialty Insurers
HGV,Hilton Grand Vacations Inc. Common Stock ,$43.22,-0.32,-0.735%,3519144934.00,United States,2016,935542,Consumer Discretionary,Hotels/Resorts
HHH,Howard Hughes Holdings Inc. Common Stock,$67.46,-1.96,-2.823%,4023067699.00,United States,,1002704,Real Estate,Real Estate Investment Trusts
HHS,Harte Hanks Inc. Common Stock,$2.86,0.08,2.878%,21206311.00,United States,,1953,Consumer Discretionary,Advertising
HIFS,Hingham Institution for Savings Common Stock,$274.19,2.19,0.805%,588795606.00,United States,,64220,Finance,Banks
HIG,The Hartford Insurance Group Inc. Common Stock,$137.95,-1.30,-0.934%,38055331199.00,United States,,1618828,Finance,Property-Casualty Insurers
HIG^G,The Hartford Insurance Group Inc. Depositary Shares each representing a 1/1000th interest in a share of 6.000% Non-Cumulative Preferred Stock Series G,$25.01,0.02,0.08%,,United States,,19811,,
HIHO,Highway Holdings Limited Common Stock,$0.86,-0.0575,-6.267%,3957570.00,Hong Kong,,94917,Industrials,Metal Fabrications
HII,Huntington Ingalls Industries Inc. Common Stock,$429.58,0.47,0.11%,16857873911.00,United States,,468388,Industrials,Marine Transportation
HIMS,Hims & Hers Health Inc. Class A Common Stock,$22.16,6.42,40.788%,5051123055.00,United States,2019,174536446,Health Care,Medical/Nursing Services
HIMX,Himax Technologies Inc. American Depositary Shares,$7.72,0.32,4.324%,1350331556.00,Taiwan,2006,1085912,Technology,Semiconductors
HIND,Vyome Holdings Inc. Common Stock,$2.66,-0.14,-5.00%,15014354.00,United States,2016,102787,Health Care,Medical/Dental Instruments
HIO,Western Asset High Income Opportunity Fund Inc. Common Stock,$3.67,0.00,0.00%,0.00,United States,,490835,Finance,Finance/Investors Services
HIPO,Hippo Holdings Inc. Common Stock,$26.26,-0.12,-0.455%,681997882.00,United States,2021,150477,Finance,Property-Casualty Insurers
HIT,Health In Tech Inc. Class A Common Stock,$2.03,0.17,9.14%,115524880.00,United States,2024,393136,Finance,Specialty Insurers
HITI,High Tide Inc. Common Shares,$2.44,-0.04,-1.613%,212465147.00,Canada,,355737,Consumer Discretionary,Other Specialty Stores
HIVE,HIVE Digital Technologies Ltd. Common Shares,$2.07,0.02,0.976%,515835631.00,Canada,,11404828,Finance,Finance: Consumer Services
HIW,Highwoods Properties Inc. Common Stock,$21.96,-0.18,-0.813%,2414086868.00,United States,1994,2420267,Real Estate,Real Estate Investment Trusts
HIX,Western Asset High Income Fund II Inc. Common Stock,$3.98,-0.02,-0.50%,0.00,United States,1998,920197,Finance,Finance/Investors Services
HKD,AMTD Digital Inc. American Depositary Shares (every five of which represent two Class A Ordinary Shares),$1.64,0.08,5.128%,206908912.00,,2022,693437,Finance,Finance: Consumer Services
HKIT,Hitek Global Inc. Class A Ordinary Share,$0.955,0.035,3.804%,27980893.00,China,2023,19386,Technology,Computer Software: Prepackaged Software
HKPD,Cellyan Biotechnology Co. Ltd Class A Ordinary Shares,$0.6284,-0.0214,-3.293%,6912400.00,Hong Kong,2025,18360,Health Care,Other Pharmaceuticals
HL,Hecla Mining Company Common Stock,$21.08,0.69,3.384%,14130973805.00,United States,,20524762,Industrials,Mining & Quarrying of Nonmetallic Minerals (No Fuels)
HL^B,Hecla Mining Company Preferred Stock,$69.06,1.55,2.296%,,United States,,667,,
HLF,Herbalife Ltd. Common Shares,$16.70,1.23,7.951%,1726204936.00,Cayman Islands,2004,3459764,Health Care,Other Pharmaceuticals
HLI,Houlihan Lokey Inc. Class A Common Stock,$146.79,-4.32,-2.859%,10243784040.00,United States,2015,907223,Finance,Investment Managers
HLIO,Helios Technologies Inc. Common Stock,$65.58,0.58,0.892%,2171164471.00,United States,2021,336496,Industrials,Metal Fabrications
HLIT,Harmonic Inc. Common Stock,$9.51,0.13,1.386%,1048404806.00,United States,1995,1474380,Technology,Radio And Television Broadcasting And Communications Equipment
HLLY,Holley Inc. Common Stock,$3.31,-0.05,-1.488%,402508072.00,United States,2020,1019366,Consumer Discretionary,Auto Parts:O.E.M.
HLMN,Hillman Solutions Corp. Common Stock,$8.17,0.03,0.369%,1606147694.00,United States,2020,3805957,Consumer Discretionary,Industrial Machinery/Components
HLN,Haleon plc American Depositary Shares (Each representing two Ordinary Shares),$10.26,-0.02,-0.195%,45690198744.00,United Kingdom,2022,9231261,Consumer Discretionary,Package Goods/Cosmetics
HLNE,Hamilton Lane Incorporated Class A Common Stock,$105.57,-1.00,-0.938%,5888178785.00,United States,2017,764026,Finance,Investment Managers
HLP,Hongli Group Inc. Ordinary Shares,$1.02,-0.03,-2.857%,74907525.00,China,2023,63139,Industrials,Industrial Machinery/Components
HLT,Hilton Worldwide Holdings Inc. Common Stock ,$303.46,4.82,1.614%,69580833488.00,United States,2016,3226931,Consumer Discretionary,Hotels/Resorts
HLX,Helix Energy Solutions Group Inc. Common Stock,$9.01,0.01,0.111%,1327137789.00,United States,,1786242,Energy,Oilfield Services/Equipment
HLXC,Helix Acquisition Corp. III Class A Ordinary Shares,$10.28,0.00,0.00%,0.00,United States,2026,13,,
HMC,Honda Motor Company Ltd. Common Stock,$27.87,0.63,2.313%,40379073924.00,Japan,,2123234,Industrials,Auto Manufacturing
HMN,Horace Mann Educators Corporation Common Stock,$42.12,-1.29,-2.972%,1703735046.00,United States,1991,387464,Finance,Property-Casualty Insurers
HMR,Heidmar Maritime Holdings Corp. Common Stock,$0.9799,-0.0401,-3.931%,56994258.00,Greece,,96245,Consumer Discretionary,Marine Transportation
HMY,Harmony Gold Mining Company Limited,$19.00,-0.59,-3.012%,12060586756.00,South Africa,,4586548,Basic Materials,Precious Metals
HNGE,Hinge Health Inc. Class A Common Stock,$45.99,-0.15,-0.325%,3622321408.00,United States,2025,1500403,Technology,EDP Services
HNI,HNI Corporation Common Stock,$41.37,-0.07,-0.169%,2948481229.00,United States,,1369317,Consumer Discretionary,Office Equipment/Supplies/Services
HNNA,Hennessy Advisors Inc. Common Stock,$9.86,-0.10,-1.004%,77816865.00,United States,,5014,Finance,Investment Managers
HNNAZ,Hennessy Advisors Inc. 4.875% Notes due 2026,$25.20,0.08,0.318%,196246512.00,United States,,1261,Finance,Investment Managers
HNRG,Hallador Energy Company Common Stock,$18.85,-0.84,-4.266%,826101363.00,United States,,456408,Energy,Coal Mining
HNST,The Honest Company Inc. Common Stock,$2.81,-0.12,-4.096%,316052550.00,United States,2021,2351484,Consumer Discretionary,Catalog/Specialty Distribution
HNVR,Hanover Bancorp Inc. Common Stock,$21.00,-0.09,-0.427%,151040190.00,United States,2022,6016,Finance,Major Banks
HOFT,Hooker Furnishings Corporation Common Stock,$12.65,-0.77,-5.738%,136338158.00,United States,,45538,Consumer Discretionary,Home Furnishings
HOG,Harley-Davidson Inc. Common Stock,$18.77,-0.44,-2.29%,2099435068.00,United States,,4137131,Consumer Discretionary,Motor Vehicles
HOLO,MicroCloud Hologram Inc. Ordinary Shares,$2.15,-0.03,-1.376%,31319729.00,United States,2021,369111,Technology,Computer Software: Programming Data Processing
HOLOW,MicroCloud Hologram Inc. Warrant,$0.09,-0.01,-10.00%,1311058.00,United States,2021,13182,Technology,Computer Software: Programming Data Processing
HOLX,Hologic Inc. Common Stock,$75.59,-0.15,-0.198%,16875082369.00,United States,1990,2338457,Health Care,Medical Electronics
HOMB,Home BancShares Inc. Common Stock,$26.95,-0.01,-0.037%,5299291097.00,United States,2006,2128613,Finance,Major Banks
HON,Honeywell International Inc. Common Stock,$237.59,2.30,0.978%,151030189801.00,United States,,3405096,Industrials,Aerospace
HOOD,Robinhood Markets Inc. Class A Common Stock,$79.35,2.26,2.932%,71439470747.00,United States,2021,25069407,Finance,Investment Bankers/Brokers/Service
HOPE,Hope Bancorp Inc. Common Stock,$11.01,-0.13,-1.167%,1411523166.00,United States,,1022088,Finance,Major Banks
HOTH,Hoth Therapeutics Inc. Common Stock,$0.9903,-0.0027,-0.272%,15363823.00,United States,2019,128572,Health Care,Biotechnology: Pharmaceutical Preparations
HOUR,Hour Loop Inc. Common Stock,$1.91,-0.02,-1.036%,67186771.00,United States,2022,9908,Consumer Discretionary,Catalog/Specialty Distribution
HOV,Hovnanian Enterprises Inc. Class A Common Stock,$109.86,-3.02,-2.675%,652369993.00,United States,1983,77107,Consumer Discretionary,Homebuilding
HOVNP,Hovnanian Enterprises Inc Dep Shr Srs A Pfd,$21.20,-0.1396,-0.654%,125889713.00,United States,,2281,Consumer Discretionary,Homebuilding
HOVR,New Horizon Aircraft Ltd. Class A Ordinary Share,$1.86,-0.06,-3.125%,82310113.00,United States,2023,332107,Industrials,Aerospace
HOVRW,New Horizon Aircraft Ltd. Warrant,$0.37,0.008,2.21%,16373517.00,United States,2023,1559,Industrials,Aerospace
HOWL,Werewolf Therapeutics Inc. Common Stock,$0.7327,0.1008,15.952%,35565405.00,United States,2021,1538685,Health Care,Biotechnology: Pharmaceutical Preparations
HP,Helmerich & Payne Inc. Common Stock,$34.37,0.28,0.821%,3431826903.00,United States,,1614520,Energy,Oil & Gas Production
HPAI,Helport AI Limited Ordinary Shares,$2.985,0.125,4.371%,111731439.00,Singapore,,1746,Technology,Computer Software: Prepackaged Software
HPAIW,Helport AI Limited Warrants,$0.125,0.00,0.00%,4678871.00,Singapore,,3,Technology,Computer Software: Prepackaged Software
HPE,Hewlett Packard Enterprise Company Common Stock,$21.81,0.68,3.218%,29064900428.00,United States,2015,34468274,Technology,Retail: Computer Software & Peripheral Equipment
HPE^C,Hewlett Packard Enterprise Company 7.625% Series C Mandatory Convertible Preferred Stock,$59.69,1.33,2.279%,,United States,,50290,,
HPF,John Hancock Pfd Income Fund II Pfd Income Fund II,$15.87,-0.16,-0.998%,0.00,United States,2002,68523,Finance,Finance Companies
HPI,John Hancock Preferred Income Fund Common Shares of Beneficial Interest,$16.03,-0.18,-1.11%,0.00,United States,2002,74944,Finance,Trusts Except Educational Religious and Charitable
HPK,HighPeak Energy Inc. Common Stock,$5.64,0.06,1.075%,708311205.00,United States,,1667663,Energy,Oil & Gas Production
HPP,Hudson Pacific Properties Inc. Common Stock,$6.85,-0.14,-2.003%,371557864.00,United States,2010,1287579,Finance,Real Estate
HPP^C,Hudson Pacific Properties Inc. 4.750% Series C Cumulative Redeemable Preferred Stock,$13.84,-0.09,-0.646%,,United States,,2162,,
HPQ,HP Inc. Common Stock,$18.93,-0.53,-2.724%,17373667248.00,United States,,21079397,Technology,Computer Manufacturing
HPS,John Hancock Preferred Income Fund III Preferred Income Fund III,$14.49,-0.13,-0.889%,0.00,United States,2003,70802,Finance,Investment Managers
HQH,abrdn Healthcare Investors Shares of Beneficial Interest,$18.30,0.26,1.441%,866390186.00,United States,1987,221606,Finance,Finance Companies
HQI,HireQuest Inc. Common Stock (DE),$11.20,0.19,1.726%,157920000.00,United States,,9611,Consumer Discretionary,Professional Services
HQL,abrdn Life Sciences Investors Shares of Beneficial Interest,$16.30,0.43,2.71%,418578067.00,United States,1992,112226,Finance,Investment Managers
HQY,HealthEquity Inc. Common Stock,$80.04,1.68,2.144%,6838320331.00,United States,2014,692795,Real Estate,Real Estate
HR,Healthcare Realty Trust Incorporated Common Stock,$18.43,0.04,0.218%,6429303694.00,United States,,3469246,Real Estate,Real Estate Investment Trusts
HRB,H&R Block Inc. Common Stock,$30.97,-1.29,-3.999%,3925749086.00,United States,,2604357,Consumer Discretionary,Other Consumer Services
HRI,Herc Holdings Inc. Common Stock ,$121.16,1.03,0.857%,4043140459.00,United States,2016,901741,Industrials,Misc Corporate Leasing Services
HRL,Hormel Foods Corporation Common Stock,$23.88,-0.54,-2.211%,13140786863.00,United States,,5470812,Consumer Staples,Meat/Poultry/Fish
HRMY,Harmony Biosciences Holdings Inc. Common Stock,$28.57,0.24,0.847%,1652506342.00,United States,2020,696309,Health Care,Biotechnology: Pharmaceutical Preparations
HROW,Harrow Inc. Common Stock,$35.15,-1.20,-3.301%,1308624131.00,United States,,1782705,Health Care,Biotechnology: Pharmaceutical Preparations
HRTG,Heritage Insurance Holdings Inc. Common Stock,$27.09,0.21,0.781%,837390774.00,United States,2014,511225,Finance,Property-Casualty Insurers
HRTX,Heron Therapeutics Inc. Common Stock,$0.9965,0.0299,3.093%,187877256.00,United States,,1646279,Health Care,Biotechnology: Pharmaceutical Preparations
HRZN,Horizon Technology Finance Corporation Common Stock,$4.18,-0.02,-0.476%,199823692.00,United States,2010,2263556,Finance,Finance: Consumer Services
HSAI,Hesai Group American Depositary Share each ADS represents one Class B ordinary share,$24.35,0.49,2.054%,3225587618.00,China,2023,1113378,Industrials,Industrial Machinery/Components
HSBC,HSBC Holdings plc. Common Stock,$85.49,1.44,1.713%,293662251126.00,United Kingdom,,2379849,Finance,Savings Institutions
HSCS,HeartSciences Inc. Common Stock,$2.656,0.016,0.606%,8441318.00,United States,2022,24059,Health Care,Industrial Specialties
HSCSW,HeartSciences Inc. Warrant,$0.0706,-0.0388,-35.466%,224381.00,United States,2022,219,Health Care,Industrial Specialties
HSDT,Solana Company Class A Common Stock (DE),$2.32,0.13,5.936%,95819248.00,United States,,299030,Health Care,Biotechnology: Electromedical & Electrotherapeutic Apparatus
HSHP,Himalaya Shipping Ltd. Common Shares,$13.82,0.53,3.988%,643321000.00,,2023,379391,Consumer Discretionary,Marine Transportation
HSIC,Henry Schein Inc. Common Stock,$78.10,0.50,0.644%,8958391850.00,United States,1995,1429764,Health Care,Medical Specialities
HSPT,Horizon Space Acquisition II Corp. Ordinary share,$9.30,-0.20,-2.105%,0.00,United States,2025,16556,Finance,Blank Checks
HSPTR,Horizon Space Acquisition II Corp. Right,$0.27,0.02,8.00%,0.00,United States,2025,53599,Finance,Blank Checks
HSPTU,Horizon Space Acquisition II Corp. Units,$7.24,-4.37,-37.64%,0.00,United States,2024,253,,
HST,Host Hotels & Resorts Inc. Common Stock,$19.16,-0.07,-0.364%,13072558796.00,United States,,11739208,Real Estate,Real Estate Investment Trusts
HSTM,HealthStream Inc. Common Stock,$22.46,0.245,1.103%,659343621.00,United States,2000,570641,Technology,Computer Software: Programming Data Processing
HSY,The Hershey Company Common Stock,$222.78,-2.21,-0.982%,45155490287.00,United States,,2149827,Consumer Staples,Specialty Foods
HTB,HomeTrust Bancshares Inc. Common Stock,$42.01,-0.46,-1.083%,732823784.00,United States,,99490,Finance,Savings Institutions
HTBK,Heritage Commerce Corp Common Stock,$12.42,0.18,1.471%,761141579.00,United States,,784362,Finance,Major Banks
HTCO,High-Trend International Group Class A Ordinary Shares,$8.29,0.02,0.242%,61224336.00,Singapore,,3045,Consumer Discretionary,Marine Transportation
HTCR,Heartcore Enterprises Inc. Common Stock,$0.2416,-0.0047,-1.908%,6141425.00,Japan,2022,139118,Technology,EDP Services
HTD,John Hancock Tax Advantaged Dividend Income Fund Common Shares of Beneficial Interest,$25.12,-0.39,-1.529%,0.00,United States,2004,78365,Finance,Finance Companies
HTFC,Horizon Technology Finance Corporation 6.25% Notes due 2027,$25.0671,0.2271,0.914%,1066497793.00,United States,2022,4402,Finance,Finance: Consumer Services
HTFL,Heartflow Inc. Common Stock,$23.18,0.20,0.87%,1973979106.00,United States,2025,1628820,Health Care,Medical/Dental Instruments
HTGC,Hercules Capital Inc. Common Stock,$14.67,-0.19,-1.279%,2694812061.00,United States,2012,3012425,Finance,Investment Managers
HTH,Hilltop Holdings Inc.,$36.74,-0.05,-0.136%,2184176724.00,United States,,373572,Finance,Major Banks
HTHT,H World Group Limited American Depositary Shares,$52.12,1.61,3.187%,15997664485.00,China,2010,1269246,Consumer Discretionary,Hotels/Resorts
HTLD,Heartland Express Inc. Common Stock,$9.94,-0.21,-2.069%,769901905.00,United States,1986,585152,Industrials,Trucking Freight/Courier Services
HTLM,HomesToLife Ltd Ordinary Shares,$1.96,-0.05,-2.488%,175787500.00,Singapore,2024,8739,Consumer Discretionary,Other Specialty Stores
HTO,H2O America Common Stock,$58.57,0.365,0.627%,2118153945.00,United States,,630962,Utilities,Water Supply
HTOO,Fusion Fuel Green PLC Class A Ordinary Shares,$3.35,0.06,1.824%,8097442.00,Ireland,,75420,Energy,Industrial Machinery/Components
HTT,High Templar Tech Limited American depositary shares each representing one Class A ordinary share,$2.79,0.05,1.825%,460702913.00,China,2017,75358,Finance,Finance: Consumer Services
HTZ,Hertz Global Holdings Inc Common Stock,$4.16,0.04,0.971%,1299420420.00,United States,,7902699,Consumer Discretionary,Rental/Leasing Companies
HTZWW,Hertz Global Holdings Inc Warrant,$2.11,0.01,0.476%,659081031.00,United States,,377969,Consumer Discretionary,Rental/Leasing Companies
HUBB,Hubbell Inc Common Stock,$487.76,16.22,3.44%,25930102992.00,United States,2015,590915,Technology,Electrical Products
HUBC,Hub Cyber Security Ltd. Ordinary Shares,$0.9526,-0.0774,-7.515%,2080225.00,Israel,,339837,Telecommunications,Computer Communications Equipment
HUBCW,Hub Cyber Security Ltd. Warrant 2/27/28,$0.0101,-0.0006,-5.607%,22056.00,Israel,,1575,Telecommunications,Computer Communications Equipment
HUBCZ,Hub Cyber Security Ltd. Warrant ,$0.0116,0.0035,43.21%,25331.00,Israel,,1000,Telecommunications,Computer Communications Equipment
HUBG,Hub Group Inc. Class A Common Stock,$38.99,-0.05,-0.128%,2384375355.00,United States,1996,830353,Industrials,Integrated Freight & Logistics
HUBS,HubSpot Inc. Common Stock,$286.84,-9.72,-3.278%,15128095346.00,United States,2014,1537318,Technology,Computer Software: Prepackaged Software
HUDI,Huadi International Group Co. Ltd. Ordinary Shares,$1.47,-0.01,-0.676%,21019798.00,China,2021,8108,Industrials,Steel/Iron Ore
HUHU,HUHUTECH International Group Inc. Ordinary Shares,$7.31,0.02,0.274%,176198405.00,China,2024,12284,Telecommunications,Metal Fabrications
HUIZ,Huize Holding Limited American Depositary Shares,$1.63,-0.27,-14.211%,16444379.00,China,2020,20785,Finance,Specialty Insurers
HUM,Humana Inc. Common Stock,$178.53,-0.62,-0.346%,21529997989.00,United States,,1747186,Health Care,Medical Specialities
HUMA,Humacyte Inc. Common Stock,$1.20,0.09,8.108%,251619312.00,United States,2020,6590250,Health Care,Biotechnology: Biological Products (No Diagnostic Substances)
HUMAW,Humacyte Inc. Warrant,$0.1181,0.0094,8.648%,24763534.00,United States,2020,5004,Health Care,Biotechnology: Biological Products (No Diagnostic Substances)
HUN,Huntsman Corporation Common Stock,$12.11,0.67,5.857%,2107253216.00,United States,2005,9729706,Industrials,Major Chemicals
HURA,TuHURA Biosciences Inc. Common Stock,$1.69,0.19,12.667%,102617659.00,United States,,910778,Health Care,Biotechnology: Pharmaceutical Preparations
HURC,Hurco Companies Inc. Common Stock,$15.53,-0.01,-0.064%,102803522.00,United States,,38697,Industrials,Industrial Machinery/Components
HURN,Huron Consulting Group Inc. Common Stock,$142.46,-2.37,-1.636%,2410839753.00,United States,2004,371212,Consumer Discretionary,Professional Services
HUT,Hut 8 Corp. Common Stock,$48.74,1.67,3.548%,5404646222.00,United States,,3643418,Finance,Finance: Consumer Services
HUYA,HUYA Inc. American depositary shares each  representing one Class A ordinary share,$3.49,0.03,0.867%,780048884.00,United States,2018,888133,Technology,Computer Software: Programming Data Processing
HVII,Hennessy Capital Investment Corp. VII Ordinary Shares,$10.31,0.00,0.00%,,United States,2025,12816,,
HVIIR,Hennessy Capital Investment Corp. VII Rights,$0.26,-0.0001,-0.038%,0.00,United States,2025,17000,Finance,Blank Checks
HVIIU,Hennessy Capital Investment Corp. VII Unit,$10.50,0.00,0.00%,0.00,United States,2025,260,Finance,Blank Checks
HVMC,Highview Merger Corp. Class A Ordinary Share,$10.13,0.01,0.099%,0.00,United States,2025,122,,
HVMCU,Highview Merger Corp. Units,$10.20,-0.05,-0.488%,0.00,United States,2025,500,Finance,Blank Checks
HVMCW,Highview Merger Corp. Warrants,$0.2777,-0.0723,-20.657%,0.00,United States,2025,7000,,
HVT,Haverty Furniture Companies Inc. Common Stock,$22.27,-0.63,-2.751%,359528795.00,United States,,122386,Consumer Discretionary,Other Specialty Stores
HVT/A,Haverty Furniture Companies Inc.,$24.59,0.00,0.00%,,United States,,957,,
HWBK,Hawthorn Bancshares Inc. Common Stock,$33.56,0.71,2.161%,231624744.00,United States,,5553,Finance,Major Banks
HWC,Hancock Whitney Corporation Common Stock,$62.73,-0.13,-0.207%,5122716289.00,United States,,1067675,Finance,Major Banks
HWCPZ,Hancock Whitney Corporation 6.25% Subordinated Notes due 2060,$23.17,-0.09,-0.387%,1963772840.00,United States,,8830,Finance,Major Banks
HWH,HWH International Inc. Common Stock,$1.36,0.07,5.426%,8807904.00,United States,2022,10140,Health Care,Other Pharmaceuticals
HWKN,Hawkins Inc. Common Stock,$152.97,4.13,2.775%,3197393166.00,United States,,142187,Consumer Discretionary,Specialty Chemicals
HWM,Howmet Aerospace Inc. Common Stock,$254.14,4.01,1.603%,101894907611.00,United States,,2646971,Industrials,Metal Fabrications
HXHX,Haoxin Holdings Limited Class A Ordinary Shares,$0.457,0.0003,0.066%,6283750.00,China,2025,24023,Industrials,Trucking Freight/Courier Services
HXL,Hexcel Corporation Common Stock,$86.91,-1.67,-1.885%,6593897941.00,United States,,1953530,Industrials,Major Chemicals
HY,Hyster-Yale Inc. Class A common stock,$32.89,-0.54,-1.615%,588733894.00,United States,,146891,Industrials,Construction/Ag Equipment/Trucks
HYAC,Haymaker Acquisition Corp. 4 Class A Ordinary Shares,$11.49,0.00,0.00%,0.00,,2023,296791,,
HYFM,Hydrofarm Holdings Group Inc. Common Stock,$1.04,-0.03,-2.804%,4853684.00,United States,2020,12871,Consumer Discretionary,Consumer Specialties
HYFT,MindWalk Holdings Corp. Common Stock,$1.10,-0.01,-0.901%,51360409.00,Canada,,760316,Health Care,Biotechnology: Pharmaceutical Preparations
HYI,Western Asset High Yield Opportunity Fund Inc. Common Stock,$10.92,-0.03,-0.274%,0.00,,2010,91023,Finance,Investment Managers
HYLN,Hyliion Holdings Corp. Class A Common Stock,$1.97,-0.03,-1.50%,350291184.00,United States,2019,1090921,Consumer Discretionary,Construction/Ag Equipment/Trucks
HYMC,Hycroft Mining Holding Corporation Class A Common Stock,$40.60,1.81,4.666%,3696063102.00,United States,2018,3874245,Basic Materials,Precious Metals
HYNE,Hoyne Bancorp Inc. Common Stock,$14.56,-0.08,-0.546%,117891417.00,United States,2025,56724,Finance,Banks
HYPD,Hyperion DeFi Inc. Common Stock,$3.40,0.29,9.325%,27787041.00,United States,2018,421820,Health Care,Biotechnology: Pharmaceutical Preparations
HYPR,Hyperfine Inc. Class A Common Stock,$1.16,0.09,8.411%,112715642.00,United States,2021,2466745,Health Care,Biotechnology: Electromedical & Electrotherapeutic Apparatus
HYT,Blackrock Corporate High Yield Fund Inc. Common Stock,$8.62,-0.06,-0.691%,0.00,United States,2003,1547998,Finance,Finance Companies
HZO,MarineMax Inc.  (FL) Common Stock,$27.34,0.48,1.787%,602229499.00,United States,1998,572599,Consumer Discretionary,Auto & Home Supply Stores
IAC,IAC Inc. Common Stock,$37.36,-0.51,-1.347%,2873281535.00,United States,,1147327,Technology,Computer Software: Programming Data Processing
IACOU,Idea Acquisition Corp. Units,$9.885,-0.005,-0.051%,0.00,United States,2026,31788,Finance,Blank Checks
IAE,Voya Asia Pacific High Dividend Equity Income Fund ING Asia Pacific High Dividend Equity Income Fund Common Shares of Beneficial Interest,$7.33,-0.11,-1.478%,0.00,United States,2007,238429,Finance,Trusts Except Educational Religious and Charitable
IAF,abrdn Australia Equity Fund Inc. Common Stock,$12.95,0.16,1.251%,0.00,United States,1985,26055,Finance,Finance/Investors Services
IAG,Iamgold Corporation Ordinary Shares,$21.85,0.09,0.414%,12865280000.00,Canada,,7078516,Basic Materials,Precious Metals
IART,Integra LifeSciences Holdings Corporation Common Stock,$9.57,-0.16,-1.644%,745859081.00,United States,,1113926,Health Care,Medical/Dental Instruments
IAUX,i-80 Gold Corp. Common Shares,$1.77,0.02,1.143%,1486981036.00,Canada,2022,9938977,Basic Materials,Precious Metals
IBAC,IB Acquisition Corp. Common Stock,$10.74,0.0201,0.188%,0.00,United States,2024,8231,Finance,Blank Checks
IBACR,IB Acquisition Corp. Right,$0.0564,0.0045,8.671%,0.00,United States,2024,975,Finance,Blank Checks
IBCP,Independent Bank Corporation Common Stock,$33.83,-0.40,-1.169%,700008736.00,United States,,181861,Finance,Major Banks
IBEX,IBEX Limited Common Shares,$29.89,-0.63,-2.064%,400690993.00,Bermuda,2020,162497,Technology,EDP Services
IBG,Innovation Beverage Group Limited Ordinary Shares,$3.31,-2.22,-40.145%,2297358.00,Australia,2024,1417113,Consumer Staples,Beverages (Production/Distribution)
IBIO,iBio Inc. Common Stock,$2.50,-0.11,-4.215%,86358903.00,United States,,1624718,Health Care,Biotechnology: Pharmaceutical Preparations
IBKR,Interactive Brokers Group Inc. Class A Common Stock,$67.49,0.79,1.184%,30062736016.00,United States,2019,4967190,Finance,Investment Bankers/Brokers/Service
IBM,International Business Machines Corporation Common Stock,$253.33,-5.52,-2.133%,237632255565.00,United States,,6123375,Technology,Computer Manufacturing
IBN,ICICI Bank Limited Common Stock,$28.02,-0.18,-0.638%,99968908563.00,India,,5757093,Finance,Commercial Banks
IBO,Impact BioMedical Inc. Common Stock,$0.6389,-0.0335,-4.982%,66842504.00,,2024,1372278,Health Care,Biotechnology: Pharmaceutical Preparations
IBOC,International Bancshares Corporation Common Stock,$67.10,0.57,0.857%,4172124945.00,United States,,482732,Finance,Major Banks
IBP,Installed Building Products Inc. Common Stock,$299.28,-6.64,-2.171%,8073129775.00,United States,2014,496410,Consumer Discretionary,Homebuilding
IBRX,ImmunityBio Inc. Common Stock,$8.45,-0.22,-2.537%,8687541803.00,United States,2015,25567771,Health Care,Biotechnology: Biological Products (No Diagnostic Substances)
IBTA,Ibotta Inc. Class A Common Stock,$23.42,0.01,0.043%,570281216.00,United States,2024,253656,Consumer Discretionary,Advertising
ICCC,ImmuCell Corporation Common Stock,$6.48,-0.12,-1.818%,58617114.00,United States,1987,12830,Health Care,Biotechnology: In Vitro & In Vivo Diagnostic Substances
ICCM,IceCure Medical Ltd. Ordinary Shares,$0.6129,-0.0171,-2.714%,42105871.00,Israel,,144775,Health Care,Medical/Dental Instruments
ICE,Intercontinental Exchange Inc. Common Stock,$165.80,-0.39,-0.235%,94157241855.00,United States,2005,3458715,Finance,Investment Bankers/Brokers/Service
ICFI,ICF International Inc. Common Stock,$75.35,-0.60,-0.79%,1376891648.00,United States,2006,182790,Consumer Discretionary,Professional Services
ICG,Intchains Group Limited American Depositary Shares,$1.24,-0.04,-3.125%,148736136.00,China,2023,8472,Technology,Semiconductors
ICHR,Ichor Holdings Ordinary Shares,$41.73,1.71,4.273%,1445707974.00,United States,2016,670640,Technology,Semiconductors
ICL,ICL Group Ltd. Ordinary Shares,$5.34,0.40,8.097%,6890961514.00,Israel,2014,3882505,Industrials,Agricultural Chemicals
ICLR,ICON plc Ordinary Shares,$110.03,2.83,2.64%,8885677306.00,Ireland,1998,1051365,Health Care,Biotechnology: Commercial Physical & Biological Resarch
ICMB,Investcorp Credit Management BDC Inc. Common Stock,$2.70,-0.11,-3.915%,38933357.00,United States,2014,67710,Finance,Finance: Consumer Services
ICON,Icon Energy Corp. Common stock,$1.15,-0.17,-12.879%,2916366.00,Greece,2024,301577,Consumer Discretionary,Marine Transportation
ICR^A,InPoint Commercial Real Estate Income Inc. 6.75% Series A Cumulative Redeemable Preferred Stock,$21.50,-0.05,-0.232%,,,,3117,,
ICU,SeaStar Medical Holding Corporation Common Stock,$2.64,0.12,4.762%,9516442.00,United States,2021,28290,Health Care,Medical/Dental Instruments
ICUCW,SeaStar Medical Holding Corporation Warrant,$0.0295,0.002,7.273%,106339.00,United States,2021,17328,Health Care,Medical/Dental Instruments
ICUI,ICU Medical Inc. Common Stock,$133.34,1.34,1.015%,3292201269.00,United States,1992,431373,Health Care,Medical/Dental Instruments
IDA,IDACORP Inc. Common Stock,$142.59,-0.05,-0.035%,7828053258.00,United States,,518929,Utilities,Electric Utilities: Central
IDAI,T Stamp Inc. Class A Common Stock,$2.60,-0.06,-2.256%,13638641.00,United States,,42555,Technology,Computer Software: Prepackaged Software
IDCC,InterDigital Inc. Common Stock,$363.77,6.71,1.879%,9344074868.00,United States,,256678,Miscellaneous,Multi-Sector Companies
IDE,Voya Infrastructure Industrials and Materials Fund Common Shares of Beneficial Interest,$13.02,-0.26,-1.958%,0.00,United States,2010,103733,Finance,Finance/Investors Services
IDN,Intellicheck Inc. Common Stock,$4.77,-0.08,-1.649%,96377406.00,United States,1999,72627,Technology,Computer Software: Prepackaged Software
IDR,Idaho Strategic Resources Inc. Common Stock,$37.68,-0.12,-0.317%,587520652.00,United States,2022,237854,Basic Materials,Precious Metals
IDT,IDT Corporation Class B Common Stock,$50.74,-0.70,-1.361%,1272221627.00,United States,,153322,Telecommunications,Telecommunications Equipment
IDXX,IDEXX Laboratories Inc. Common Stock,$610.45,2.04,0.335%,48606491555.00,United States,1991,477676,Health Care,Biotechnology: In Vitro & In Vivo Diagnostic Substances
IDYA,IDEAYA Biosciences Inc. Common Stock,$35.08,1.89,5.694%,3080516067.00,United States,2019,934866,Health Care,Biotechnology: Pharmaceutical Preparations
IE,Ivanhoe Electric Inc. Common Stock,$13.28,0.15,1.142%,2078448139.00,Canada,2022,2253539,Basic Materials,Metal Mining
IEAGU,Infinite Eagle Acquisition Corp. Unit,$10.19,0.01,0.098%,0.00,United States,2026,26578,,
IEP,Icahn Enterprises L.P. Common Stock,$7.60,-0.01,-0.131%,4842791835.00,United States,,1455654,Consumer Discretionary,Auto Parts:O.E.M.
IESC,IES Holdings Inc. Common Stock,$450.27,19.62,4.556%,8972980110.00,United States,,159749,Industrials,Engineering & Construction
IEX,IDEX Corporation Common Stock,$197.60,-0.30,-0.152%,14691130022.00,United States,1989,780984,Industrials,Fluid Controls
IFBD,Infobird Co. Ltd Ordinary Shares,$1.05,0.0598,6.039%,8598003.00,China,2021,3952,Technology,Computer Software: Prepackaged Software
IFF,International Flavors & Fragrances Inc. Common Stock,$73.16,-0.61,-0.827%,18690732949.00,United States,,1692556,Industrials,Major Chemicals
IFN,Aberdeen India Fund Inc. Common Stock,$12.35,-0.09,-0.723%,0.00,United States,,268317,Finance,Finance/Investors Services
IFRX,InflaRx N.V. Common Stock,$0.9512,-0.0188,-1.938%,56455347.00,Germany,2017,190831,Health Care,Biotechnology: Pharmaceutical Preparations
IFS,Intercorp Financial Services Inc. Common Shares,$44.80,0.20,0.448%,5172057184.00,,2019,299619,Finance,Commercial Banks
IGA,Voya Global Advantage and Premium Opportunity Fund Common Shares of Beneficial Interest,$9.61,-0.13,-1.335%,0.00,United States,2005,126691,Finance,Investment Managers
IGAC,Invest Green Acquisition Corporation Class A Ordinary Shares,$9.94,0.00,0.00%,0.00,United States,2025,25,Finance,Blank Checks
IGACR,Invest Green Acquisition Corporation Rights,$0.19,0.005,2.703%,0.00,United States,2025,5200,,
IGC,IGC Pharma Inc. Common Stock,$0.2898,0.0039,1.364%,27768063.00,United States,,302204,Health Care,Biotechnology: Pharmaceutical Preparations
IGD,Voya Global Equity Dividend and Premium Opportunity Fund,$5.80,-0.06,-1.024%,0.00,United States,2005,312296,Finance,Trusts Except Educational Religious and Charitable
IGI,Western Asset Investment Grade Opportunity Trust Inc. Common Stock,$16.18,0.01,0.062%,0.00,United States,2009,85405,Finance,Investment Managers
IGIC,International General Insurance Holdings Ltd. Ordinary Share,$24.12,-0.39,-1.591%,1088027536.00,Jordan,2018,110853,Finance,Property-Casualty Insurers
IGR,CBRE Global Real Estate Income Fund Common Shares of Beneficial Interest,$4.72,-0.06,-1.255%,0.00,United States,2004,748710,Finance,Finance Companies
IH,iHuman Inc. American depositary shares each representing five Class A ordinary shares,$1.97,0.07,3.684%,101497509.00,United States,2020,7412,Real Estate,Other Consumer Services
IHD,Voya Emerging Markets High Income Dividend Equity Fund Common Shares,$6.45,0.03,0.467%,0.00,United States,2011,189078,Finance,Investment Managers
IHG,Intercontinental Hotels Group American Depositary Shares (Each representing one Ordinary Share),$132.60,-0.02,-0.015%,20074526558.00,United Kingdom,,494514,Consumer Discretionary,Hotels/Resorts
IHRT,iHeartMedia Inc. Class A Common Stock,$3.03,-0.21,-6.481%,456446296.00,United States,,2400935,Consumer Discretionary,Broadcasting
IHS,IHS Holding Limited Ordinary Shares,$8.18,0.10,1.238%,2727546865.00,Cayman Islands,2021,1764716,Telecommunications,Telecommunications Equipment
IHT,InnSuites Hospitality Trust Shares of Beneficial Interest,$1.035,0.01,0.976%,9527003.00,United States,1999,3207,Finance,Investment Bankers/Brokers/Service
IIF,Morgan Stanley India Investment Fund Inc. Common Stock,$22.75,-0.05,-0.219%,0.00,United States,1994,88356,Finance,Trusts Except Educational Religious and Charitable
III,Information Services Group Inc. Common Stock,$4.27,-0.26,-5.74%,204465124.00,United States,,555204,Consumer Discretionary,Professional Services
IIIN,Insteel Industries Inc. Common Stock,$33.25,-0.80,-2.349%,644929635.00,United States,,106673,Industrials,Steel/Iron Ore
IIIV,i3 Verticals Inc. Class A Common Stock,$23.54,0.03,0.128%,717401533.00,United States,2018,212205,Technology,Computer Software: Prepackaged Software
IIM,Invesco Value Municipal Income Trust Common Stock,$13.03,0.06,0.463%,613301760.00,United States,,136702,Finance,Investment Managers
IINN,Inspira Technologies Oxy B.H.N. Ltd. Ordinary Shares,$0.5726,-0.0274,-4.567%,24777454.00,Israel,2021,138087,Health Care,Medical/Dental Instruments
IIPR,Innovative Industrial Properties Inc. Common Stock,$54.54,0.17,0.313%,1534530077.00,United States,2016,304716,Finance,Real Estate
IIPR^A,Innovative Industrial Properties Inc. 9.00% Series A Cumulative Redeemable Preferred Stock,$22.49,0.04,0.178%,,United States,,108116,,
IKT,Inhibikase Therapeutics Inc. Common Stock,$1.89,0.01,0.532%,361292612.00,United States,2020,1295907,Health Care,Biotechnology: Biological Products (No Diagnostic Substances)
ILAG,Intelligent Living Application Group Inc. Ordinary Shares,$2.4783,0.00,0.00%,5148539.00,Hong Kong,2022,202,Consumer Discretionary,Office Equipment/Supplies/Services
ILLUU,Illumination Acquisition Corp I Units,$9.93,-0.01,-0.101%,0.00,United States,2026,22506,Finance,Blank Checks
ILMN,Illumina Inc. Common Stock,$124.28,-0.34,-0.273%,19002412000.00,United States,2000,1592741,Health Care,Medical Specialities
ILPT,Industrial Logistics Properties Trust Common Shares of Beneficial Interest,$6.13,-0.12,-1.92%,408583681.00,United States,2018,253863,Real Estate,Real Estate Investment Trusts
IMA,ImageneBio Inc. Common Stock,$5.92,0.08,1.37%,66195498.00,United States,2021,18895,Health Care,Biotechnology: Biological Products (No Diagnostic Substances)
IMAX,Imax Corporation Common Stock,$39.49,-1.31,-3.211%,2132184241.00,Canada,,1113682,Consumer Discretionary,Industrial Machinery/Components
IMCC,IM Cannabis Corp. Common Shares,$0.805,0.055,7.333%,2483789.00,Canada,,22079,Health Care, Medicinal Chemicals and Botanical Products 
IMCR,Immunocore Holdings plc American Depositary Shares,$33.41,0.47,1.427%,1606631640.00,United Kingdom,2021,220727,Health Care,Biotechnology: Biological Products (No Diagnostic Substances)
IMDX,Insight Molecular Diagnostics Inc. Common Stock,$5.40,-0.05,-0.917%,154787960.00,United States,,45104,Health Care,Biotechnology: In Vitro & In Vivo Diagnostic Substances
IMKTA,Ingles Markets Incorporated Class A Common Stock,$83.91,-1.47,-1.722%,1593818090.00,United States,1987,157937,Consumer Staples,Food Chains
IMMP,Immutep Limited American Depositary Shares,$2.76,0.00,0.00%,406250014.00,Australia,,5,Health Care,Biotechnology: Pharmaceutical Preparations
IMMR,Immersion Corporation Common Stock,$6.23,0.15,2.467%,201829771.00,United States,1999,415033,Technology,Computer peripheral equipment
IMMX,Immix Biopharma Inc. Common Stock,$10.13,0.84,9.042%,536435467.00,United States,2021,1001768,Health Care,Biotechnology: Pharmaceutical Preparations
IMNM,Immunome Inc. Common Stock,$21.33,0.29,1.378%,2413131135.00,United States,2020,975810,Health Care,Biotechnology: Pharmaceutical Preparations
IMNN,Imunon Inc. Common Stock,$3.12,-0.12,-3.704%,10067376.00,United States,,11320,Health Care,Biotechnology: Pharmaceutical Preparations
IMO,Imperial Oil Limited Common Stock,$119.35,1.15,0.973%,57716790535.00,Canada,1929,1068464,Energy,Integrated oil Companies
IMOS,ChipMOS TECHNOLOGIES INC. American Depositary Shares,$38.09,1.10,2.974%,1341764282.00,Taiwan,,51591,Technology,Semiconductors
IMPP,Imperial Petroleum Inc. Common Shares,$4.83,0.30,6.623%,220966400.00,Greece,,2274678,Consumer Discretionary,Marine Transportation
IMPPP,Imperial Petroleum Inc. 8.75% Series A Cumulative Redeemable Perpetual Preferred Shares,$26.40,0.06,0.228%,1207766657.00,Greece,,995,Consumer Discretionary,Marine Transportation
IMRN,Immuron Limited American Depositary Shares,$0.8349,-0.0451,-5.125%,5598421.00,Australia,2017,33730,Health Care,Biotechnology: Pharmaceutical Preparations
IMRX,Immuneering Corporation Class A Common Stock,$5.62,0.29,5.441%,362883215.00,United States,2021,1036806,Health Care,Biotechnology: Pharmaceutical Preparations
IMSR,Terrestrial Energy Inc. Common Stock  ,$6.72,0.23,3.544%,710858077.00,United States,2024,1252976,,
IMSRW,Terrestrial Energy Inc. Warrant,$3.30,0.19,6.109%,0.00,United States,2024,2689,,
IMTE,Integrated Media Technology Limited Ordinary Shares,$0.61,-0.0128,-2.055%,2102325.00,Australia,,243868,Consumer Staples,Consumer Electronics/Appliances
IMTX,Immatics N.V. Ordinary Shares,$10.00,0.14,1.42%,1340965760.00,Germany,,493754,Health Care,Biotechnology: Biological Products (No Diagnostic Substances)
IMUX,Immunic Inc. Common Stock,$1.25,0.02,1.626%,163081031.00,United States,2014,1945554,Health Care,Biotechnology: Pharmaceutical Preparations
IMVT,Immunovant Inc. Common Stock,$26.41,-0.25,-0.938%,5375284874.00,United States,2019,1234854,Health Care,Biotechnology: Biological Products (No Diagnostic Substances)
IMXI,International Money Express Inc. Common Stock,$15.80,0.01,0.063%,469555950.00,United States,2017,901175,Real Estate,Real Estate
INAB,IN8bio Inc. Common Stock,$1.77,0.05,2.907%,17286054.00,United States,2021,46532,Health Care,Biotechnology: Biological Products (No Diagnostic Substances)
INAC,Indigo Acquisition Corp. Ordinary Shares,$10.15,0.02,0.197%,0.00,United States,2025,26623,,
INACR,Indigo Acquisition Corp. Right,$0.1555,0.00,0.00%,0.00,United States,2025,128,,
INBK,First Internet Bancorp Common Stock,$20.08,-0.10,-0.496%,174818368.00,United States,,48379,Finance,Major Banks
INBKZ,First Internet Bancorp 6.0% Fixed-to-Floating Rate Subordinated Notes Due 2029,$24.44,-0.015,-0.061%,212948017.00,United States,,4363,Finance,Major Banks
INBS,Intelligent Bio Solutions Inc. Common Stock,$4.10,0.045,1.11%,6575510.00,United States,2020,72458,Health Care,Medical/Dental Instruments
INBX,Inhibrx Biosciences Inc. Common Stock,$71.86,2.68,3.874%,1045113013.00,United States,,264720,Health Care,Biotechnology: Biological Products (No Diagnostic Substances)
INCR,Intercure Ltd. Ordinary Shares,$0.82,-0.0002,-0.024%,44838695.00,Israel,,6522,Health Care,Biotechnology: Pharmaceutical Preparations
INCY,Incyte Corp. Common Stock,$97.10,1.16,1.209%,19324306591.00,United States,,1521479,Health Care,Biotechnology: Commercial Physical & Biological Resarch
INDB,Independent Bank Corp. Common Stock,$76.56,-0.65,-0.842%,3750314185.00,United States,,421003,Finance,Major Banks
INDI,indie Semiconductor Inc. Class A Common Stock,$2.59,0.00,0.00%,579281226.00,United States,,3718263,Technology,Semiconductors
INDO,Indonesia Energy Corporation Limited Ordinary Shares,$4.63,-1.02,-18.053%,69392005.00,,2019,8681627,Energy,Oil & Gas Production
INDP,Indaptus Therapeutics Inc. Common Stock,$1.87,0.02,1.081%,4193146.00,United States,,33311,Health Care,Biotechnology: Pharmaceutical Preparations
INDV,Indivior Pharmaceuticals Inc. Common Stock,$32.60,0.33,1.023%,4067496132.00,United Kingdom,,2782740,Health Care,Biotechnology: Pharmaceutical Preparations
INEO,INNEOVA Holdings Limited Class A Ordinary Shares,$0.4965,-0.0435,-8.056%,8028715.00,Singapore,2024,103517,Consumer Discretionary,Motor Vehicles
INFQ,Infleqtion Inc. Common Stock,$11.66,0.99,9.278%,649462000.00,,2026,3226852,Technology,EDP Services
INFU,InfuSystems Holdings Inc. Common Stock,$9.83,0.35,3.692%,198715013.00,United States,,144338,Health Care,Medical/Dental Instruments
INFY,Infosys Limited American Depositary Shares,$14.42,-0.02,-0.139%,59903755988.00,India,,14573630,Technology,EDP Services
ING,ING Group N.V. Common Stock,$26.67,0.26,0.984%,77408013139.00,Netherlands,1997,3610998,Finance,Commercial Banks
INGM,Ingram Micro Holding Corporation Common Stock,$22.24,0.18,0.816%,5228061195.00,United States,2024,2167588,Technology,Retail: Computer Software & Peripheral Equipment
INGN,Inogen Inc Common Stock,$6.36,-0.11,-1.70%,173197746.00,United States,2014,280477,Health Care,Industrial Specialties
INGR,Ingredion Incorporated Common Stock,$113.39,-1.44,-1.254%,7137338199.00,United States,,768514,Consumer Staples,Packaged Foods
INHD,Inno Holdings Inc. Common Stock,$1.10,0.08,7.843%,9254546.00,United States,2023,152354,Industrials,Steel/Iron Ore
INKT,MiNK Therapeutics Inc. Common Stock,$10.45,0.17,1.654%,88299355.00,United States,2021,6607,Health Care,Biotechnology: Biological Products (No Diagnostic Substances)
INLF,INLIF LIMITED Class A Ordinary Shares,$0.3502,-0.0099,-2.749%,6618780.00,China,2025,109544,Industrials,Industrial Machinery/Components
INLX,Intellinetics Inc. Common Stock,$7.67,0.17,2.267%,34354873.00,,2022,307,Technology,Computer Software: Prepackaged Software
INM,InMed Pharmaceuticals Inc. Common Shares,$0.8857,-0.0343,-3.728%,2483668.00,Canada,,122538,Health Care,Biotechnology: Pharmaceutical Preparations
INMB,INmune Bio Inc. Common stock,$1.31,-0.02,-1.504%,79879598.00,United States,2019,866617,Health Care,Biotechnology: Biological Products (No Diagnostic Substances)
INMD,InMode Ltd. Ordinary Shares,$13.29,0.06,0.454%,842037788.00,Israel,2019,1461826,Health Care,Biotechnology: Electromedical & Electrotherapeutic Apparatus
INN,Summit Hotel Properties Inc. Common Stock,$4.13,-0.38,-8.426%,449338573.00,United States,2011,2797909,Real Estate,Real Estate Investment Trusts
INN^E,Summit Hotel Properties Inc. 6.250% Series E Cumulative Redeemable Preferred Stock,$18.07,-0.41,-2.219%,,United States,,11979,,
INN^F,Summit Hotel Properties Inc. 5.875% Series F Cumulative Redeemable Preferred Stock $0.01 par value per share,$17.11,-0.71,-3.984%,,United States,,1967,,
INNV,InnovAge Holding Corp. Common Stock,$8.76,-0.22,-2.45%,1188727366.00,United States,2021,343832,Health Care,Medical/Nursing Services
INO,Inovio Pharmaceuticals Inc. Common Stock,$1.73,-0.01,-0.575%,117393285.00,United States,,772433,Health Care,Medical/Dental Instruments
INOD,Innodata Inc. Common Stock,$45.50,0.35,0.775%,1483409064.00,United States,1993,755605,Technology,EDP Services
INR,Infinity Natural Resources Inc. Class A Common Stock,$17.99,-0.57,-3.071%,1095188510.00,United States,2025,399125,Energy,Oil & Gas Production
INSE,Inspired Entertainment Inc. Common Stock,$8.34,0.39,4.906%,224570079.00,United States,2014,132358,Technology,Computer Software: Prepackaged Software
INSG,Inseego Corp. Common Stock,$11.22,0.15,1.355%,181976439.00,United States,,162880,Telecommunications,Telecommunications Equipment
INSM,Insmed Incorporated Common Stock,$143.13,3.00,2.141%,30851942874.00,United States,,1802247,Health Care,Biotechnology: Pharmaceutical Preparations
INSP,Inspire Medical Systems Inc. Common Stock,$61.89,-1.10,-1.746%,1769391220.00,United States,2018,756592,Health Care,Medical/Dental Instruments
INSW,International Seaways Inc. Common Stock ,$75.76,3.35,4.626%,3744630658.00,United States,2016,1599552,Consumer Discretionary,Marine Transportation
INTA,Intapp Inc. Common Stock,$26.86,-0.95,-3.416%,2159430893.00,United States,2021,956505,Technology,Computer Software: Prepackaged Software
INTC,Intel Corporation Common Stock,$45.58,2.16,4.975%,227672100000.00,United States,,82674283,Technology,Semiconductors
INTG,Intergroup Corporation (The) Common Stock,$37.97,1.52,4.17%,81590392.00,United States,,7400,Real Estate,Building operators
INTJ,Intelligent Group Limited Class A Ordinary Shares ,$7.05,-0.05,-0.704%,10839375.00,Hong Kong,2024,1128,Consumer Discretionary,Professional Services
INTR,Inter & Co. Inc. Class A Common Shares,$8.23,0.21,2.618%,3618765327.00,Brazil,,2352284,Finance,Commercial Banks
INTS,Intensity Therapeutics Inc. Common stock,$7.77,-0.18,-2.264%,19688116.00,United States,2023,23150,Health Care,Biotechnology: Biological Products (No Diagnostic Substances)
INTT,inTest Corporation Common Stock,$13.60,0.36,2.719%,169774689.00,United States,1997,223770,Industrials,Electrical Products
INTU,Intuit Inc. Common Stock,$473.67,-7.50,-1.559%,130993438500.00,United States,1993,3983578,Technology,Computer Software: Prepackaged Software
INTZ,Intrusion Inc. Common Stock,$1.09,0.03,2.83%,21912204.00,United States,,74661,Telecommunications,Computer Communications Equipment
INUV,Inuvo Inc.,$2.66,0.01,0.377%,39138509.00,United States,,327964,Consumer Discretionary,Advertising
INV,Innventure Inc. Common Stock,$3.05,0.08,2.694%,206626358.00,United States,,1079662,Finance,Blank Checks
INVA,Innoviva Inc. Common Stock,$22.32,0.29,1.316%,1653323779.00,United States,2004,591912,Health Care,Biotechnology: Pharmaceutical Preparations
INVE,Identiv Inc. Common Stock,$3.30,0.01,0.304%,78389484.00,United States,,10486,Technology,Computer peripheral equipment
INVH,Invitation Homes Inc. Common Stock,$25.97,-0.24,-0.916%,15825756835.00,United States,2017,8588211,Finance,Real Estate
INVX,Innovex International Inc. Common Stock,$26.79,-0.58,-2.119%,1852225505.00,United States,,642703,Consumer Discretionary,Oil and Gas Field Machinery
INVZ,Innoviz Technologies Ltd. Ordinary shares,$0.79,-0.031,-3.776%,159042945.00,Israel,,5242993,Consumer Discretionary,Auto Parts:O.E.M.
INVZW,Innoviz Technologies Ltd. Warrant,$0.007,-0.0002,-2.778%,1409241.00,Israel,,20441,Consumer Discretionary,Auto Parts:O.E.M.
IOBT,IO Biotech Inc. Common Stock,$0.28,-0.0205,-6.822%,20145676.00,Denmark,2021,2176176,Health Care,Biotechnology: Pharmaceutical Preparations
IONQ,IonQ Inc. Common Stock,$35.87,0.14,0.392%,13151403918.00,United States,2021,16321354,Technology,EDP Services
IONR,ioneer Ltd American Depositary Shares,$3.52,-0.15,-4.087%,234767248.00,Australia,,47270,Industrials,Mining & Quarrying of Nonmetallic Minerals (No Fuels)
IONS,Ionis Pharmaceuticals Inc. Common Stock,$75.36,1.32,1.783%,12448869949.00,United States,,3215157,Health Care,Biotechnology: Pharmaceutical Preparations
IOR,Income Opportunity Realty Investors Inc. Common Stock,$18.23,-0.67,-3.545%,74126425.00,United States,1987,299,Real Estate,Real Estate Investment Trusts
IOSP,Innospec Inc. Common Stock,$71.43,-0.68,-0.943%,1769882468.00,United States,,294885,Industrials,Major Chemicals
IOT,Samsara Inc. Class A Common Stock,$34.16,-1.20,-3.394%,19710458587.00,United States,2021,15506089,Technology,EDP Services
IOTR,iOThree Limited Ordinary Shares,$2.01,0.04,2.03%,5155652.00,Singapore,2025,13939,Consumer Discretionary,Telecommunications Equipment
IOVA,Iovance Biotherapeutics Inc. Common Stock,$5.41,0.28,5.458%,2228712294.00,United States,,27523567,Health Care,Biotechnology: Biological Products (No Diagnostic Substances)
IP,International Paper Company Common Stock,$38.39,-1.14,-2.884%,20326331303.00,United States,,10300542,Basic Materials,Paper
IPAR,Interparfums Inc. Common Stock,$93.15,-1.43,-1.512%,2986829413.00,United States,,232663,Consumer Discretionary,Package Goods/Cosmetics
IPCX,Inflection Point Acquisition Corp. III Class A Ordinary Shares,$10.19,0.01,0.098%,0.00,United States,2025,9630,Finance,Blank Checks
IPCXR,Inflection Point Acquisition Corp. III Rights,$0.35,0.00,0.00%,0.00,United States,2025,4,Finance,Blank Checks
IPDN,Professional Diversity Network Inc. Common Stock,$1.33,0.05,3.906%,6493011.00,United States,2013,36470,Technology,Computer Software: Programming Data Processing
IPEX,Inflection Point Acquisition Corp. V Class A Ordinary Shares,$10.34,-0.01,-0.097%,,United States,2025,8282,Health Care,Biotechnology: Pharmaceutical Preparations
IPEXR,Inflection Point Acquisition Corp. V Rights,$0.30,-0.0601,-16.69%,0.00,United States,2025,702,Finance,Blank Checks
IPGP,IPG Photonics Corporation Common Stock,$121.89,1.19,0.986%,5142704017.00,United States,2006,277506,Technology,Semiconductors
IPHA,Innate Pharma S.A. ADS,$1.60,0.00,0.00%,147451437.00,France,2019,5029,Health Care,Biotechnology: Biological Products (No Diagnostic Substances)
IPI,Intrepid Potash Inc Common Stock,$42.17,-0.36,-0.846%,565369521.00,United States,2008,792567,Industrials,Mining & Quarrying of Nonmetallic Minerals (No Fuels)
IPM,Intelligent Protection Management Corp. Common Stock ,$1.67,-0.01,-0.595%,15173167.00,United States,,8089,Technology,Computer Software: Programming Data Processing
IPOD,Dune Acquisition Corporation II Class A Ordinary Shares,$10.36,0.00,0.00%,0.00,United States,2025,61,Finance,Blank Checks
IPODW,Dune Acquisition Corporation II Warrants,$0.26,-0.0255,-8.932%,0.00,United States,2025,37167,Finance,Blank Checks
IPSC,Century Therapeutics Inc. Common Stock,$2.94,0.38,14.844%,528164617.00,United States,2021,2329368,Health Care,Biotechnology: Biological Products (No Diagnostic Substances)
IPST,IP Strategy Holdings Inc. Common Stock,$0.592,-0.046,-7.21%,5659118.00,United States,2024,54066,Consumer Staples,Beverages (Production/Distribution)
IPW,iPower Inc. Common Stock,$2.07,-0.01,-0.481%,2737527.00,United States,2021,20408,Consumer Discretionary,RETAIL: Building Materials
IPWR,Ideal Power Inc. Common Stock,$3.31,-0.04,-1.194%,28411498.00,United States,2013,75482,Technology,Semiconductors
IPX,IperionX Limited American Depositary Share,$47.77,0.95,2.029%,1621237702.00,United States,,145600,Basic Materials,Other Metals and Minerals
IQ,iQIYI Inc. American Depositary Shares,$1.34,-0.10,-6.944%,1290364856.00,China,2018,24342816,Consumer Discretionary,Consumer Electronics/Video Chains
IQI,Invesco Quality Municipal Income Trust Common Stock,$10.04,-0.03,-0.298%,530953322.00,United States,,92316,Finance,Finance Companies
IQST,iQSTEL Inc. Common Stock,$2.03,0.15,7.979%,9315234.00,United States,,327863,Telecommunications,Telecommunications Equipment
IQV,IQVIA Holdings Inc. Common Stock,$178.55,4.06,2.327%,30303088907.00,United States,2013,1979321,Health Care,Biotechnology: Commercial Physical & Biological Resarch
IR,Ingersoll Rand Inc. Common Stock,$86.66,0.23,0.266%,33937615360.00,United States,2017,2748562,Industrials,Industrial Machinery/Components
IRAB,Iris Acquisition Corp II Class A Ordinary Shares,$9.85,0.02,0.203%,0.00,,2026,130,,
IRD,Opus Genetics Inc. Common Stock,$4.77,-0.12,-2.454%,328959272.00,United States,,1216914,Health Care,Biotechnology: Pharmaceutical Preparations
IRDM,Iridium Communications Inc Common Stock,$24.24,0.23,0.958%,2544151838.00,United States,,1635322,Telecommunications,Telecommunications Equipment
IREN,IREN Limited Ordinary Shares,$38.84,2.14,5.831%,12905770076.00,Australia,2021,31714007,Technology,EDP Services
IRHOR,Iron Horse Acquisitions Corp. II Rights,$0.1101,0.00,0.00%,0.00,United States,2026,14,,
IRHOU,Iron Horse Acquisitions II Corp. Units,$9.97,0.01,0.10%,0.00,United States,2025,111,Finance,Blank Checks
IRIX,IRIDEX Corporation Common Stock,$1.28,0.04,3.226%,22003176.00,United States,1996,31892,Health Care,Biotechnology: Electromedical & Electrotherapeutic Apparatus
IRM,Iron Mountain Incorporated (Delaware)Common Stock REIT,$107.14,1.96,1.863%,31695783971.00,United States,,1292582,Real Estate,Real Estate Investment Trusts
IRMD,iRadimed Corporation Common Stock,$100.18,1.46,1.479%,1274405408.00,United States,2014,55250,Health Care,Medical/Dental Instruments
IRON,Disc Medicine Inc. Common Stock,$64.23,3.05,4.985%,2451020975.00,United States,,953665,Health Care,Biotechnology: Pharmaceutical Preparations
IROQ,IF Bancorp Inc. Common Stock,$27.35,-0.55,-1.971%,91664236.00,United States,2011,1771,Finance,Savings Institutions
IRS,IRSA Inversiones Y Representaciones S.A. Global Depositary Shares (Each representing ten shares of Common Stock),$14.89,0.49,3.403%,1152589083.00,Argentina,,234290,Real Estate,Homebuilding
IRT,Independence Realty Trust Inc. Common Stock,$16.31,-0.16,-0.971%,3870041171.00,United States,2013,3083769,Real Estate,Real Estate Investment Trusts
IRTC,iRhythm Holdings Inc. Common Stock,$123.75,0.16,0.129%,3999199050.00,United States,2016,523693,Health Care,Medical/Dental Instruments
IRWD,Ironwood Pharmaceuticals Inc. Class A Common Stock,$3.65,0.15,4.286%,595162853.00,United States,2010,2550557,Health Care,Biotechnology: Pharmaceutical Preparations
ISBA,Isabella Bank Corporation Common stock,$45.29,-0.57,-1.243%,332206498.00,United States,,11036,Finance,Major Banks
ISD,PGIM High Yield Bond Fund Inc.,$13.98,-0.08,-0.569%,0.00,United States,2012,137138,Finance,Trusts Except Educational Religious and Charitable
ISOU,IsoEnergy Ltd. Common Shares,$10.80,0.63,6.195%,654006604.00,,2025,191320,,
ISPC,iSpecimen Inc. Common Stock,$0.229,-0.0197,-7.921%,25366570.00,United States,2021,463164,Health Care,Biotechnology: Commercial Physical & Biological Resarch
ISPR,Ispire Technology Inc. Common Stock,$2.45,0.03,1.24%,140360167.00,United States,2023,159202,Health Care, Medicinal Chemicals and Botanical Products 
ISRG,Intuitive Surgical Inc. Common Stock,$493.56,3.40,0.694%,175278079774.00,United States,2000,1650480,Health Care,Industrial Specialties
ISSC,Innovative Solutions and Support Inc. Common Stock,$28.82,2.63,10.042%,512371845.00,United States,2000,1115797,Technology,EDP Services
ISTR,Investar Holding Corporation Common Stock,$27.36,-0.22,-0.798%,376631440.00,United States,2014,144166,Finance,Major Banks
IT,Gartner Inc. Common Stock,$166.39,-2.61,-1.544%,11722224419.00,United States,1993,1603664,Consumer Discretionary,Other Consumer Services
ITGR,Integer Holdings Corporation Common Stock,$85.38,1.35,1.607%,2937699287.00,United States,,647679,Health Care,Biotechnology: Electromedical & Electrotherapeutic Apparatus
ITHA,ITHAX Acquisition Corp III Class A Ordinary Shares,$9.90,0.005,0.051%,0.00,United States,2026,6177,,
ITHAU,ITHAX Acquisition Corp III Units,$10.00,0.01,0.10%,0.00,United States,2025,11414,,
ITHAW,ITHAX Acquisition Corp III Warrants,$0.2301,0.00,0.00%,0.00,United States,2026,500,,
ITIC,Investors Title Company Common Stock,$224.495,-2.575,-1.134%,423750925.00,United States,,18239,Finance,Specialty Insurers
ITOC,iTonic Holdings Ltd Class A Ordinary Shares,$0.3599,0.0156,4.531%,8896008.00,China,2024,15674,Health Care,Biotechnology: Electromedical & Electrotherapeutic Apparatus
ITP,IT Tech Packaging Inc. Common Stock,$0.1838,-0.0015,-0.809%,3118244.00,China,,193110,Consumer Discretionary,Containers/Packaging
ITRG,Integra Resources Corp. Common Shares,$3.59,-0.09,-2.446%,723343033.00,,,2646449,Basic Materials,Precious Metals
ITRI,Itron Inc. Common Stock,$96.18,4.93,5.403%,4322445193.00,United States,1993,1225640,Industrials,Electrical Products
ITRM,Iterum Therapeutics plc Ordinary Share,$0.1788,0.0133,8.036%,9446934.00,Ireland,2018,719900,Health Care,Biotechnology: Pharmaceutical Preparations
ITRN,Ituran Location and Control Ltd. Ordinary Shares,$49.66,0.13,0.262%,987915183.00,Israel,2005,110813,Technology,Electronic Components
ITT,ITT Inc. Common Stock ,$186.31,0.72,0.388%,16022660000.00,United States,2011,816520,Industrials,Fluid Controls
ITUB,Itau Unibanco Banco Holding SA American Depositary Shares (Each repstg 500 Preferred shares),$8.29,0.15,1.843%,94155107255.00,Brazil,,40223223,Finance,Major Banks
ITW,Illinois Tool Works Inc. Common Stock,$276.58,-0.58,-0.209%,79682698000.00,United States,,1248768,Industrials,Industrial Machinery/Components
IVA,Inventiva S.A. American Depository Shares,$6.38,0.25,4.078%,610326055.00,France,2020,227522,Health Care,Biotechnology: Pharmaceutical Preparations
IVDA,Iveda Solutions Inc. Common Stock,$0.295,-0.016,-5.145%,3286223.00,United States,,570809,Technology,Computer Software: Prepackaged Software
IVDAW,Iveda Solutions Inc. Warrant,$0.102,0.004,4.082%,1136253.00,United States,,1704,Technology,Computer Software: Prepackaged Software
IVF,INVO Fertility Inc. Common Stock,$0.8499,0.0009,0.106%,5916235.00,United States,,121283,Health Care,Medical/Dental Instruments
IVR,INVESCO MORTGAGE CAPITAL INC Common Stock,$8.18,0.02,0.245%,681152952.00,United States,2009,3171944,Real Estate,Real Estate Investment Trusts
IVR^C,INVESCO MORTGAGE CAPITAL INC 7.5% Fixed-to-Floating Series C Cumulative Redeemable Preferred Stock Liquation Preference $25.00 per Share,$24.59,0.19,0.779%,,United States,,6398,,
IVT,InvenTrust Properties Corp. Common Stock,$31.01,-0.12,-0.385%,2409453463.00,United States,2021,427124,Real Estate,Real Estate Investment Trusts
IVVD,Invivyd Inc. Common Stock,$1.89,0.09,5.00%,534104038.00,United States,2021,2182970,Health Care,Biotechnology: Biological Products (No Diagnostic Substances)
IVZ,Invesco Ltd Common Stock,$23.88,0.21,0.887%,10594929795.00,United States,,6089155,Finance,Investment Managers
IX,ORIX Corporation American Depositary Shares,$32.22,0.87,2.775%,37470643502.00,Japan,,552615,Finance,Diversified Financial Services
IXHL,Incannex Healthcare Inc. Common Stock,$4.23,0.33,8.462%,50524444.00,Australia,,216214,Health Care,Biotechnology: Pharmaceutical Preparations
IZEA,IZEA Worldwide Inc. Common Stock,$3.70,-0.18,-4.639%,63365282.00,United States,,46328,Consumer Discretionary,Advertising
IZM,ICZOOM Group Inc. Class A Ordinary Shares,$0.6099,-0.0401,-6.169%,7329845.00,China,2023,38212,Consumer Discretionary,Consumer Electronics/Video Chains
J,Jacobs Solutions Inc. Common Stock,$134.67,-2.12,-1.55%,15816548840.00,United States,2022,818974,Industrials,Military/Government/Technical
JACK,Jack In The Box Inc. Common Stock,$13.95,-0.54,-3.727%,265552423.00,United States,,1220507,Consumer Discretionary,Restaurants
JACS,Jackson Acquisition Company II Class A Ordinary Shares,$10.51,-0.01,-0.095%,0.00,,2025,1020,,
JAGU,Jaguar Uranium Corp. Class A Common Shares,$1.93,-0.44,-18.565%,36760922.00,,2026,356238,,
JAGX,Jaguar Health Inc. Common Stock,$0.491,-0.0995,-16.85%,2428888.00,United States,2015,1226221,Health Care,Biotechnology: Pharmaceutical Preparations
JAKK,JAKKS Pacific Inc. Common Stock,$20.60,0.28,1.378%,235754867.00,United States,1996,100458,Consumer Discretionary,Recreational Games/Products/Toys
JANX,Janux Therapeutics Inc. Common Stock,$13.98,0.14,1.012%,850426551.00,United States,2021,972142,Health Care,Biotechnology: Pharmaceutical Preparations
JAZZ,Jazz Pharmaceuticals plc Common Stock (Ireland),$185.40,3.39,1.863%,11413288890.00,Ireland,2007,715419,Health Care,Biotechnology: Pharmaceutical Preparations
JBDI,JBDI Holdings Limited Ordinary Shares,$0.6898,0.0398,6.123%,13126248.00,Singapore,2024,11519,,
JBGS,JBG SMITH Properties Common Shares ,$14.88,0.06,0.405%,1123974624.00,United States,2017,512507,Real Estate,Real Estate Investment Trusts
JBHT,J.B. Hunt Transport Services Inc. Common Stock,$217.46,4.07,1.907%,20572603889.00,United States,,1125388,Industrials,Trucking Freight/Courier Services
JBI,Janus International Group Inc. Common Stock,$5.39,0.10,1.89%,748445542.00,United States,2021,4932230,Industrials,Building Products
JBIO,Jade Biosciences Inc. Common Stock,$14.43,0.38,2.705%,711605883.00,United States,2021,500981,Health Care,Biotechnology: Pharmaceutical Preparations
JBK,Lehman ABS 3.50 3.50% Adjustable Corp Backed Tr Certs GS Cap I,$25.8767,0.4267,1.677%,0.00,United States,,1506,Finance,Finance: Consumer Services
JBL,Jabil Inc. Common Stock,$247.46,6.37,2.642%,26130604772.00,United States,1993,1429996,Technology,Electrical Products
JBLU,JetBlue Airways Corporation Common Stock,$4.52,0.03,0.668%,1672940899.00,United States,2002,32962307,Consumer Discretionary,Air Freight/Delivery Services
JBS,JBS N.V. Class A Common Shares,$15.62,0.10,0.644%,12718053936.00,,2025,4742915,Consumer Staples,Meat/Poultry/Fish
JBSS,John B. Sanfilippo & Son Inc. Common Stock,$75.93,-1.01,-1.313%,887379483.00,United States,1991,63623,Consumer Staples,Specialty Foods
JBTM,JBT Marel Corporation Common Stock,$149.83,1.07,0.719%,7788493625.00,United States,,765282,Industrials,Industrial Machinery/Components
JCAP,Jefferson Capital Inc. Common Stock,$21.01,-0.37,-1.731%,1358617008.00,United States,2025,284461,Finance,Finance Companies
JCE,Nuveen Core Equity Alpha Fund Common Shares of Beneficial Interest,$15.61,0.11,0.71%,0.00,United States,2007,54202,Finance,Trusts Except Educational Religious and Charitable
JCI,Johnson Controls International plc Ordinary Share,$133.09,0.69,0.521%,81451673848.00,Switzerland,,4954149,Industrials,Industrial Machinery/Components
JCSE,JE Cleantech Holdings Limited Ordinary Shares,$1.04,-0.05,-4.587%,5470670.00,Singapore,2022,9919,Consumer Discretionary,Miscellaneous manufacturing industries
JCTC,Jewett-Cameron Trading Company Common Shares,$1.79,0.02,1.13%,6301002.00,United States,,2914,Consumer Discretionary,RETAIL: Building Materials
JD,JD.com Inc. American Depositary Shares,$27.47,0.44,1.628%,39921999173.00,China,2014,12742531,Consumer Discretionary,Other Specialty Stores
JDZG,JIADE LIMITED Class A Ordinary Shares,$0.1201,-0.0019,-1.557%,2806639.00,China,2024,2801613,Real Estate,Other Consumer Services
JEF,Jefferies Financial Group Inc. Common Stock,$38.16,-0.13,-0.34%,7881899537.00,United States,,9240506,Finance,Investment Bankers/Brokers/Service
JELD,JELD-WEN Holding Inc. Common Stock,$1.67,-0.17,-9.239%,143796337.00,United States,2017,2150183,Basic Materials,Forest Products
JEM,707 Cayman Holdings Limited Ordinary Shares,$0.10,0.0204,25.628%,1928436.00,China,2025,15298452,Consumer Discretionary,Clothing/Shoe/Accessory Stores
JENA,Jena Acquisition Corporation II Class A Ordinary Shares,$10.32,-0.02,-0.193%,0.00,,2025,7235,Finance,Blank Checks
JF,J and Friends Holdings Limited American Depositary Shares,$0.9151,-0.0018,-0.196%,14593978.00,China,2018,4007,Technology,Computer Software: Programming Data Processing
JFB,JFB Construction Holdings Class A Common Stock,$18.46,2.02,12.287%,112892573.00,United States,2025,178926,Consumer Discretionary,General Bldg Contractors - Nonresidential Bldgs
JFBR,Jeffs' Brands Ltd Ordinary Shares,$4.11,-0.16,-3.747%,2684151.00,Israel,2022,22892,Consumer Discretionary,Other Specialty Stores
JFBRW,Jeffs' Brands Ltd Warrant,$0.0131,0.0022,20.183%,8555.00,Israel,2022,100,Consumer Discretionary,Other Specialty Stores
JFIN,Jiayin Group Inc. American Depositary Shares,$6.17,-0.11,-1.752%,329290099.00,China,2019,37049,Finance,Finance: Consumer Services
JFR,Nuveen Floating Rate Income Fund Common Stock,$7.43,-0.03,-0.402%,0.00,United States,2004,907272,Finance,Trusts Except Educational Religious and Charitable
JFU,9F Inc. American Depositary Shares,$4.80,0.15,3.226%,56511998.00,China,2019,1322,Finance,Finance: Consumer Services
JG,Aurora Mobile Limited American Depositary Shares,$7.2862,-0.2238,-2.98%,44272051.00,China,2018,1004,Technology,Computer Software: Programming Data Processing
JGH,Nuveen Global High Income Fund Common Shares of Beneficial Interest,$12.51,-0.09,-0.714%,0.00,United States,2014,110846,Finance,Investment Managers
JHG,Janus Henderson Group plc Ordinary Shares,$51.22,-0.14,-0.273%,7891752642.00,United Kingdom,2017,4208285,Finance,Investment Managers
JHI,John Hancock Investors Trust Common Stock,$13.4456,-0.1044,-0.77%,117575681.00,United States,,52936,Finance,Trusts Except Educational Religious and Charitable
JHS,John Hancock Income Securities Trust Common Stock,$11.25,-0.03,-0.266%,131024081.00,United States,,33096,Finance,Finance Companies
JHX,James Hardie Industries plc. Ordinary Shares,$21.43,0.28,1.324%,12498833200.00,Ireland,2025,6522758,Industrials,Building Materials
JILL,J. Jill Inc. Common Stock,$15.79,-0.50,-3.069%,238671424.00,United States,2017,58616,Consumer Discretionary,Apparel
JJSF,J & J Snack Foods Corp. Common Stock,$83.83,-2.44,-2.828%,1593767828.00,United States,1986,243566,Consumer Staples,Specialty Foods
JKHY,Jack Henry & Associates Inc. Common Stock,$171.59,-0.24,-0.14%,12383198675.00,United States,1985,1133262,Technology,EDP Services
JKS,JinkoSolar Holding Company Limited American Depositary Shares (each representing 4 Common Shares),$24.00,0.66,2.828%,1266499800.00,China,2010,490803,Technology,Semiconductors
JL,J-Long Group Limited Class A Ordinary Shares,$4.4999,0.2399,5.631%,16927278.00,Hong Kong,2024,37814,Consumer Discretionary,Clothing/Shoe/Accessory Stores
JLHL,Julong Holding Limited Class A Ordinary Shares,$5.8644,0.1344,2.346%,125783358.00,China,2025,61467,Consumer Discretionary,Military/Government/Technical
JLL,Jones Lang LaSalle Incorporated Common Stock,$301.62,2.38,0.795%,14131340985.00,United States,,448517,Finance,Real Estate
JLS,Nuveen Mortgage and Income Fund,$18.00,-0.16,-0.881%,0.00,United States,2009,19539,Finance,Investment Managers
JMIA,Jumia Technologies AG American Depositary Shares each representing two Ordinary Shares,$7.67,0.07,0.921%,949949465.00,,2019,1967777,Consumer Discretionary,Catalog/Specialty Distribution
JMM,Nuveen Multi-Market Income Fund (MA),$5.9487,-0.0713,-1.184%,0.00,United States,,17296,Finance,Trusts Except Educational Religious and Charitable
JMSB,John Marshall Bancorp Inc. Common Stock,$19.57,0.06,0.308%,277415318.00,United States,,21856,Finance,Major Banks
JNJ,Johnson & Johnson Common Stock,$242.59,2.19,0.911%,584617382884.00,United States,,7841543,Health Care,Biotechnology: Pharmaceutical Preparations
JOB,GEE Group Inc. Common Stock,$0.23,0.00,0.00%,25270258.00,United States,1968,116408,Consumer Discretionary,Diversified Commercial Services
JOBY,Joby Aviation Inc. Common Stock,$10.04,0.49,5.131%,9832515739.00,United States,2020,27349225,Industrials,Aerospace
JOE,St. Joe Company (The) Common Stock,$69.86,0.94,1.364%,4020051155.00,United States,,238827,Real Estate,Homebuilding
JOF,Japan Smaller Capitalization Fund Inc Common Stock,$11.14,0.03,0.27%,0.00,United States,1990,186749,Finance,Trusts Except Educational Religious and Charitable
JOUT,Johnson Outdoors Inc. Class A Common Stock,$44.68,-1.08,-2.36%,467042453.00,United States,,140461,Consumer Discretionary,Recreational Games/Products/Toys
JOYY,JOYY Inc. American Depositary Shares,$60.34,-0.46,-0.757%,3120904997.00,Singapore,2012,321079,Technology,EDP Services
JPC,Nuveen Preferred & Income Opportunities Fund,$8.04,-0.03,-0.372%,0.00,United States,2003,1415289,Finance,Investment Managers
JPM,JP Morgan Chase & Co. Common Stock,$289.92,0.44,0.152%,781923626160.00,United States,,12231458,Finance,Major Banks
JPM^C,J P Morgan Chase & Co Depositary Shares each representing a 1/400th interest in a share of 6.00% Non-Cumulative  Preferred Stock Series EE,$25.13,-0.01,-0.04%,,United States,,145356,,
JPM^D,J P Morgan Chase & Co Depositary Shares each representing a 1/400th  interest in a share of 5.75% Non-Cumulative  Preferred Stock Series DD,$24.83,0.01,0.04%,,United States,,154114,,
JPM^J,J P Morgan Chase & Co Depositary Shares each representing a 1/400th interest in a share of JPMorgan Chase & Co. 4.75% Non-Cumulative Preferred Stock Series GG,$20.21,0.01,0.05%,,United States,,67227,,
JPM^K,J P Morgan Chase & Co Depositary Shares each representing a 1/400th interest in a share of 4.55% Non-Cumulative Preferred Stock Series JJ,$19.43,0.03,0.155%,,United States,,177609,,
JPM^L,J P Morgan Chase & Co Depositary Shares each representing a 1/400th interest in a share of 4.625% Non-Cumulative Preferred Stock Series LL,$19.68,0.00,0.00%,,United States,,461267,,
JPM^M,J P Morgan Chase & Co Depositary Shares each representing a 1/400th interest in a share of 4.20% Non-Cumulative Preferred Stock Series MM,$18.40,-0.04,-0.217%,,United States,,112070,,
JQC,Nuveen Credit Strategies Income Fund Shares of Beneficial Interest,$4.81,-0.02,-0.414%,0.00,United States,2003,1111718,Finance,Finance Companies
JRI,Nuveen Real Asset Income and Growth Fund Common Shares of Beneficial Interest,$12.58,0.01,0.08%,0.00,United States,2012,474089,Finance,Finance Companies
JRS,Nuveen Real Estate Income Fund Common Shares of Beneficial Interest,$7.88,-0.09,-1.129%,0.00,United States,2001,79486,Finance,Finance/Investors Services
JRSH,Jerash Holdings (US) Inc. Common Stock,$3.06,0.01,0.328%,38861816.00,United States,2018,20192,Consumer Discretionary,Apparel
JRVR,James River Group Holdings Inc. Common Stock,$6.37,-0.10,-1.546%,292819880.00,Bermuda,2014,390053,Finance,Property-Casualty Insurers
JSM,Navient Corporation 6% Senior Notes due December 15 2043,$19.24,-0.1404,-0.724%,1913053171.00,United States,,21229,Finance,Investment Bankers/Brokers/Service
JSPR,Jasper Therapeutics Inc. Common Stock,$1.31,-0.07,-5.072%,36659091.00,United States,2020,378391,Health Care,Biotechnology: Biological Products (No Diagnostic Substances)
JSPRW,Japer Therapeutics Inc. Warrants,$0.0204,0.0004,2.00%,570874.00,United States,2020,5645,Health Care,Biotechnology: Biological Products (No Diagnostic Substances)
JTAI,Jet.AI Inc. Common Stock,$0.10,-0.0061,-5.749%,4547825.00,United States,2021,25735464,Consumer Discretionary,Transportation Services
JUNS,Jupiter Neurosciences Inc. Common Stock,$0.4242,0.0372,9.612%,14603660.00,United States,2024,121787,Health Care,Biotechnology: Pharmaceutical Preparations
JVA,Coffee Holding Co. Inc. Common Stock,$3.15,-0.02,-0.631%,17982087.00,United States,2005,15917,Consumer Staples,Packaged Foods
JWEL,Jowell Global Ltd. Ordinary Shares,$2.44,-0.06,-2.40%,5295959.00,China,2021,19097,Consumer Discretionary,Other Consumer Services
JXG,JX Luxventure Group Inc. Common Stock,$4.07,0.00,0.00%,7597152.00,China,2013,104,Consumer Staples,Apparel
JXN,Jackson Financial Inc. Class A Common Stock ,$109.56,0.11,0.101%,7743907430.00,United States,2021,1304430,Finance,Life Insurance
JXN^A,Jackson Financial Inc. Depositary Shares each representing a 1/1000th interest in a share of Fixed-Rate Reset Noncumulative Perpetual Preferred Stock Series A,$25.80,-0.25,-0.96%,,United States,,10600,,
JYD,Jayud Global Logistics Limited Class A Ordinary Shares,$2.74,0.03,1.107%,7490801.00,China,2023,20322,Industrials,Integrated Freight & Logistics
JYNT,The Joint Corp. Common Stock,$8.48,-0.22,-2.529%,126065308.00,United States,2014,185905,Miscellaneous,Multi-Sector Companies
JZ,Jianzhi Education Technology Group Company Limited American Depositary Shs,$0.889,0.0135,1.542%,2505647.00,China,2022,965,Real Estate,Other Consumer Services
JZXN,Jiuzi Holdings Inc. Ordinary Shares,$1.44,-0.09,-5.882%,1913531.00,China,2021,518474,Consumer Discretionary,Retail-Auto Dealers and Gas Stations
KAI,Kadant Inc Common Stock,$334.17,3.31,1.00%,3939537816.00,United States,1992,117098,Industrials,Industrial Machinery/Components
KALA,KALA BIO Inc. Common Stock,$0.2605,-0.0176,-6.329%,237401524.00,United States,2017,1278161,Health Care,Biotechnology: Pharmaceutical Preparations
KALU,Kaiser Aluminum Corporation Common Stock,$123.56,0.87,0.709%,2002962337.00,United States,,174411,Industrials,Metal Fabrications
KALV,KalVista Pharmaceuticals Inc. Common Stock,$17.30,1.07,6.593%,874450869.00,United Kingdom,2015,2016514,Health Care,Biotechnology: Pharmaceutical Preparations
KAPA,Kairos Pharma Ltd. Common Stock,$0.6311,0.0012,0.191%,13140356.00,,2024,114755,Health Care,Biotechnology: Pharmaceutical Preparations
KARO,Karooooo Ltd. Ordinary Shares,$46.66,0.16,0.344%,1441481378.00,Singapore,2021,28644,Technology,Computer Software: Prepackaged Software
KB,KB Financial Group Inc,$102.58,2.83,2.837%,38323961755.00,South Korea,,334712,Finance,Commercial Banks
KBDC,Kayne Anderson BDC Inc. Common Stock,$13.79,0.14,1.026%,923621076.00,,2024,381635,,
KBH,KB Home Common Stock,$57.36,-0.43,-0.744%,3623638327.00,United States,1986,833912,Consumer Discretionary,Homebuilding
KBON,Karbon Capital Partners Corp. Class A Ordinary Shares,$10.10,0.00,0.00%,0.00,United States,2026,5219,Finance,Blank Checks
KBONU,Karbon Capital Partners Corp. Units,$10.20,0.00,0.00%,0.00,United States,2025,9046,Finance,Blank Checks
KBONW,Karbon Capital Partners Corp. Warrant,$0.65,0.06,10.169%,0.00,United States,2026,1588,Finance,Blank Checks
KBR,KBR Inc. Common Stock,$39.38,-0.62,-1.55%,4980236554.00,United States,2006,2114213,Industrials,Military/Government/Technical
KBSX,FST Corp. Ordinary Shares,$1.22,-0.02,-1.613%,54614524.00,Taiwan,,763,Consumer Discretionary,Recreational Games/Products/Toys
KC,Kingsoft Cloud Holdings Limited American Depositary Shares,$14.27,2.28,19.016%,3884089268.00,China,2020,4470385,Technology,Computer Software: Prepackaged Software
KCHV,Kochav Defense Acquisition Corp. Class A Ordinary Shares,$10.25,0.00,0.00%,0.00,United States,2025,11503,,
KCHVR,Kochav Defense Acquisition Corp. Right,$0.2488,0.00,0.00%,0.00,United States,2025,58,Finance,Blank Checks
KCHVU,Kochav Defense Acquisition Corp. Units,$10.42,0.00,0.00%,0.00,United States,2025,1,,
KD,Kyndryl Holdings Inc. Common Stock,$13.08,-0.11,-0.834%,2948849271.00,United States,2021,3162596,Technology,EDP Services
KDK,Kodiak AI Inc. Common Stock ,$8.67,-0.25,-2.803%,1571068089.00,United States,,284638,Technology,EDP Services
KDKRW,Kodiak AI Inc. Warrants,$1.48,0.00,0.00%,268186940.00,United States,,45359,Technology,EDP Services
KDP,Keurig Dr Pepper Inc. Common Stock,$28.19,-0.06,-0.212%,38300796203.00,United States,,10723505,Consumer Staples,Beverages (Production/Distribution)
KE,Kimball Electronics Inc. Common Stock,$22.79,0.16,0.707%,551840114.00,United States,,185236,Technology,Electrical Products
KELYA,Kelly Services Inc. Class A Common Stock,$8.99,-0.24,-2.60%,307561637.00,United States,,380351,Consumer Discretionary,Professional Services
KELYB,Kelly Services Inc. Class B Common Stock,$14.37,-0.57,-3.815%,491619657.00,United States,,4503,Consumer Discretionary,Professional Services
KEN,Kenon Holdings Ltd. Ordinary Shares,$83.14,-1.08,-1.282%,4335771120.00,Singapore,2015,41488,Utilities,Electric Utilities: Central
KEP,Korea Electric Power Corporation Common Stock,$16.40,0.07,0.429%,21056421726.00,South Korea,1994,941211,Utilities,Electric Utilities: Central
KEQU,Kewaunee Scientific Corporation Common Stock,$41.64,-0.21,-0.502%,119356230.00,United States,,1360,Industrials,Medical Specialities
KEX,Kirby Corporation Common Stock,$125.81,-1.79,-1.403%,6749203260.00,United States,,1214869,Consumer Discretionary,Marine Transportation
KEY,KeyCorp Common Stock,$19.69,-0.17,-0.856%,21455157936.00,United States,,20104874,Finance,Major Banks
KEY^I,KeyCorp Depositary Shares Each Representing a 1/40th Ownership Interest in a Share of Fixed-to-Floating Rate Perpetual Non-Cumulative Preferred Stock Series E,$25.05,-0.03,-0.12%,,United States,,24515,,
KEY^J,KeyCorp Depositary Shares each representing a 1/40th ownership interest in a share of Fixed Rate Perpetual Non-Cumulative Preferred Stock Series F,$21.57,-0.18,-0.828%,,United States,,48832,,
KEY^K,KeyCorp Depositary Shares each representing a 1/40th ownership interest in a share of Fixed Rate Perpetual Non-Cumulative Preferred Stock Series G,$21.93,-0.14,-0.634%,,United States,,20960,,
KEY^L,KeyCorp Depositary Shares each representing a 1/40th ownership interest in a share of Fixed Rate Perpetual Non-Cumulative Preferred Stock Series H,$25.02,-0.04,-0.16%,,United States,,18898,,
KEYS,Keysight Technologies Inc. Common Stock,$282.02,9.59,3.52%,48367133640.00,United States,2014,1785716,Industrials,Industrial Machinery/Components
KF,Korea Fund Inc. (The) New Common Stock,$49.51,1.22,2.526%,0.00,United States,,35001,Finance,Investment Managers
KFFB,Kentucky First Federal Bancorp Common Stock,$4.85,0.26,5.664%,39220568.00,United States,2005,702,Finance,Savings Institutions
KFII,K&F Growth Acquisition Corp. II Class A Ordinary shares,$10.40,0.00,0.00%,0.00,United States,2025,469,,
KFIIR,K&F Growth Acquisition Corp. II Rights,$0.17,0.00,0.00%,0.00,United States,2025,4,,
KFIIU,K&F Growth Acquisition Corp. II Unit,$10.50,0.00,0.00%,0.00,United States,2025,6,Finance,Blank Checks
KFRC,Kforce Inc. Common Stock,$26.29,-1.05,-3.841%,480528620.00,United States,1995,430025,Consumer Discretionary,Professional Services
KFS,Kingsway Financial Services Inc. Common Stock (DE),$11.21,-0.30,-2.606%,324598464.00,Canada,,56852,Finance,Property-Casualty Insurers
KFY,Korn Ferry Common Stock,$62.63,-0.97,-1.525%,3268969343.00,United States,1999,848858,Consumer Discretionary,Diversified Commercial Services
KG,Kestrel Group Ltd.,$14.24,-1.00,-6.562%,110245268.00,Bermuda,2008,58339,Finance,Property-Casualty Insurers
KGC,Kinross Gold Corporation Common Stock,$32.52,-0.03,-0.092%,39017496000.00,Canada,2001,12510128,Basic Materials,Precious Metals
KGEI,Kolibri Global Energy Inc. Common stock,$4.81,0.18,3.888%,170162567.00,United States,,335052,Energy,Oil & Gas Production
KGS,Kodiak Gas Services Inc. Common Stock,$55.89,0.59,1.067%,4799240207.00,United States,2023,1100534,Utilities,Natural Gas Distribution
KHC,The Kraft Heinz Company Common Stock,$24.44,-0.10,-0.407%,28930721714.00,United States,,20149682,Consumer Staples,Packaged Foods
KIDS,OrthoPediatrics Corp. Common Stock,$18.78,0.73,4.044%,474735620.00,United States,2017,153799,Health Care,Medical/Dental Instruments
KIDZ,Classover Holdings Inc. Class B Common Stock,$0.0633,-0.0047,-6.912%,1774206.00,United States,,6717949,Real Estate,Other Consumer Services
KIDZW,Classover Holdings Inc. Warrants,$0.0136,-0.0009,-6.207%,381188.00,United States,,68103,Real Estate,Other Consumer Services
KIM,Kimco Realty Corporation (HC) Common Stock,$23.20,-0.08,-0.344%,15638346373.00,United States,,6897176,Real Estate,Real Estate Investment Trusts
KIM^L,Kimco Realty Corporation Class L Depositary Shares each of which represents a one-one thousandth fractional interest in a share of 5.125% Class L Cumulative Redeemable Preferred Stock liquidation preference $25000.00 per share,$20.02,-0.01,-0.05%,,United States,,6555,,
KIM^M,Kimco Realty Corporation Class M Depositary Shares each of which represents a one-one thousandth fractional interest in a share of 5.25% Class M Cumulative Redeemable Preferred Stock liquidation preference $25000.00 per share,$20.66,-0.045,-0.217%,,United States,,12112,,
KIM^N,Kimco Realty Corporation Depositary Shares each representing 1/1000th interest in a share of 7.25% Class N Cumulative Convertible Perpetual Preferred Stock,$61.07,0.00,0.00%,,United States,,116,,
KINS,Kingstone Companies Inc. Common Stock,$15.37,-0.21,-1.348%,217445968.00,United States,,178814,Finance,Property-Casualty Insurers
KIO,KKR Income Opportunities Fund Common Shares,$11.04,-0.15,-1.34%,0.00,United States,2013,786825,Finance,Investment Managers
KITT,Nauticus Robotics Inc. Common stock,$0.716,0.009,1.273%,20087754.00,United States,2021,1263566,Industrials,Industrial Machinery/Components
KITTW,Nauticus Robotics Inc. Warrant,$0.0501,-0.0098,-16.361%,1405582.00,United States,2021,22173,Industrials,Industrial Machinery/Components
KKR,KKR & Co. Inc. Common Stock,$90.94,-0.39,-0.427%,81077638300.00,United States,,8451184,Finance,Investment Managers
KKR^D,KKR & Co. Inc. 6.25% Series D Mandatory Convertible Preferred Stock,$40.31,-0.23,-0.567%,,United States,,327311,,
KKRS,KKR Group Finance Co. IX LLC 4.625% Subordinated Notes due 2061,$17.44,0.01,0.057%,15548647591.00,United States,2021,28412,Finance,Investment Managers
KKRT,KKR & Co. Inc. 6.875% Subordinated Notes due 2065,$24.80,-0.12,-0.482%,0.00,United States,2025,44915,Finance,Investment Managers
KLAC,KLA Corporation Common Stock,$1429.10,84.55,6.288%,187321584780.00,United States,1980,1120181,Technology,Electronic Components
KLAR,Klarna Group plc Ordinary Shares,$14.44,0.69,5.018%,10189506566.00,,2025,8681094,Finance,Finance: Consumer Services
KLC,KinderCare Learning Companies Inc. Common Stock,$3.37,-0.22,-6.128%,398733527.00,United States,2024,701448,Consumer Discretionary,Other Consumer Services
KLIC,Kulicke and Soffa Industries Inc. Common Stock,$65.45,3.98,6.475%,3424770472.00,Singapore,,1074601,Technology,Semiconductors
KLRS,Kalaris Therapeutics Inc. Common Stock,$10.00,0.18,1.833%,187024180.00,United States,2020,44730,Health Care,Biotechnology: Biological Products (No Diagnostic Substances)
KLTO,Klotho Neurosciences Inc. Common Stock,$0.4711,0.0125,2.726%,34643150.00,United States,2022,2513185,Health Care,Biotechnology: Biological Products (No Diagnostic Substances)
KLTOW,Klotho Neurosciences Inc. Warrant,$0.099,0.00,0.00%,7280135.00,United States,2022,5631,Health Care,Biotechnology: Biological Products (No Diagnostic Substances)
KLTR,Kaltura Inc. Common Stock,$1.48,-0.04,-2.632%,231374552.00,United States,2021,378932,Technology,Computer Software: Prepackaged Software
KLXE,KLX Energy Services Holdings Inc. Common Stock,$2.66,0.15,5.976%,47449413.00,United States,,212727,Energy,Oilfield Services/Equipment
KMB,Kimberly-Clark Corporation Common Stock,$102.85,-1.73,-1.654%,34138215857.00,United States,,5291531,Consumer Discretionary,Containers/Packaging
KMDA,Kamada Ltd. Ordinary Shares,$8.98,0.12,1.354%,516395178.00,Israel,2013,56947,Health Care,Biotechnology: Pharmaceutical Preparations
KMI,Kinder Morgan Inc. Common Stock,$33.30,-0.28,-0.834%,74086053020.00,United States,2011,12551089,Utilities,Natural Gas Distribution
KMPB,Kemper Corporation 5.875% Fixed-Rate Reset Junior Subordinated Debentures due 2062,$23.25,-0.23,-0.98%,1365114194.00,United States,2022,32546,Finance,Property-Casualty Insurers
KMPR,Kemper Corporation,$30.50,-1.28,-4.028%,1790794965.00,United States,,993271,Finance,Property-Casualty Insurers
KMRK,K-Tech Solutions Company Limited Class A Ordinary Shares,$2.26,0.02,0.893%,47686000.00,Hong Kong,2025,31140,Consumer Discretionary,Recreational Games/Products/Toys
KMT,Kennametal Inc. Common Stock,$38.22,1.04,2.797%,2912317830.00,United States,,973590,Industrials,Industrial Machinery/Components
KMTS,Kestra Medical Technologies Ltd. Common Stock,$23.44,0.40,1.736%,1367701802.00,United States,2025,453667,Health Care,Medical/Dental Instruments
KMX,CarMax Inc,$42.50,0.31,0.735%,6026357243.00,United States,,3901499,Consumer Discretionary,Retail-Auto Dealers and Gas Stations
KN,Knowles Corporation Common Stock,$25.13,0.30,1.208%,2133879748.00,United States,2014,615196,Consumer Staples,Consumer Electronics/Appliances
KNDI,Kandi Technologies Group Inc. Ordinary Shares,$0.9201,-0.0112,-1.203%,80378311.00,China,,93502,Industrials,Auto Manufacturing
KNF,Knife Riv Holding Co. Common Stock,$81.50,1.30,1.621%,4618129448.00,United States,2023,464898,Industrials,Mining & Quarrying of Nonmetallic Minerals (No Fuels)
KNOP,KNOT Offshore Partners LP Common Units representing Limited Partner Interests,$10.40,-0.26,-2.439%,354068842.00,United Kingdom,2013,81108,Consumer Discretionary,Marine Transportation
KNRX,KNOREX LTD. Class A Ordinary Shares,$1.15,0.00,0.00%,34986580.00,,2025,161075,Technology,Computer Software: Programming Data Processing
KNSA,Kiniksa Pharmaceuticals International plc Class A Ordinary Shares,$46.74,0.58,1.256%,3577263521.00,United States,2018,484426,Health Care,Biotechnology: Pharmaceutical Preparations
KNSL,Kinsale Capital Group Inc. Common Stock,$362.44,-9.58,-2.575%,8391597241.00,United States,,226474,Finance,Property-Casualty Insurers
KNTK,Kinetik Holdings Inc. Class A Common Stock,$45.37,-0.21,-0.461%,7356670186.00,United States,2022,1348677,Utilities,Natural Gas Distribution
KNX,Knight-Swift Transportation Holdings Inc.,$57.75,0.88,1.547%,9380091856.00,United States,2017,3771026,Industrials,Trucking Freight/Courier Services
KO,Coca-Cola Company (The) Common Stock,$77.80,0.76,0.987%,334596254768.00,United States,,18549648,Consumer Staples,Beverages (Production/Distribution)
KOD,Kodiak Sciences Inc Common Stock,$25.72,0.86,3.459%,1542044735.00,United States,2018,553808,Health Care,Biotechnology: Biological Products (No Diagnostic Substances)
KODK,Eastman Kodak Company Common New,$6.83,0.14,2.093%,658412000.00,United States,,764191,Consumer Discretionary,Industrial Machinery/Components
KOF,Coca Cola Femsa S.A.B. de C.V.  American Depositary Shares each representing 10 Units (each Unit consists of 3 Series B Shares and 5 Series L Shares),$103.05,-1.19,-1.142%,21649076439.00,Mexico,1993,177099,Consumer Staples,Beverages (Production/Distribution)
KOP,Koppers Holdings Inc. Common Stock,$38.53,0.98,2.61%,756704425.00,United States,2006,418807,Basic Materials,Forest Products
KOPN,Kopin Corporation Common Stock,$2.18,0.01,0.461%,402767271.00,United States,1992,1530494,Technology,Semiconductors
KORE,KORE Group Holdings Inc. Common Stock,$8.97,-0.01,-0.111%,157333235.00,United States,,242789,Telecommunications,Telecommunications Equipment
KOS,Kosmos Energy Ltd. Common Shares (DE),$2.56,-0.01,-0.389%,1231423708.00,Bermuda,2011,31794651,Energy,Oil & Gas Production
KOSS,Koss Corporation Common Stock,$4.06,-0.05,-1.217%,38433738.00,United States,,25055,Consumer Staples,Consumer Electronics/Appliances
KOYN,CSLM Digital Asset Acquisition Corp III Class A Ordinary Shares,$10.03,0.00,0.00%,0.00,United States,2025,1068,,
KOYNU,CSLM Digital Asset Acquisition Corp III Units,$10.14,-0.01,-0.099%,0.00,United States,2025,14671,,
KOYNW,CSLM Digital Asset Acquisition Corp III Warrants,$0.26,0.00,0.00%,0.00,United States,2025,28,,
KPLT,Katapult Holdings Inc. Common Stock,$6.06,0.25,4.303%,28138604.00,United States,2019,30425,Consumer Discretionary,Diversified Commercial Services
KPRX,Kiora Pharmaceuticals Inc.  Common Stock,$2.14,0.16,8.081%,7870781.00,United States,,33029,Health Care,Biotechnology: Pharmaceutical Preparations
KPTI,Karyopharm Therapeutics Inc. Common Stock,$8.49,-0.28,-3.193%,155740288.00,United States,2013,735634,Health Care,Biotechnology: Pharmaceutical Preparations
KR,Kroger Company (The) Common Stock,$73.37,-0.74,-0.999%,46432142869.00,United States,,8411378,Consumer Staples,Food Chains
KRAQU,KRAKacquisition Corp Unit,$10.04,0.00,0.00%,0.00,United States,2026,630,,
KRC,Kilroy Realty Corporation Common Stock,$29.41,-0.40,-1.342%,3485174818.00,United States,1997,2177436,Real Estate,Real Estate Investment Trusts
KREF,KKR Real Estate Finance Trust Inc. Common Stock,$7.07,-0.11,-1.532%,454428796.00,United States,2017,2235251,Real Estate,Real Estate Investment Trusts
KREF^A,KKR Real Estate Finance Trust Inc. 6.50% Series A Cumulative Redeemable Preferred Stock,$17.625,0.025,0.142%,,United States,,44432,,
KRG,Kite Realty Group Trust Common Stock,$25.81,0.04,0.155%,5337310399.00,United States,2004,2134331,Real Estate,Real Estate Investment Trusts
KRKR,36Kr Holdings Inc. American Depositary Shares,$3.365,0.125,3.858%,132632966.00,China,2019,4400,Real Estate,Real Estate
KRMD,KORU Medical Systems Inc. Common Stock (DE),$4.61,0.06,1.319%,213547440.00,United States,,134316,Health Care,Medical/Dental Instruments
KRMN,Karman Holdings Inc. Common Stock,$106.09,5.55,5.52%,14038087129.00,United States,2025,2680405,Industrials,Military/Government/Technical
KRNT,Kornit Digital Ltd. Ordinary Shares,$14.59,0.05,0.344%,661328269.00,Israel,2015,210939,Industrials,Industrial Machinery/Components
KRNY,Kearny Financial Corp Common Stock,$7.42,-0.02,-0.269%,480364500.00,United States,2005,468703,Finance,Savings Institutions
KRO,Kronos Worldwide Inc Common Stock,$5.42,0.13,2.457%,623587889.00,United States,,451136,Basic Materials,Major Chemicals
KROS,Keros Therapeutics Inc. Common Stock,$11.35,0.05,0.442%,223794000.00,United States,2020,683314,Health Care,Biotechnology: Pharmaceutical Preparations
KRP,Kimbell Royalty Partners Common Units Representing Limited Partner Interests,$14.30,-0.10,-0.694%,1542798800.00,United States,2017,1116672,Energy,Oil & Gas Production
KRRO,Korro Bio Inc. Common Stock,$12.30,1.12,10.018%,115832729.00,United States,2019,941149,Health Care,Biotechnology: Pharmaceutical Preparations
KRSP,Rice Acquisition Corporation 3 Class A Ordinary Shares,$10.35,-0.04,-0.385%,0.00,,2025,1414,,
KRT,Karat Packaging Inc. Common Stock,$22.68,-0.05,-0.22%,455856773.00,United States,2021,64547,Industrials,Plastic Products
KRUS,Kura Sushi USA Inc. Class A Common Stock,$60.46,2.79,4.838%,732259899.00,United States,2019,289718,Consumer Discretionary,Restaurants
KRYS,Krystal Biotech Inc. Common Stock,$258.65,4.96,1.955%,7560905685.00,United States,2017,259852,Health Care,Biotechnology: Biological Products (No Diagnostic Substances)
KSCP,Knightscope Inc. Class A Common Stock,$3.91,0.02,0.514%,44999650.00,United States,2022,242828,Telecommunications,Telecommunications Equipment
KSPI,Joint Stock Company Kaspi.kz American Depository Shares,$73.10,-1.10,-1.482%,13840276292.00,Kazakhstan,2024,862127,,
KSS,Kohl's Corporation Common Stock,$14.80,-0.32,-2.116%,1660400027.00,United States,1992,10740655,Consumer Discretionary,Department/Specialty Retail Stores
KT,KT Corporation Common Stock,$22.21,0.20,0.909%,10919899461.00,South Korea,,2308868,Telecommunications,Telecommunications Equipment
KTB,Kontoor Brands Inc. Common Stock ,$72.95,-3.32,-4.353%,4030789586.00,United States,2019,981620,Industrials,Garments and Clothing
KTCC,Key Tronic Corporation Common Stock,$2.88,0.05,1.767%,31274695.00,United States,1983,658,Technology,Electrical Products
KTF,DWS Municipal Income Trust,$9.17,-0.02,-0.218%,362223601.00,United States,1988,80004,Finance,Finance Companies
KTH,Structures Products Cp 8% CorTS Issued by Peco Energy Cap Tr II Preferred Stock,$28.62,-0.1762,-0.612%,0.00,United States,,1352,Finance,Finance: Consumer Services
KTN,Structured Products Corp 8.205% CorTS 8.205% Corporate Backed Trust Securities (CorTS),$25.80,0.00,0.00%,0.00,United States,,2989,Finance,Finance: Consumer Services
KTOS,Kratos Defense & Security Solutions Inc. Common Stock,$92.47,5.47,6.287%,15750337240.00,United States,,5247013,Industrials,Military/Government/Technical
KTTA,Pasithea Therapeutics Corp. Common Stock,$0.80,0.0035,0.439%,18472850.00,United States,2021,127011,Health Care,Biotechnology: Pharmaceutical Preparations
KTTAW,Pasithea Therapeutics Corp. Warrant,$0.0101,0.00,0.00%,233220.00,United States,2021,5,Health Care,Biotechnology: Pharmaceutical Preparations
KTWO,K2 Capital Acquisition Corporation Class A Ordinary Share,$9.88,0.015,0.152%,432121659.00,Cayman Islands,2026,715,,
KTWOR,K2 Capital Acquisition Corporation Rights,$0.23,0.01,4.545%,10059512.00,Cayman Islands,2026,48600,,
KTWOU,K2 Capital Acquisition Corporation Units,$10.05,0.00,0.00%,0.00,Cayman Islands,2026,200,,
KULR,KULR Technology Group Inc. Common Stock,$2.88,0.06,2.128%,131564238.00,United States,,821457,Technology,Electrical Products
KURA,Kura Oncology Inc. Common Stock,$9.39,0.43,4.799%,829416437.00,United States,,2186017,Health Care,Biotechnology: Pharmaceutical Preparations
KUST,Kustom Entertainment Inc. Common Stock,$0.95,-0.005,-0.524%,760956.00,United States,,87818,Technology,Radio And Television Broadcasting And Communications Equipment
KVAC,Keen Vision Acquisition Corporation Ordinary Shares,$11.98,0.11,0.927%,0.00,United States,2023,201,,
KVACW,Keen Vision Acquisition Corporation Warrant,$0.0611,0.0009,1.495%,0.00,United States,2023,5309,,
KVHI,KVH Industries Inc. Common Stock,$6.07,0.16,2.707%,118809634.00,United States,1996,26850,Technology,Radio And Television Broadcasting And Communications Equipment
KVUE,Kenvue Inc. Common Stock,$18.16,-0.23,-1.251%,34807854754.00,United States,2023,29336432,Consumer Discretionary,Specialty Chemicals
KVYO,Klaviyo Inc. Series A Common Stock,$20.50,-0.48,-2.288%,6247869542.00,United States,2023,4169984,Technology,Computer Software: Prepackaged Software
KW,Kennedy-Wilson Holdings Inc. Common Stock,$10.85,0.02,0.185%,1502339977.00,United States,,1596740,Finance,Real Estate
KWM,K Wave Media Ltd. Ordinary Shares,$0.654,0.0239,3.793%,47901466.00,Cayman Islands,,64980,Consumer Discretionary,Movies/Entertainment
KWMWW,K Wave Media Ltd. Warrant,$0.0429,-0.007,-14.028%,3142160.00,Cayman Islands,,937,Consumer Discretionary,Movies/Entertainment
KWR,Quaker Houghton Common Stock,$129.55,0.00,0.00%,2245758966.00,United States,,185743,Industrials,Major Chemicals
KXIN,Kaixin Holdings Ordinary Shares,$0.4064,-0.0005,-0.123%,384159.00,China,2017,253940,Consumer Discretionary,Retail-Auto Dealers and Gas Stations
KYIV,Kyivstar Group Ltd. Common Shares,$11.77,-0.11,-0.926%,2807499889.00,United Arab Emirates,,430504,Telecommunications,Telecommunications Equipment
KYIVW,Kyivstar Group Ltd. Warrant,$3.80,-0.08,-2.062%,906414578.00,United Arab Emirates,,433,Telecommunications,Telecommunications Equipment
KYMR,Kymera Therapeutics Inc. Common Stock,$85.04,1.55,1.857%,6942869186.00,United States,2020,438207,Health Care,Biotechnology: Biological Products (No Diagnostic Substances)
KYN,Kayne Anderson Energy Infrastructure Fund Inc.,$13.91,-0.09,-0.643%,1893589582.00,United States,2004,494636,Finance,Finance/Investors Services
KYNB,Kyntra Bio Inc. Common Stock,$7.34,0.50,7.31%,29693566.00,United States,2014,56888,Health Care,Biotechnology: Pharmaceutical Preparations
KYTX,Kyverna Therapeutics Inc. Common Stock,$8.40,0.30,3.704%,479870328.00,United States,2024,870781,Health Care,Biotechnology: Biological Products (No Diagnostic Substances)
KZIA,Kazia Therapeutics Limited American Depositary Shares,$8.22,-0.03,-0.364%,93181846.00,Australia,,65436,Health Care,Biotechnology: Pharmaceutical Preparations
KZR,Kezar Life Sciences Inc. Common Stock,$7.00,0.06,0.865%,51262092.00,United States,2018,6250,Health Care,Biotechnology: Pharmaceutical Preparations
L,Loews Corporation Common Stock,$109.10,-0.56,-0.511%,22480368553.00,United States,,645354,Finance,Property-Casualty Insurers
LAB,Standard BioTools Inc. Common Stock,$0.9858,-0.0044,-0.444%,379104585.00,United States,2011,1860131,Industrials,Biotechnology: Laboratory Analytical Instruments
LAC,Lithium Americas Corp. Common Shares,$4.64,0.09,1.978%,1408185656.00,Canada,2023,9820156,Basic Materials,Metal Mining
LAD,Lithia Motors Inc. Common Stock,$265.47,5.82,2.241%,6205337358.00,United States,,485246,Consumer Discretionary,Retail-Auto Dealers and Gas Stations
LADR,Ladder Capital Corp Class A Common Stock,$10.25,0.01,0.098%,1304143980.00,United States,2014,820393,Real Estate,Real Estate Investment Trusts
LAES,SEALSQ Corp Ordinary Shares,$4.17,0.18,4.511%,739762157.00,Switzerland,,4794255,Technology,Semiconductors
LAFA,LaFayette Acquisition Corp. Ordinary Share,$9.95,-0.03,-0.301%,0.00,France,2025,123,,
LAFAR,LaFayette Acquisition Corp. Rights,$0.13,-0.0051,-3.775%,0.00,France,2025,1023,,
LAFAU,LaFayette Acquisition Corp. Unit,$10.09,-0.03,-0.296%,0.00,France,2025,807,,
LAKE,Lakeland Industries Inc. Common Stock,$8.53,-0.07,-0.814%,83646272.00,United States,1986,103203,Health Care,Industrial Specialties
LAMR,Lamar Advertising Company Class A Common Stock,$136.02,-0.02,-0.015%,13782991885.00,United States,1996,666847,Real Estate,Real Estate Investment Trusts
LAND,Gladstone Land Corporation Common Stock,$11.80,0.07,0.597%,488973191.00,United States,2013,565657,Real Estate,Real Estate Investment Trusts
LANDO,Gladstone Land Corporation 6.00% Series B Cumulative Redeemable Preferred Stock,$19.72,-0.05,-0.253%,817165366.00,United States,,27226,Real Estate,Real Estate Investment Trusts
LANDP,Gladstone Land Corporation 6.00% Series C Cumulative Redeemable Preferred Stock,$19.76,-0.01,-0.051%,818822903.00,United States,,29495,Real Estate,Real Estate Investment Trusts
LANV,Lanvin Group Holdings Limited Ordinary Shares,$1.71,0.12,7.547%,239016625.00,Cayman Islands,2022,45210,Consumer Discretionary,Apparel
LAR,Lithium Argentina AG Common Shares,$6.87,0.22,3.308%,1115001000.00,Canada,2023,1527798,Basic Materials,Metal Mining
LARK,Landmark Bancorp Inc. Common Stock,$27.04,0.84,3.206%,164247206.00,United States,,6848,Finance,Major Banks
LASE,Laser Photonics Corporation Common Stock,$1.17,0.06,5.405%,26646989.00,United States,2022,3634284,Miscellaneous,Industrial Machinery/Components
LASR,nLIGHT Inc. Common Stock,$61.00,2.36,4.025%,3403270459.00,United States,2018,1708759,Technology,Semiconductors
LATA,Galata Acquisition Corp. II Class A Ordinary Shares,$9.96,0.00,0.00%,0.00,United States,2025,30,Finance,Blank Checks
LAUR,Laureate Education Inc. Common Stock,$34.25,2.58,8.147%,4888969328.00,United States,2017,4398526,Real Estate,Other Consumer Services
LAW,CS Disco Inc. Common Stock,$4.48,-0.31,-6.472%,283713978.00,United States,2021,420293,Technology,Computer Software: Prepackaged Software
LAZ,Lazard Inc. Common Stock,$43.18,-1.46,-3.271%,4824447727.00,Bermuda,2005,4420790,Finance,Investment Managers
LB,LandBridge Company LLC Class A Shares Representing Limited Liability Company Interests,$73.28,0.89,1.229%,5649090347.00,,2024,488503,Energy,Oil & Gas Production
LBGJ,Li Bang International Corporation Inc. Class A Ordinary Shares,$0.0969,0.0033,3.526%,13444681.00,China,2024,4645437,Industrials,Industrial Machinery/Components
LBRDA,Liberty Broadband Corporation Class A Common Stock,$51.92,-2.15,-3.976%,7450402142.00,United States,,138692,Telecommunications,Cable & Other Pay Television Services
LBRDK,Liberty Broadband Corporation Class C Common Stock,$51.94,-2.18,-4.028%,7453272096.00,United States,,1224369,Telecommunications,Cable & Other Pay Television Services
LBRDP,Liberty Broadband Corporation Series A Cumulative Redeemable Preferred Stock,$24.08,0.06,0.25%,3455425338.00,United States,,2292,Telecommunications,Cable & Other Pay Television Services
LBRT,Liberty Energy Inc. Class A common stock,$27.76,0.96,3.582%,4498550362.00,United States,2018,4566707,Energy,Oilfield Services/Equipment
LBRX,LB Pharmaceuticals Inc Common Stock,$24.34,0.56,2.355%,615780143.00,United States,2025,168694,Health Care,Biotechnology: Pharmaceutical Preparations
LBTYA,Liberty Global Ltd. Class A Common Shares,$12.57,0.03,0.239%,4211310948.00,United Kingdom,,2337236,Telecommunications,Cable & Other Pay Television Services
LBTYB,Liberty Global Ltd. Class B Common Shares,$13.13,0.00,0.00%,4398927028.00,United Kingdom,,1874,Telecommunications,Cable & Other Pay Television Services
LBTYK,Liberty Global Ltd. Class C Common Shares,$12.30,-0.06,-0.485%,4120853195.00,United Kingdom,,675295,Telecommunications,Cable & Other Pay Television Services
LC,LendingClub Corporation Common Stock,$14.76,0.09,0.613%,1700065626.00,United States,2014,1395561,Finance,Finance: Consumer Services
LCCC,Lakeshore Acquisition III Corp. Ordinary Shares,$10.29,0.00,0.00%,0.00,United States,2025,116,Finance,Blank Checks
LCCCR,Lakeshore Acquisition III Corp. Rights,$0.2201,-0.0099,-4.304%,0.00,United States,2025,764,Finance,Blank Checks
LCFY,Locafy Limited Ordinary Share,$4.41,-0.21,-4.545%,7933833.00,Australia,2022,10964,Technology,Computer Software: Programming Data Processing
LCFYW,Locafy Limited Warrant,$2.60,0.00,0.00%,4677543.00,Australia,2022,81,Technology,Computer Software: Programming Data Processing
LCID,Lucid Group Inc. Common Stock,$10.40,0.63,6.448%,3407916127.00,United States,,7280658,Industrials,Auto Manufacturing
LCII,LCI Industries,$128.77,-0.92,-0.709%,3116371655.00,United States,1995,235505,Consumer Discretionary,Auto Parts:O.E.M.
LCNB,LCNB Corporation Common Stock,$16.71,-0.12,-0.713%,237058838.00,United States,,21206,Finance,Major Banks
LCTX,Lineage Cell Therapeutics Inc. Common Stock,$1.77,-0.08,-4.324%,440884926.00,United States,,1292791,Health Care,Biotechnology: Biological Products (No Diagnostic Substances)
LCUT,Lifetime Brands Inc. Common Stock,$3.07,-0.09,-2.848%,69553889.00,United States,1991,14768,Consumer Discretionary,Industrial Machinery/Components
LDI,loanDepot Inc. Class A Common Stock,$1.83,0.06,3.39%,609821741.00,United States,2021,3850733,Finance,Finance: Consumer Services
LDOS,Leidos Holdings Inc. Common Stock,$179.54,1.65,0.928%,22692542485.00,United States,,927241,Technology,EDP Services
LDP,Cohen & Steers Limited Duration Preferred and Income Fund Inc.,$20.49,-0.31,-1.49%,0.00,United States,2012,69942,Finance,Finance Companies
LE,Lands' End Inc. Common Stock,$16.27,0.12,0.743%,497065876.00,United States,,357159,Consumer Discretionary,Clothing/Shoe/Accessory Stores
LEA,Lear Corporation Common Stock,$120.28,0.10,0.083%,6101498167.00,United States,,502141,Consumer Discretionary,Auto Parts:O.E.M.
LECO,Lincoln Electric Holdings Inc. Common Shares,$266.80,4.68,1.785%,14622071382.00,United States,,334874,Industrials,Industrial Machinery/Components
LEDS,SemiLEDS Corporation Common Stock,$1.45,0.00,0.00%,11927922.00,Taiwan,2010,4748,Technology,Semiconductors
LEE,Lee Enterprises Incorporated Common Stock,$8.61,-1.07,-11.054%,191399775.00,United States,,167570,Consumer Discretionary,Newspapers/Magazines
LEG,Leggett & Platt Incorporated Common Stock,$10.67,0.04,0.376%,1449813928.00,United States,,1366777,Consumer Discretionary,Home Furnishings
LEGH,Legacy Housing Corporation Common Stock (TX),$19.71,-0.14,-0.705%,470452609.00,United States,2018,128068,Consumer Discretionary,Homebuilding
LEGN,Legend Biotech Corporation American Depositary Shares,$19.14,0.17,0.896%,3515044884.00,United States,2020,1379981,Health Care,Biotechnology: Pharmaceutical Preparations
LEGT,Legato Merger Corp. III Ordinary Shares,$10.93,-0.05,-0.455%,0.00,,2024,46233,,
LEN,Lennar Corporation Class A Common Stock,$99.94,-1.23,-1.216%,24747262728.00,United States,,3190754,Consumer Discretionary,Homebuilding
LENZ,LENZ Therapeutics Inc. Common Stock,$12.30,0.63,5.398%,384866619.00,United States,2021,807956,Health Care,Biotechnology: Biological Products (No Diagnostic Substances)
LEO,BNY Mellon Strategic Municipals Inc. Common Stock,$6.36,-0.05,-0.78%,396169831.00,United States,1987,72994,Finance,Trusts Except Educational Religious and Charitable
LESL,Leslie's Inc. Common Stock,$1.06,0.11,11.579%,9875570.00,United States,2020,59066,Consumer Discretionary,Other Specialty Stores
LEU,Centrus Energy Corp. Class A Common Stock,$195.85,6.96,3.685%,3851305055.00,United States,2014,676225,Industrials,Mining & Quarrying of Nonmetallic Minerals (No Fuels)
LEVI,Levi Strauss & Co Class A Common Stock,$18.86,-0.74,-3.776%,7364213033.00,United States,2019,3414386,Consumer Discretionary,Apparel
LEXX,Lexaria Bioscience Corp. Common Stock,$0.7295,-0.0993,-11.981%,18155392.00,Canada,,221855,Health Care,Biotechnology: Pharmaceutical Preparations
LFAC,Leapfrog Acquisition Corporation Class A Ordinary Shares,$9.97,0.02,0.201%,0.00,United States,2026,1132,Finance,Blank Checks
LFACU,Leapfrog Acquisition Corporation Units,$10.05,-0.05,-0.495%,0.00,United States,2025,357,,
LFCR,Lifecore Biomedical Inc. Common Stock,$6.98,0.02,0.287%,261515137.00,United States,,265395,Health Care,Biotechnology: Pharmaceutical Preparations
LFMD,LifeMD Inc. Common Stock,$3.12,0.12,4.00%,150183961.00,United States,,2338468,Health Care,Medical/Nursing Services
LFMDP,LifeMD Inc. 8.875% Series A Cumulative Perpetual Preferred Stock,$22.57,0.07,0.311%,1086426924.00,United States,,2258,Health Care,Medical/Nursing Services
LFS,LEIFRAS Co. Ltd. American Depositary Shares  ,$2.27,-0.08,-3.404%,59384605.00,Japan,2025,22403,Consumer Discretionary,Other Consumer Services
LFST,LifeStance Health Group Inc. Common Stock,$6.91,-0.02,-0.289%,2693401981.00,United States,2021,2054153,Health Care,Medical/Nursing Services
LFT,Lument Finance Trust Inc. Common Stock,$1.37,0.00,0.00%,71739954.00,United States,2013,172924,Real Estate,Real Estate Investment Trusts
LFT^A,Lument Finance Trust Inc. 7.875% Series A Cumulative Redeemable Preferred Stock,$20.2406,-0.3194,-1.554%,,United States,,818,,
LFUS,Littelfuse Inc. Common Stock,$306.93,4.65,1.538%,7706298074.00,United States,,697127,Energy,Electrical Products
LFVN,Lifevantage Corporation Common Stock (Delaware),$5.09,0.21,4.303%,65118197.00,United States,,88061,Health Care,Biotechnology: Pharmaceutical Preparations
LFWD,Lifeward Ltd. Ordinary Shares,$6.06,0.055,0.916%,9238355.00,Israel,2014,28597,Health Care,Industrial Specialties
LGCB,Linkage Global Inc. Class A Ordinary Shares,$1.57,0.01,0.641%,17525160.00,Japan,2023,34769,Consumer Discretionary,Catalog/Specialty Distribution
LGCL,Lucas GC Limited Ordinary Shares,$1.66,-0.055,-3.207%,4632107.00,China,2024,3154,Technology,Computer Software: Programming Data Processing
LGCY,Legacy Education Inc. Common Stock,$13.95,0.06,0.432%,175952550.00,,2024,37839,Real Estate,Other Consumer Services
LGHL,Lion Group Holding Ltd. American Depositary Share,$1.22,-0.04,-3.175%,1163510.00,China,,45458,Finance,Investment Bankers/Brokers/Service
LGI,Lazard Global Total Return and Income Fund Common Stock,$18.07,-0.33,-1.793%,0.00,United States,2004,93657,,
LGIH,LGI Homes Inc. Common Stock,$43.66,-0.74,-1.667%,1009990535.00,United States,2013,614131,Consumer Discretionary,Homebuilding
LGL,LGL Group Inc. (The) Common Stock,$7.22,-0.17,-2.30%,39937697.00,United States,1946,2593,Technology,Industrial Machinery/Components
LGN,Legence Corp. Class A Common stock,$50.44,0.03,0.06%,5313194699.00,United States,2025,1181721,Consumer Discretionary,Engineering & Construction
LGND,Ligand Pharmaceuticals Incorporated Common Stock,$208.16,6.26,3.101%,4150947911.00,United States,,167061,Health Care,Biotechnology: Pharmaceutical Preparations
LGO,Largo Inc. Common Shares,$1.55,0.00,0.00%,129135150.00,Canada,,1420699,Industrials,Mining & Quarrying of Nonmetallic Minerals (No Fuels)
LGPS,LogProstyle Inc. Common Shares,$0.795,-0.006,-0.749%,18803427.00,,2025,39526,Consumer Discretionary,Homebuilding
LGVN,Longeveron Inc. Class A Common Stock,$0.5295,0.0459,9.491%,11295760.00,United States,2021,243316,Health Care,Biotechnology: Pharmaceutical Preparations
LH,Labcorp Holdings Inc. Common Stock,$273.61,3.94,1.461%,22545464000.00,United States,,563147,Health Care,Medical Specialities
LHAI,Linkhome Holdings Inc. Common stock,$1.38,0.04,2.985%,22397400.00,United States,2025,30163,Finance,Real Estate
LHSW,Lianhe Sowell International Group Ltd Class A Ordinary Shares,$0.1631,0.0012,0.741%,8481200.00,China,2025,620693,Technology,Computer Software: Prepackaged Software
LHX,L3Harris Technologies Inc. Common Stock,$371.26,4.65,1.268%,69342555401.00,United States,,2254229,Industrials,Industrial Machinery/Components
LI,Li Auto Inc. American Depositary Shares,$17.83,0.67,3.904%,18868797125.00,China,2020,3086778,Industrials,Auto Manufacturing
LICN,Lichen International Limited Class A Ordinary Shares,$3.15,0.14,4.651%,51429499.00,China,2023,1092,Consumer Discretionary,Professional Services
LIDR,AEye Inc. Class A Common Stock,$1.56,0.00,0.00%,70285795.00,United States,2021,356019,Consumer Discretionary,Auto Parts:O.E.M.
LIDRW,AEye Inc. Warrant,$0.0461,-0.0022,-4.555%,2077035.00,United States,2021,1121,Consumer Discretionary,Auto Parts:O.E.M.
LIEN,Chicago Atlantic BDC Inc. Common Stock,$9.955,-0.085,-0.847%,227178973.00,United States,2022,43601,Finance,Finance: Consumer Services
LIF,Life360 Inc. Common Stock,$47.57,2.49,5.524%,3815048020.00,United States,2024,2606657,Technology,EDP Services
LIFE,Ethos Technologies Inc. Class A Common Stock,$13.24,0.08,0.608%,833365294.00,United States,2026,505367,Finance,Specialty Insurers
LII,Lennox International Inc. Common Stock,$516.96,-0.51,-0.099%,17991712871.00,United States,1999,476851,Industrials,Industrial Machinery/Components
LILA,Liberty Latin America Ltd. Class A Common Stock,$7.83,-0.15,-1.88%,1566783000.00,United States,,226875,Telecommunications,Cable & Other Pay Television Services
LILAK,Liberty Latin America Ltd. Class C Common Stock,$7.90,-0.14,-1.741%,1580790000.00,United States,,1252644,Telecommunications,Cable & Other Pay Television Services
LIMN,Liminatus Pharma Inc. Class A Common Stock,$0.2335,0.0013,0.56%,7253592.00,United States,,925274,,
LIMNW,Liminatus Pharma Inc. Warrants,$0.06,0.005,9.091%,0.00,United States,,1723,,
LIN,Linde plc Ordinary Shares,$483.62,-1.12,-0.231%,224106681725.00,United States,,2279427,Basic Materials,Major Chemicals
LINC,Lincoln Educational Services Corporation Common Stock,$36.22,0.38,1.06%,1154656149.00,United States,2005,603405,Real Estate,Other Consumer Services
LIND,Lindblad Expeditions Holdings Inc. Common Stock,$17.81,-0.03,-0.168%,1162137906.00,United States,2013,1382888,Consumer Discretionary,Transportation Services
LINE,Lineage Inc. Common Stock,$39.00,-0.50,-1.266%,8856132714.00,United States,2024,1169003,Real Estate,Real Estate Investment Trusts
LINK,Interlink Electronics Inc. Common Stock,$3.252,0.172,5.584%,51219023.00,United States,,10111,Technology,Computer peripheral equipment
LION,Lionsgate Studios Corp Common Shares,$10.50,-0.16,-1.501%,3046966041.00,,2025,2853514,Consumer Discretionary,Movies/Entertainment
LIQT,LiqTech International Inc. Common Stock,$1.47,0.05,3.521%,14623326.00,Denmark,,11354,Technology,Industrial Machinery/Components
LITB,LightInTheBox Holding Co. Ltd. American Depositary Shares each representing twelve ordinary shares,$2.6071,-0.0429,-1.619%,287652767.00,China,,457,Consumer Discretionary,Catalog/Specialty Distribution
LITE,Lumentum Holdings Inc. Common Stock,$640.69,82.25,14.729%,45745266000.00,United States,,7797773,Telecommunications,Telecommunications Equipment
LITM,Snow Lake Resources Ltd. Common Shares,$2.93,0.11,3.901%,52816968.00,Canada,2021,315900,Basic Materials,Other Metals and Minerals
LITS,Lite Strategy Inc. Common Stock,$1.20,0.06,5.263%,43634399.00,United States,2003,514088,Health Care,Biotechnology: Pharmaceutical Preparations
LIVE,Live Ventures Incorporated Common Stock,$11.7497,-1.2003,-9.269%,36091037.00,United States,,11156,Consumer Discretionary,Other Specialty Stores
LIVN,LivaNova PLC Ordinary Shares,$62.06,-1.78,-2.788%,3394053705.00,United Kingdom,,1748147,Health Care,Biotechnology: Electromedical & Electrotherapeutic Apparatus
LIXT,Lixte Biotechnology Holdings Inc. Common Stock,$2.51,0.07,2.869%,21405473.00,United States,,50816,Health Care,Biotechnology: Pharmaceutical Preparations
LKFN,Lakeland Financial Corporation Common Stock,$56.50,-0.38,-0.668%,1427557420.00,United States,,234874,Finance,Major Banks
LKQ,LKQ Corporation Common Stock,$31.34,-0.13,-0.413%,7995845248.00,United States,2003,1748884,Consumer Discretionary,Motor Vehicles
LKSP,Lake Superior Acquisition Corp. Class A Ordinary Shares,$10.01,-0.02,-0.199%,0.00,United States,2025,351,,
LKSPR,Lake Superior Acquisition Corp. Rights,$1.30,-0.03,-2.256%,0.00,United States,2025,13276,,
LKSPU,Lake Superior Acquisition Corp. Units,$10.13,-0.02,-0.197%,0.00,United States,2025,101,,
LLY,Eli Lilly and Company Common Stock,$1008.39,18.06,1.824%,951272188754.00,United States,,2800156,Health Care,Biotechnology: Pharmaceutical Preparations
LLYVA,Liberty Live Holdings Inc. Series A Liberty Live Group Common Stock,$98.27,4.68,5.001%,9034125113.00,United States,,247141,Consumer Discretionary,Services-Misc. Amusement & Recreation
LLYVK,Liberty Live Holdings Inc. Series C Liberty Live Group Common Stock,$100.52,4.68,4.883%,9240971368.00,United States,,628657,Consumer Discretionary,Services-Misc. Amusement & Recreation
LMAT,LeMaitre Vascular Inc. Common Stock,$110.07,2.68,2.496%,2507214415.00,United States,2006,262666,Health Care,Medical/Dental Instruments
LMB,Limbach Holdings Inc. Common Stock,$84.36,2.26,2.753%,985273425.00,United States,,142031,Consumer Discretionary,Engineering & Construction
LMFA,LM Funding America Inc. Common Stock,$0.3936,0.0211,5.664%,5559008.00,United States,2015,351714,Finance,Finance: Consumer Services
LMND,Lemonade Inc. Common Stock,$55.10,-0.03,-0.054%,4208727434.00,United States,2020,2002915,Finance,Property-Casualty Insurers
LMNR,Limoneira Co Common Stock,$13.83,-0.19,-1.355%,250751274.00,United States,,78667,Consumer Staples,Farming/Seeds/Milling
LMRI,Lumexa Imaging Holdings Inc. Common Stock,$14.73,-0.07,-0.473%,1392952054.00,United States,2025,499854,Health Care,Medical Specialities
LMT,Lockheed Martin Corporation Common Stock,$664.15,-7.62,-1.134%,152807791396.00,United States,,2366094,Industrials,Military/Government/Technical
LNAI,Lunai Bioworks Inc. Common Stock,$0.22,-0.0122,-5.254%,5321218.00,United States,,1063632,Health Care,Biotechnology: Pharmaceutical Preparations
LNC,Lincoln National Corporation Common Stock,$34.00,-0.04,-0.118%,6463073804.00,United States,,2704509,Finance,Life Insurance
LNC^D,Lincoln National Corporation Depositary Shares Each Representing a 1/1000th Interest in a Share of 9.000% Non-Cumulative Preferred Stock Series D,$26.46,-0.07,-0.264%,,United States,,35850,,
LND,Brasilagro Brazilian Agric Real Estate Co Sponsored ADR (Brazil),$4.14,0.08,1.97%,425109458.00,Brazil,,29915,Consumer Staples,Farming/Seeds/Milling
LNG,Cheniere Energy Inc. Common Stock,$250.80,-4.35,-1.705%,52718883056.00,United States,2001,5269788,Utilities,Oil/Gas Transmission
LNKB,LINKBANCORP Inc. Common Stock,$8.44,-0.04,-0.472%,316125669.00,United States,,103793,Finance,Major Banks
LNKS,Linkers Industries Limited Class A Ordinary Shares,$1.03,-0.01,-0.962%,13838050.00,Malaysia,2024,74942,Technology,Electrical Products
LNN,Lindsay Corporation Common Stock,$129.34,-0.26,-0.201%,1352206888.00,United States,,100283,Industrials,Industrial Machinery/Components
LNSR,LENSAR Inc. Common Stock,$11.89,0.09,0.763%,142020652.00,United States,,24421,Health Care,Medical/Dental Instruments
LNT,Alliant Energy Corporation Common Stock,$71.61,0.06,0.084%,18413854765.00,United States,,2144330,Utilities,Power Generation
LNTH,Lantheus Holdings Inc. Common Stock,$80.01,7.45,10.267%,5169117579.00,United States,2015,2513585,Health Care,Biotechnology: In Vitro & In Vivo Diagnostic Substances
LNZA,LanzaTech Global Inc. Common Stock,$9.20,-0.18,-1.919%,92749855.00,United States,2021,8009,Industrials,Major Chemicals
LNZAW,LanzaTech Global Inc. Warrant,$0.0133,0.0015,12.712%,134084.00,United States,2021,3738,Industrials,Major Chemicals
LOAN,Manhattan Bridge Capital Inc,$4.27,0.01,0.235%,48843040.00,United States,,29951,Real Estate,Real Estate Investment Trusts
LOAR,Loar Holdings Inc. Common Stock,$69.12,-0.34,-0.489%,6471185196.00,United States,2024,820015,Industrials,Military/Government/Technical
LOB,Live Oak Bancshares Inc. Common Stock,$33.40,-0.15,-0.447%,1543734774.00,United States,2022,351371,Finance,Major Banks
LOB^A,Live Oak Bancshares Inc. Depositary Shares Each Representing a 1/40th Interest in a Share of 8.375% Fixed Rate Series A Non-Cumulative Perpetual Preferred Stock,$25.285,-0.115,-0.453%,,United States,,7125,,
LOBO,LOBO TECHNOLOGIES LTD. Class A Ordinary Shares,$0.5454,0.0037,0.683%,6854868.00,China,2024,74843,Consumer Discretionary,Motor Vehicles
LOCL,Local Bounti Corporation Common Stock,$1.07,0.08,8.081%,29989569.00,,2021,56816,Consumer Staples,Farming/Seeds/Milling
LOCO,El Pollo Loco Holdings Inc. Common Stock,$11.05,0.05,0.455%,331002032.00,United States,2014,236378,Consumer Discretionary,Restaurants
LODE,Comstock Inc. Common Stock,$3.28,0.01,0.306%,234099727.00,United States,,888999,Industrials,Major Chemicals
LOGI,Logitech International S.A. Ordinary Shares,$92.40,0.22,0.239%,13544818610.00,United States,1997,2109451,Technology,Computer peripheral equipment
LOKV,Live Oak Acquisition Corp. V Class A Ordinary Shares,$10.33,0.00,0.00%,0.00,United States,2025,94767,,
LOKVU,Live Oak Acquisition Corp. V Units,$11.29,0.27,2.45%,0.00,United States,2025,100,Finance,Blank Checks
LOKVW,Live Oak Acquisition Corp. V Warrants,$1.55,0.00,0.00%,0.00,United States,2025,600,,
LOMA,Loma Negra Compania Industrial Argentina Sociedad Anonima ADS,$10.02,0.17,1.726%,1169300233.00,Argentina,2017,371885,Industrials,Building Materials
LONA,LeonaBio Inc. Common Stock,$6.17,0.87,16.415%,57602583.00,United States,2020,39266,Health Care,Biotechnology: Biological Products (No Diagnostic Substances)
LOOP,Loop Industries Inc. Common Stock,$1.31,-0.01,-0.758%,63322197.00,Canada,,52127,Industrials,Major Chemicals
LOPE,Grand Canyon Education Inc. Common Stock,$166.52,-0.02,-0.012%,4519927960.00,United States,2008,188015,Real Estate,Other Consumer Services
LOT,Lotus Technology Inc. American Depositary Shares,$1.12,0.01,0.901%,759633659.00,China,,65125,Industrials,Auto Manufacturing
LOTWW,Lotus Technology Inc. Warrants,$0.07,0.00,0.00%,47477104.00,China,,1,Industrials,Auto Manufacturing
LOVE,The Lovesac Company Common Stock,$11.28,-0.62,-5.21%,164880956.00,United States,2018,355271,Consumer Discretionary,Other Specialty Stores
LOW,Lowe's Companies Inc. Common Stock,$250.22,-1.67,-0.663%,140361273571.00,United States,,2896310,Consumer Discretionary,RETAIL: Building Materials
LPA,Logistic Properties of the Americas Ordinary Shares,$2.72,0.04,1.493%,99451977.00,,2024,22725,Finance,Real Estate
LPAA,Launch One Acquisition Corp. Class A Ordinary shares,$10.67,-0.07,-0.652%,0.00,United States,2024,777,,
LPAAW,Launch One Acquisition Corp. Warrant,$0.1554,0.00,0.00%,0.00,United States,2024,13,Finance,Blank Checks
LPBB,Launch Two Acquisition Corp. Class A Ordinary Shares,$10.55,0.00,0.00%,0.00,United States,2024,552,,
LPBBW,Launch Two Acquisition Corp. Warrant,$0.2101,0.00,0.00%,0.00,United States,2024,5,,
LPCN,Lipocine Inc. Common Stock,$7.88,-0.25,-3.075%,43749216.00,United States,,27182,Health Care,Biotechnology: Pharmaceutical Preparations
LPCV,Launchpad Cadenza Acquisition Corp I Class A Ordinary Share,$9.93,-0.01,-0.101%,0.00,United States,2026,27661,,
LPCVU,Launchpad Cadenza Acquisition Corp I Unit,$10.0759,0.00,0.00%,0.00,United States,2025,48,Finance,Blank Checks
LPG,Dorian LPG Ltd. Common Stock,$34.34,0.26,0.763%,1467832497.00,United States,2014,659926,Consumer Discretionary,Marine Transportation
LPL,LG Display Co Ltd AMERICAN DEPOSITORY SHARES,$4.05,0.14,3.581%,4050000000.00,South Korea,2004,1484994,Technology,Industrial Machinery/Components
LPLA,LPL Financial Holdings Inc. Common Stock,$312.80,-0.76,-0.242%,25049080617.00,United States,2010,712347,Finance,Investment Bankers/Brokers/Service
LPRO,Open Lending Corporation Common Stock,$1.37,0.03,2.239%,161919537.00,United States,,304879,Finance,Finance: Consumer Services
LPSN,LivePerson Inc. Common Stock,$3.00,-0.21,-6.542%,35571054.00,United States,2000,233183,Technology,Computer Software: Prepackaged Software
LPTH,LightPath Technologies Inc. Class A Common Stock,$11.09,0.02,0.181%,639988407.00,United States,1996,1737415,Technology,Semiconductors
LPX,Louisiana-Pacific Corporation Common Stock,$77.66,-0.04,-0.051%,5423024437.00,United States,,680791,Basic Materials,Forest Products
LQDA,Liquidia Corporation Common Stock,$35.87,-0.16,-0.444%,3160664568.00,United States,2018,1603530,Health Care,Biotechnology: Pharmaceutical Preparations
LQDT,Liquidity Services Inc. Common Stock,$32.57,0.60,1.877%,1010122104.00,United States,2006,365586,Real Estate,Real Estate
LRCX,Lam Research Corporation Common Stock,$211.15,11.82,5.93%,263677996650.00,United States,1984,13415069,Technology,Industrial Machinery/Components
LRE,Lead Real Estate Co. Ltd American Depositary Shares,$1.33,-0.06,-4.317%,18143727.00,Japan,2023,7670,Consumer Discretionary,Homebuilding
LRHC,La Rosa Holdings Corp. Common Stock,$1.08,0.07,6.931%,175536.00,United States,2023,63032230,Finance,Real Estate
LRMR,Larimar Therapeutics Inc. Common Stock,$5.69,0.47,9.004%,487009330.00,United States,2014,3520275,Health Care,Biotechnology: Pharmaceutical Preparations
LRN,Stride Inc. Common Stock,$85.31,-1.52,-1.751%,3632524540.00,United States,,553030,Real Estate,Other Consumer Services
LSAK,Lesaka Technologies Inc. Common Stock,$4.60,-0.06,-1.288%,386035105.00,South Africa,,77152,Finance,Investment Bankers/Brokers/Service
LSBK,Lake Shore Bancorp Inc. Common Stock,$15.40,-0.15,-0.965%,120512715.00,United States,2006,33946,Finance,Savings Institutions
LSCC,Lattice Semiconductor Corporation Common Stock,$90.63,5.14,6.012%,12396933578.00,United States,,2009685,Technology,Semiconductors
LSE,Leishen Energy Holding Co. Ltd. Class A Ordinary Shares,$4.8255,-0.5545,-10.307%,82154138.00,China,2024,12593,Consumer Discretionary,Oil and Gas Field Machinery
LSF,Laird Superfood Inc. Common Stock,$2.46,0.04,1.653%,26288859.00,,2020,22139,Consumer Staples,Packaged Foods
LSH,Lakeside Holding Limited Common Stock,$0.6514,0.0281,4.508%,22426112.00,United States,2024,52501,,
LSPD,Lightspeed Commerce Inc. Subordinate Voting Shares,$9.59,0.02,0.209%,1316716005.00,Canada,,775146,Technology,Computer Software: Prepackaged Software
LSTA,Lisata Therapeutics Inc. Common Stock,$5.04,0.86,20.574%,44456494.00,United States,,448312,Health Care,Misc Health and Biotechnology Services
LSTR,Landstar System Inc. Common Stock,$152.73,0.91,0.599%,5201789222.00,United States,1993,364092,Industrials,Trucking Freight/Courier Services
LTBR,Lightbridge Corporation Common Stock,$11.68,0.23,2.009%,398896084.00,United States,,1629566,Consumer Discretionary,Professional Services
LTC,LTC Properties Inc. Common Stock,$38.77,0.37,0.964%,1880723473.00,United States,,507725,Real Estate,Real Estate Investment Trusts
LTH,Life Time Group Holdings Inc. Common Stock,$27.10,1.73,6.819%,6010917722.00,United States,2021,5272085,Consumer Discretionary,Hotels/Resorts
LTM,LATAM Airlines Group S.A. American Depositary Shares (each representing two thousand (2000) shares of Common Stock),$48.76,0.69,1.435%,13999385690.00,Chile,2024,1951020,Consumer Discretionary,Air Freight/Delivery Services
LTRN,Lantern Pharma Inc. Common Stock,$2.74,0.04,1.481%,30645319.00,United States,2020,45057,Health Care,Biotechnology: Pharmaceutical Preparations
LTRX,Lantronix Inc. Common Stock,$6.25,0.60,10.619%,248075163.00,United States,2000,1025051,Telecommunications,Computer Communications Equipment
LTRYW,Sports Entertainment Gaming Global Corporation Warrants,$0.0094,-0.0002,-2.083%,118848.00,United States,2023,42966,Technology,Computer Software: Prepackaged Software
LU,Lufax Holding Ltd American Depositary Shares each representing two (2) Ordinary Shares,$2.38,-0.04,-1.653%,2062719563.00,China,,1599239,Finance,Finance: Consumer Services
LUCD,Lucid Diagnostics Inc. Common Stock,$1.46,0.06,4.286%,201017183.00,United States,2021,620603,Health Care,Medical/Dental Instruments
LUCK,Lucky Strike Entertainment Corporation Class A Common Stock,$8.61,0.07,0.82%,1185636158.00,United States,2021,145140,Consumer Discretionary,Services-Misc. Amusement & Recreation
LUCY,Innovative Eyewear Inc. Common Stock,$1.07,0.00,0.00%,5724696.00,United States,2022,77707,Health Care,Ophthalmic Goods
LUCYW,Innovative Eyewear Inc. Series A Warrants 8/16/27,$0.0649,-0.013,-16.688%,347227.00,United States,2022,734,Health Care,Ophthalmic Goods
LUD,Luda Technology Group Limited Ordinary Shares,$3.89,-0.51,-11.591%,88264100.00,,2025,8958,Industrials,Steel/Iron Ore
LULU,lululemon athletica inc. Common Stock,$169.76,-0.37,-0.217%,19045381360.00,Canada,2007,2706516,Consumer Discretionary,Apparel
LUMN,Lumen Technologies Inc. Common Stock,$6.63,0.01,0.151%,6791570508.00,United States,,12014608,Telecommunications,Telecommunications Equipment
LUNG,Pulmonx Corporation Common Stock,$1.82,-0.20,-9.901%,75069602.00,United States,2020,997799,Health Care,Medical/Dental Instruments
LUNR,Intuitive Machines Inc. Class A Common Stock,$18.08,0.45,2.552%,3674038174.00,United States,2021,9284099,Industrials,Industrial Machinery/Components
LUV,Southwest Airlines Company Common Stock,$43.03,1.47,3.537%,21141413110.00,United States,,14805758,Consumer Discretionary,Air Freight/Delivery Services
LUXE,LuxExperience B.V. American Depositary Shares each representing one Ordinary Share,$8.75,-0.24,-2.67%,1193274740.00,,2021,284689,Consumer Discretionary,Catalog/Specialty Distribution
LVLU,Lulu's Fashion Lounge Holdings Inc. Common Stock,$13.29,0.34,2.625%,36837833.00,United States,2021,7391,Consumer Discretionary,Catalog/Specialty Distribution
LVO,LiveOne Inc. Common Stock,$5.16,0.09,1.775%,60090249.00,United States,,53802,Consumer Discretionary,Restaurants
LVS,Las Vegas Sands Corp. Common Stock,$53.91,0.31,0.578%,36222707077.00,United States,2004,4715475,Consumer Discretionary,Hotels/Resorts
LVWR,LiveWire Group Inc. Common Stock,$1.67,-0.10,-5.65%,341250098.00,United States,2022,196091,Consumer Discretionary,Motor Vehicles
LW,Lamb Weston Holdings Inc. Common Stock ,$45.75,-0.28,-0.608%,6353754693.00,United States,2016,2959655,Consumer Staples,Packaged Foods
LWAC,LightWave Acquisition Corp. Class A Ordinary Shares,$10.12,0.00,0.00%,0.00,United States,2025,23,Finance,Blank Checks
LWACW,LightWave Acquisition Corp. Warrants,$0.2511,-0.0409,-14.007%,0.00,United States,2025,11522,Finance,Blank Checks
LWAY,Lifeway Foods Inc. Common Stock,$21.25,0.00,0.00%,323611214.00,United States,,29026,Consumer Staples,Packaged Foods
LWLG,Lightwave Logic Inc. Common Stock,$4.31,0.11,2.619%,576522659.00,United States,,2937470,Industrials,Containers/Packaging
LX,LexinFintech Holdings Ltd. American Depositary Shares,$2.67,0.01,0.376%,449263548.00,China,2017,1389653,Finance,Finance: Consumer Services
LXEH,Lixiang Education Holding Co. Ltd. American Depositary Shares,$0.2211,0.0011,0.50%,4237751.00,China,2020,164340,Real Estate,Other Consumer Services
LXEO,Lexeo Therapeutics Inc. Common Stock,$7.44,0.59,8.613%,543025713.00,United States,2023,2033534,Health Care,Biotechnology: Biological Products (No Diagnostic Substances)
LXFR,Luxfer Holdings PLC Ordinary Shares,$12.06,0.08,0.668%,321283634.00,United Kingdom,2012,229905,Basic Materials,Major Chemicals
LXP,LXP Industrial Trust Common Stock (Maryland REIT),$47.77,0.11,0.231%,2822110010.00,United States,,700195,Real Estate,Real Estate Investment Trusts
LXP^C,LXP Industrial Trust 6.5% Series C Cumulative Convertible Preferred Stock,$46.87,-0.03,-0.064%,,United States,,626,,
LXRX,Lexicon Pharmaceuticals Inc. Common Stock,$1.68,-0.03,-1.754%,711783426.00,United States,,3638351,Health Care,Biotechnology: Pharmaceutical Preparations
LXU,LSB Industries Inc. Common Stock,$13.03,-0.46,-3.41%,936164351.00,United States,2003,2354107,Basic Materials,Major Chemicals
LYB,LyondellBasell Industries NV Ordinary Shares Class A (Netherlands),$66.82,-0.29,-0.432%,21527397930.00,Netherlands,,17037234,Industrials,Major Chemicals
LYEL,Lyell Immunopharma Inc. Common Stock,$25.50,3.04,13.535%,541064534.00,United States,2021,235846,Health Care,Biotechnology: Pharmaceutical Preparations
LYFT,Lyft Inc. Class A Common Stock,$13.76,0.51,3.849%,5477960590.00,United States,2019,22951058,Real Estate,Real Estate
LYG,Lloyds Banking Group Plc American Depositary Shares,$5.25,0.06,1.156%,77810323049.00,United Kingdom,,25136714,Finance,Commercial Banks
LYRA,Lyra Therapeutics Inc. Common Stock,$1.30,0.0217,1.698%,2307347.00,United States,2020,9261,Health Care,Medical/Dental Instruments
LYTS,LSI Industries Inc. Common Stock,$19.50,-0.33,-1.664%,606716780.00,United States,1985,321431,Consumer Discretionary,Building Products
LYV,Live Nation Entertainment Inc. Common Stock,$165.80,9.67,6.194%,38930158668.00,United States,,7677043,Consumer Discretionary,Services-Misc. Amusement & Recreation
LZ,LegalZoom.com Inc. Common Stock,$6.46,-0.21,-3.148%,1117078575.00,United States,2021,2169005,Technology,EDP Services
LZB,La-Z-Boy Incorporated Common Stock,$33.87,-0.70,-2.025%,1386086058.00,United States,,452749,Consumer Discretionary,Home Furnishings
LZM,Lifezone Metals Limited Ordinary Shares,$4.23,-0.12,-2.759%,341972540.00,Isle of Man,,238516,Basic Materials,Metal Mining
LZMH,LZ Technology Holdings Limited Class B Ordinary Shares,$1.34,0.06,4.688%,203773800.00,China,2025,60026,Technology,EDP Services
M,Macy's Inc Common Stock,$17.98,-0.29,-1.587%,4780578300.00,United States,,12334141,Consumer Discretionary,Department/Specialty Retail Stores
MA,Mastercard Incorporated Common Stock,$517.72,-4.62,-0.884%,461709069651.00,United States,2006,3546595,Real Estate,Real Estate
MAA,Mid-America Apartment Communities Inc. Common Stock,$132.14,-0.65,-0.489%,15447300783.00,United States,1994,885604,Real Estate,Real Estate Investment Trusts
MAA^I,Mid-America Apartment Communities Inc. 8.50% Series I Cumulative Redeemable Preferred Stock,$54.55,0.00,0.00%,,United States,,384,,
MAAS,Maase Inc. Class A Ordinary Shares,$5.72,0.01,0.175%,1829336217.00,China,2019,4817,Finance,Investment Managers
MAC,Macerich Company (The) Common Stock,$19.22,0.42,2.234%,4933211757.00,United States,1994,2412007,Real Estate,Real Estate Investment Trusts
MACI,Melar Acquisition Corp. I Class A Ordinary Shares,$10.74,0.01,0.093%,0.00,United States,2024,6488,,
MACIU,Melar Acquisition Corp. I Unit,$10.79,0.00,0.00%,0.00,United States,2024,91,Finance,Blank Checks
MACIW,Melar Acquisition Corp. I Warrant,$0.1247,-0.0066,-5.027%,0.00,United States,2024,111,Finance,Blank Checks
MAGN,Magnera Corporation Common Stock,$11.54,-0.31,-2.616%,414286000.00,United States,2000,898352,Basic Materials,Paper
MAIA,MAIA Biotechnology Inc. Common Stock,$1.49,-0.05,-3.247%,57602773.00,,2022,867707,Health Care,Biotechnology: Pharmaceutical Preparations
MAIN,Main Street Capital Corporation Common Stock,$56.82,-0.55,-0.959%,5119756497.00,United States,2007,875009,Finance,Finance/Investors Services
MAMA,Mama's Creations Inc. Common Stock,$16.57,-0.05,-0.301%,673625728.00,United States,,321222,Consumer Staples,Specialty Foods
MAMO,Massimo Group Common Stock,$1.01,0.0228,2.31%,42057360.00,United States,2024,119316,Consumer Discretionary,Industrial Specialties
MAN,ManpowerGroup Common Stock,$28.41,-0.69,-2.371%,1318782143.00,United States,,1668944,Consumer Discretionary,Professional Services
MANE,Veradermics Incorporated Common Stock,$51.32,2.76,5.684%,1800155951.00,,2026,466414,Health Care,Biotechnology: Pharmaceutical Preparations
MANH,Manhattan Associates Inc. Common Stock,$150.16,-2.29,-1.502%,8986707808.00,United States,1998,944611,Technology,Computer Software: Prepackaged Software
MANU,Manchester United Ltd. Class A Ordinary Shares,$17.34,0.04,0.231%,2989916415.00,United Kingdom,2012,381087,Consumer Discretionary,Services-Misc. Amusement & Recreation
MAPS,WM Technology Inc. Class A Common Stock ,$0.726,0.0006,0.083%,114139306.00,United States,2019,474053,Technology,Computer Software: Prepackaged Software
MAPSW,WM Technology Inc. Warrants ,$0.0072,0.0001,1.408%,1131960.00,United States,2019,26531,Technology,Computer Software: Prepackaged Software
MAR,Marriott International Class A Common Stock,$328.86,5.06,1.563%,87142820428.00,United States,,1993496,Consumer Discretionary,Hotels/Resorts
MARA,MARA Holdings Inc. Common Stock,$8.66,0.65,8.115%,3292831939.00,United States,,42215612,Technology,EDP Services
MARPS,Marine Petroleum Trust Units of Beneficial Interest,$5.16,-0.165,-3.099%,10320000.00,United States,,551930,Energy,Oil & Gas Production
MAS,Masco Corporation Common Stock,$64.24,0.58,0.911%,13079719140.00,United States,,3109967,Industrials,Industrial Specialties
MASI,Masimo Corporation Common Stock,$175.45,0.03,0.017%,9157180792.00,United States,2007,2961086,Health Care,Biotechnology: Electromedical & Electrotherapeutic Apparatus
MASK,3 E Network Technology Group Ltd Class A Ordinary Shares,$0.1473,0.0068,4.84%,2567160.00,China,2025,679916,Technology,EDP Services
MASS,908 Devices Inc. Common Stock,$6.365,0.105,1.677%,230368305.00,United States,2020,302777,Industrials,Industrial Machinery/Components
MAT,Mattel Inc. Common Stock,$16.01,0.11,0.692%,4838222000.00,United States,,4004547,Consumer Discretionary,Recreational Games/Products/Toys
MATH,Metalpha Technology Holding Limited Ordinary Shares,$1.17,-0.03,-2.50%,50786273.00,China,2017,12242,Finance,Finance/Investors Services
MATV,Mativ Holdings Inc. Common Stock,$9.26,-0.12,-1.279%,507235409.00,United States,,429005,Basic Materials,Paper
MATW,Matthews International Corporation Class A Common Stock,$26.02,0.37,1.442%,809900628.00,United States,1994,196910,Telecommunications,Metal Fabrications
MATX,Matson Inc. Common Stock,$153.42,0.43,0.281%,4669998940.00,United States,,393898,Consumer Discretionary,Marine Transportation
MAX,MediaAlpha Inc. Class A Common Stock,$9.98,-0.14,-1.383%,643666837.00,United States,2020,817557,Real Estate,Real Estate
MAXN,Maxeon Solar Technologies Ltd. Ordinary Shares,$2.39,0.12,5.286%,40383182.00,Singapore,,192443,Technology,Semiconductors
MAYS,J. W. Mays Inc. Common Stock,$47.005,2.005,4.456%,94751739.00,United States,,6215,Real Estate,Building operators
MAZE,Maze Therapeutics Inc. Common Stock,$45.06,0.23,0.513%,2168262147.00,United States,2025,495538,Health Care,Biotechnology: Biological Products (No Diagnostic Substances)
MB,MasterBeef Group Ordinary Shares,$5.85,-0.05,-0.847%,99450000.00,Hong Kong,2025,137885,Consumer Discretionary,Restaurants
MBAI,Check-Cap Ltd. Ordinary Share,$1.92,0.14,7.865%,13993649.00,Israel,2015,86080,Health Care,Medical Electronics
MBAV,M3-Brigade Acquisition V Corp. Class A Ordinary shares,$10.74,0.04,0.374%,0.00,United States,2024,87266,,
MBAVW,M3-Brigade Acquisition V Corp. Warrant,$0.6651,-0.005,-0.746%,0.00,United States,2024,1200,Finance,Blank Checks
MBBC,Marathon Bancorp Inc. Common Stock,$13.87,-0.13,-0.929%,40758659.00,United States,,2685,Finance,Banks
MBC,MasterBrand Inc. Common Stock,$8.57,-0.38,-4.246%,1092995244.00,United States,2022,3876204,Consumer Discretionary,Home Furnishings
MBI,MBIA Inc. Common Stock,$6.29,-0.27,-4.116%,317715127.00,United States,1987,293036,Finance,Property-Casualty Insurers
MBIN,Merchants Bancorp Common Stock,$41.91,0.38,0.915%,1926270144.00,United States,2017,299601,Finance,Major Banks
MBINL,Merchants Bancorp Depositary Shares Each Representing a 1/40thInterest in a Share of 7.25% Fixed Rate Series E Non-CumulativePerpetual Preferred Stock without par value,$24.58,-0.22,-0.887%,1129747558.00,United States,,29007,Finance,Major Banks
MBINM,Merchants Bancorp Depositary Shares Each Representing a 1/40th Interest in a Share of 8.25% Fixed-Rate Reset Series D Non-Cumulative Perpetual Preferred Stock,$25.59,-0.03,-0.117%,1176169243.00,United States,,11529,Finance,Major Banks
MBINN,Merchants Bancorp Depositary Shares Preferred Series C,$20.52,0.31,1.534%,943141574.00,United States,,16174,Finance,Major Banks
MBIO,Mustang Bio Inc. Common Stock,$0.9191,0.0228,2.544%,6708590.00,United States,,21478,Health Care,Biotechnology: Pharmaceutical Preparations
MBLY,Mobileye Global Inc. Class A Common Stock,$8.03,0.02,0.25%,6756293557.00,Israel,2022,5248763,Technology,Computer Software: Prepackaged Software
MBNKO,Medallion Bank Fixed-Rate Reset Non-Cumulative Perpetual Preferred Stock Series G par value $1.00 per share,$25.6424,-0.1576,-0.611%,25642400.00,United States,,4722,Finance,Commercial Banks
MBOT,Microbot Medical Inc. Common Stock,$2.45,0.07,2.941%,164537208.00,Israel,,1225833,Health Care,Biotechnology: Biological Products (No Diagnostic Substances)
MBRX,Moleculin Biotech Inc. Common Stock,$1.96,-0.12,-5.769%,9668896.00,United States,2016,458137,Health Care,Biotechnology: Pharmaceutical Preparations
MBUU,Malibu Boats Inc. Class A Common Stock,$25.67,-0.10,-0.388%,477527073.00,United States,2014,415057,Industrials,Marine Transportation
MBVI,M3-Brigade Acquisition VI Corp. Class A Ordinary Shares,$10.04,-0.02,-0.199%,0.00,United States,2025,1910,,
MBVIU,M3-Brigade Acquisition VI Corp. Units,$10.14,-0.01,-0.099%,0.00,United States,2025,10673,Finance,Blank Checks
MBVIW,M3-Brigade Acquisition VI Corp. Warrant,$0.36,-0.0356,-8.999%,0.00,United States,2025,614,,
MBWM,Mercantile Bank Corporation Common Stock,$50.11,-0.215,-0.427%,865548076.00,United States,1998,105913,Finance,Major Banks
MBX,MBX Biosciences Inc. Common Stock,$27.94,-2.61,-8.543%,1254570318.00,United States,2024,824293,Health Care,Biotechnology: Pharmaceutical Preparations
MC,Moelis & Company Class A Common Stock,$54.52,-1.63,-2.903%,4232207848.00,United States,2014,2027129,Finance,Investment Managers
MCB,Metropolitan Bank Holding Corp. Common Stock,$79.18,-0.18,-0.227%,800994144.00,United States,2017,181485,Finance,Major Banks
MCBS,MetroCity Bankshares Inc. Common Stock,$28.20,-0.14,-0.494%,812675552.00,United States,2019,150751,Finance,Major Banks
MCD,McDonald's Corporation Common Stock,$330.80,2.74,0.835%,234999870774.00,United States,,3406967,Consumer Discretionary,Restaurants
MCFT,MasterCraft Boat Holdings Inc. Common Stock,$19.38,-0.35,-1.774%,315601440.00,United States,2015,219194,Industrials,Marine Transportation
MCGA,Yorkville Acquisition Corp. Class A Ordinary Share,$10.12,-0.03,-0.296%,0.00,United States,2025,36608,Utilities,Electric Utilities: Central
MCGAU,Yorkville Acquisition Corp. Unit,$10.20,-0.09,-0.875%,0.00,United States,2025,15337,Finance,Blank Checks
MCGAW,Yorkville Acquisition Corp. Warrant,$0.3999,-0.0501,-11.133%,0.00,United States,2025,42821,,
MCHB,Mechanics Bancorp Class A Common Stock,$14.20,-0.20,-1.389%,3141233830.00,United States,2012,284959,Finance,Major Banks
MCHP,Microchip Technology Incorporated Common Stock,$65.00,0.23,0.355%,35173804770.00,United States,1993,12951553,Technology,Semiconductors
MCHPP,Microchip Technology Incorporated Depositary Shares Each Representing a 1/20th Interest in a Share of 7.50% Series A Mandatory Convertible Preferred Stock,$57.52,0.06,0.104%,31126111544.00,United States,,792905,Technology,Semiconductors
MCHX,Marchex Inc. Class B Common Stock,$1.42,0.00,0.00%,62346891.00,United States,2004,2972,Technology,Computer Software: Prepackaged Software
MCI,Barings Corporate Investors Common Stock,$20.06,-0.23,-1.134%,406450083.00,United States,,14368,Finance,Trusts Except Educational Religious and Charitable
MCK,McKesson Corporation Common Stock,$942.16,22.90,2.491%,115402781545.00,United States,,765709,Health Care,Other Pharmaceuticals
MCN,XAI Madison Equity Premium Income Fund Common Shares,$5.95,-0.04,-0.668%,0.00,United States,2004,83960,,
MCO,Moody's Corporation Common Stock,$462.69,-9.28,-1.966%,82360612924.00,United States,,1297860,Finance,Finance: Consumer Services
MCR,MFS Charter Income Trust Common Stock,$6.10,-0.03,-0.489%,268451118.00,United States,1989,100641,Finance,Trusts Except Educational Religious and Charitable
MCRB,Seres Therapeutics Inc. Common Stock,$9.32,0.19,2.081%,84313557.00,United States,2015,60334,Health Care,Biotechnology: Pharmaceutical Preparations
MCRI,Monarch Casino & Resort Inc. Common Stock,$97.73,-0.81,-0.822%,1748010508.00,United States,1993,125889,Consumer Discretionary,Hotels/Resorts
MCRP,Micropolis AI Robotics Ordinary Shares,$4.11,-0.29,-6.591%,143391517.00,,2025,146361,Consumer Discretionary,Auto Parts:O.E.M.
MCS,Marcus Corporation (The) Common Stock,$16.77,-0.59,-3.399%,516120194.00,United States,,139552,Consumer Discretionary,Movies/Entertainment
MCW,Mister Car Wash Inc. Common Stock,$7.03,0.04,0.572%,2309207827.00,United States,,1839847,Consumer Discretionary,Automotive Aftermarket
MCY,Mercury General Corporation Common Stock,$89.69,-0.79,-0.873%,4967805956.00,United States,,287052,Finance,Property-Casualty Insurers
MD,Pediatrix Medical Group Inc. Common Stock,$20.10,0.35,1.772%,1668321547.00,United States,,1098909,Health Care,Hospital/Nursing Management
MDAI,Spectral AI Inc. Class A Common Stock,$1.41,0.01,0.714%,43271342.00,United States,2021,249528,Health Care,Medical/Dental Instruments
MDAIW,Spectral AI Inc. Warrants,$0.44,0.025,6.024%,13503114.00,United States,2021,49886,Health Care,Medical/Dental Instruments
MDB,MongoDB Inc. Class A Common Stock,$271.74,1.27,0.47%,22117396862.00,United States,2017,1655160,Technology,Computer Software: Prepackaged Software
MDBH,MDB Capital Holdings LLC Class A common,$3.0166,-0.0457,-1.492%,30674695.00,United States,2023,5005,Finance,Finance: Consumer Services
MDCX,Medicus Pharma Ltd. Common Stock  ,$0.52,0.1327,34.263%,10904983.00,Canada,,123768993,,
MDCXW,Medicus Pharma Ltd. Warrant,$0.6795,0.0929,15.837%,14249877.00,Canada,,1820,,
MDGL,Madrigal Pharmaceuticals Inc. Common Stock,$433.20,0.37,0.085%,9937594571.00,United States,2007,288916,Health Care,Biotechnology: Pharmaceutical Preparations
MDIA,Mediaco Holding Inc. Class A Common Stock ,$0.644,-0.006,-0.923%,52710424.00,United States,,2353,Consumer Discretionary,Broadcasting
MDLN,Medline Inc. Class A Common Stock,$43.41,-0.42,-0.958%,57027431015.00,United States,2025,7814691,Health Care,Medical/Dental Instruments
MDLZ,Mondelez International Inc. Class A Common Stock,$58.17,-0.23,-0.394%,74564962566.00,United States,,10735849,Consumer Staples,Packaged Foods
MDRR,Medalist Diversified Inc. Common Stock,$11.24,-0.175,-1.533%,16056340.00,United States,2018,712,Real Estate,Real Estate Investment Trusts
MDT,Medtronic plc. Ordinary Shares,$91.34,0.44,0.484%,117270052612.00,United States,,11111071,Health Care,Biotechnology: Electromedical & Electrotherapeutic Apparatus
MDU,MDU Resources Group Inc. Common Stock (Holding Company),$21.34,0.37,1.764%,4361529400.00,United States,,2067269,Industrials,Mining & Quarrying of Nonmetallic Minerals (No Fuels)
MDV,Modiv Industrial Inc. Class C Common Stock,$15.05,0.12,0.804%,154638705.00,,2022,59756,Real Estate,Real Estate Investment Trusts
MDV^A,Modiv Industrial Inc. 7.375% Series A Cumulative Redeemable Perpetual Preferred Stock,$24.64,-0.24,-0.965%,,,,4485,,
MDWD,MediWound Ltd. Ordinary Shares,$17.49,0.46,2.701%,224670663.00,Israel,2014,168368,Health Care, Medicinal Chemicals and Botanical Products 
MDXG,MiMedx Group Inc Common Stock,$4.51,0.01,0.222%,670035303.00,United States,,1234011,Health Care,Biotechnology: Pharmaceutical Preparations
MDXH,MDxHealth SA Ordinary Shares,$3.38,0.11,3.364%,173612078.00,Belgium,2021,86837,Health Care,Medical Specialities
MEC,Mayville Engineering Company Inc. Common Stock,$18.84,-0.34,-1.773%,382798091.00,United States,2019,142600,Industrials,Industrial Specialties
MED,MEDIFAST INC Common Stock,$10.67,-0.10,-0.929%,117276883.00,United States,,301705,Consumer Staples,Packaged Foods
MEDP,Medpace Holdings Inc. Common Stock,$478.54,7.95,1.689%,13581579167.00,United States,2016,312827,Health Care,Biotechnology: Commercial Physical & Biological Resarch
MEG,Montrose Environmental Group Inc. Common Stock,$27.19,0.19,0.704%,978313874.00,United States,2020,540059,Consumer Discretionary,Professional Services
MEGI,NYLI CBRE Global Infrastructure Megatrends Term Fund Common Shares,$14.86,-0.10,-0.668%,0.00,United States,2021,157186,Finance,Investment Managers
MEGL,Magic Empire Global Limited Class A Ordinary Shares,$1.08,0.00,0.00%,5469174.00,Hong Kong,2022,15207,Finance,Finance: Consumer Services
MEHA,Functional Brands Inc. Common Stock,$0.195,0.004,2.094%,3183087.00,United States,,427473,Health Care, Medicinal Chemicals and Botanical Products 
MEI,Methode Electronics Inc. Common Stock,$5.66,-1.00,-15.015%,200536183.00,United States,,1021162,Technology,Electrical Products
MELI,MercadoLibre Inc. Common Stock,$1769.52,-18.34,-1.026%,89709677493.00,Argentina,2007,600889,Real Estate,Real Estate
MENS,Jyong Biotech Ltd. Ordinary Shares,$2.35,0.19,8.796%,178665017.00,Taiwan,2025,191085,Health Care,Biotechnology: Pharmaceutical Preparations
MEOH,Methanex Corporation Common Stock,$53.01,3.18,6.382%,4099767955.00,Canada,,2271871,Industrials,Major Chemicals
MER^K,Bank of America Corporation Income Capital Obligation Notes initially due December 15 2066,$25.82,-0.04,-0.155%,,United States,,20012,,
MERC,Mercer International Inc. Common Stock,$1.65,-0.03,-1.786%,110521135.00,Canada,,458164,Basic Materials,Paper
MESH,Meshflow Acquisition Corp. Class A Ordinary Shares,$9.88,0.00,0.00%,0.00,United States,2026,2321,,
MESHU,Meshflow Acquisition Corp. Units,$9.96,-0.01,-0.10%,0.00,United States,2025,122,,
MESO,Mesoblast Limited American Depositary Shares,$15.43,-0.42,-2.65%,1991707779.00,Australia,2015,204135,Health Care,Biotechnology: Biological Products (No Diagnostic Substances)
MET,MetLife Inc. Common Stock,$70.77,-1.06,-1.476%,46145852168.00,United States,2000,5285398,Finance,Life Insurance
MET^A,MetLife Inc. Preferred Series A Floating Rate,$21.48,-0.26,-1.196%,,United States,,376124,,
MET^E,MetLife Inc. Depositary Shares ,$23.63,-0.13,-0.547%,,United States,,73808,,
MET^F,MetLife Inc. Depositary Shares each representing a 1/1000th interest in a share of 4.75% Non-Cumulative Preferred Stock Series F,$19.25,-0.04,-0.207%,,United States,,106992,,
META,Meta Platforms Inc. Class A Common Stock,$647.39,2.53,0.392%,1637608911839.00,United States,2012,13463501,Technology,Computer Software: Programming Data Processing
METC,Ramaco Resources Inc. Class A Common Stock,$14.18,0.16,1.141%,951751745.00,United States,2017,1401788,Energy,Coal Mining
METCB,Ramaco Resources Inc. Class B Common Stock,$11.82,-0.13,-1.088%,793350185.00,United States,,16610,Energy,Coal Mining
METCI,Ramaco Resources Inc. 8.250% Senior Notes due 2030,$25.215,0.0036,0.014%,0.00,United States,,2270,,
METCZ,Ramaco Resources Inc. 8.375% Senior Notes due 2029,$25.45,-0.10,-0.391%,0.00,United States,,9163,Energy,Coal Mining
MEVO,M Evo Global Acquisition Corp II Class A Ordinary Shares,$9.86,0.00,0.00%,0.00,United States,2026,38610,Finance,Blank Checks
MEVOU,M Evo Global Acquisition Corp II Units,$10.10,0.07,0.698%,0.00,United States,2026,48570,Finance,Blank Checks
MEVOW,M Evo Global Acquisition Corp II Warrants,$0.3499,-0.0001,-0.029%,0.00,United States,2026,10550,Finance,Blank Checks
MFA,MFA Financial Inc.,$10.11,0.01,0.099%,1032168945.00,United States,,1590812,Real Estate,Real Estate Investment Trusts
MFA^B,MFA Financial Inc. Preferred Series B,$20.34,-0.34,-1.644%,,United States,,18884,,
MFA^C,MFA Financial Inc. 6.50% Series C Fixed-to-Floating Rate Cumulative Redeemable Preferred Stock,$22.92,-0.14,-0.607%,,United States,,22774,,
MFAN,MFA Financial Inc. 8.875% Senior Notes due 2029,$25.15,-0.02,-0.079%,2582117855.00,United States,2024,48699,Real Estate,Real Estate Investment Trusts
MFAO,MFA Financial Inc. 9.000% Senior Notes due 2029,$25.23,-0.09,-0.355%,2590331351.00,United States,2024,4282,Real Estate,Real Estate Investment Trusts
MFC,Manulife Financial Corporation Common Stock,$33.40,-0.28,-0.831%,56003217636.00,Canada,,3195611,Finance,Life Insurance
MFG,Mizuho Financial Group Inc. Sponosred ADR (Japan),$8.11,0.05,0.62%,101895930847.00,Japan,,6330148,Finance,Major Banks
MFI,mF International Limited Class A Ordinary Shares,$11.96,-0.1401,-1.158%,600110450.00,Hong Kong,2024,14126,Technology,EDP Services
MFIC,MidCap Financial Investment Corporation Common Stock,$10.31,-0.09,-0.865%,950704369.00,United States,2004,1787143,Finance,Finance/Investors Services
MFICL,MidCap Financial Investment Corporation 8.00% Notes due 2028,$25.07,0.02,0.08%,2339121804.00,United States,,7775,Finance,Finance/Investors Services
MFIN,Medallion Financial Corp. Common Stock,$9.49,-0.34,-3.459%,220921838.00,United States,,85118,Finance,Finance: Consumer Services
MFM,MFS Municipal Income Trust Common Stock,$5.47,-0.02,-0.364%,225296342.00,United States,1986,41254,Finance,Finance Companies
MG,Mistras Group Inc Common Stock,$14.17,-0.65,-4.386%,447037328.00,United States,2009,282020,Consumer Discretionary,Military/Government/Technical
MGA,Magna International Inc. Common Stock,$57.81,-1.04,-1.767%,16291682197.00,Canada,,2430381,Consumer Discretionary,Auto Parts:O.E.M.
MGEE,MGE Energy Inc,$78.00,-1.85,-2.317%,2851984122.00,United States,,199896,Energy,Electric Utilities: Central
MGF,MFS Government Markets Income Trust Common Stock,$2.94,-0.03,-1.01%,95836335.00,United States,1987,280956,Finance,Trusts Except Educational Religious and Charitable
MGIH,Millennium Group International Holdings Limited Ordinary Shares,$1.42,0.0099,0.702%,15975000.00,Hong Kong,2023,2434,Consumer Discretionary,Publishing
MGLD,The Marygold Companies Inc. Common Stock,$1.07,0.00,0.00%,45807997.00,,2022,24100,Finance,Finance: Consumer Services
MGM,MGM Resorts International Common Stock,$35.64,0.07,0.197%,9117728417.00,United States,,7073014,Consumer Discretionary,Hotels/Resorts
MGN,Megan Holdings Limited Class A Ordinary Shares,$2.65,-0.33,-11.074%,43062500.00,Malaysia,2025,3200448,Consumer Staples,Farming/Seeds/Milling
MGNI,Magnite Inc. Common Stock,$13.53,-0.47,-3.357%,1953249858.00,United States,,1473097,Technology,Computer Software: Programming Data Processing
MGNX,MacroGenics Inc. Common Stock,$2.36,0.13,5.83%,149290136.00,United States,2013,1071047,Health Care,Biotechnology: Pharmaceutical Preparations
MGPI,MGP Ingredients Inc.,$18.29,-0.34,-1.825%,390733385.00,United States,,480364,Consumer Staples,Beverages (Production/Distribution)
MGR,Affiliated Managers Group Inc. 5.875% Junior Subordinated Notes due 2059,$20.61,-0.105,-0.507%,585572618.00,United States,2019,39046,Finance,Investment Managers
MGRB,Affiliated Managers Group Inc. 4.750% Junior Subordinated Notes due 2060,$17.10,-0.23,-1.327%,485846277.00,United States,2020,26532,Finance,Investment Managers
MGRC,McGrath RentCorp Common Stock,$105.34,-2.47,-2.291%,2592591948.00,United States,1984,164199,Consumer Discretionary,Diversified Commercial Services
MGRD,Affiliated Managers Group Inc. 4.200% Junior Subordinated Notes due 2061,$15.27,-0.14,-0.909%,433852202.00,United States,2021,13680,Finance,Investment Managers
MGRE,Affiliated Managers Group Inc. 6.750% Junior Subordinated Notes due 2064,$23.84,-0.35,-1.447%,677343582.00,United States,2024,81994,Finance,Investment Managers
MGRT,Mega Fortune Company Limited Ordinary Shares,$8.30,-0.19,-2.238%,114125000.00,Hong Kong,2025,12864,Technology,EDP Services
MGRX,Mangoceuticals Inc. Common Stock,$0.3468,-0.0262,-7.024%,5648955.00,United States,2023,7726049,Health Care,Misc Health and Biotechnology Services
MGTX,MeiraGTx Holdings plc Ordinary Shares,$7.37,0.37,5.286%,593217852.00,United States,2018,461900,Health Care,Biotechnology: Biological Products (No Diagnostic Substances)
MGX,Metagenomi Therapeutics Inc. Common Stock,$1.60,0.12,8.108%,60192848.00,United States,2024,329058,Health Care,Biotechnology: Biological Products (No Diagnostic Substances)
MGY,Magnolia Oil & Gas Corporation Class A Common Stock,$29.06,-0.16,-0.548%,5416955599.00,United States,2017,5807204,Energy,Oil & Gas Production
MGYR,Magyar Bancorp Inc. Common Stock,$17.28,-0.24,-1.37%,111939684.00,United States,2006,5135,Finance,Savings Institutions
MH,McGraw Hill Inc. Common Stock,$13.91,-0.28,-1.973%,2656831129.00,,2025,420651,Consumer Discretionary,Publishing
MHD,Blackrock MuniHoldings Fund Inc. Common Stock,$11.78,-0.07,-0.591%,1752421908.00,United States,1997,239081,Finance,Investment Bankers/Brokers/Service
MHF,Western Asset Municipal High Income Fund Inc. Common Stock,$6.945,0.005,0.072%,0.00,United States,1988,42918,Finance,Finance/Investors Services
MHH,Mastech Digital Inc Common Stock,$6.575,-0.085,-1.276%,76909951.00,United States,,9299,Consumer Discretionary,Professional Services
MHK,Mohawk Industries Inc. Common Stock,$107.85,0.48,0.447%,6628499610.00,United States,,1954047,Consumer Discretionary,Home Furnishings
MHLA,Maiden Holdings Ltd. 6.625% Notes due 2046,$12.06,-0.21,-1.711%,93367833.00,Bermuda,2016,3581,Finance,Property-Casualty Insurers
MHNC,Maiden Holdings North America Ltd. 7.75% Notes due 2043,$14.47,-0.24,-1.632%,112025915.00,Bermuda,2013,8197,Finance,Property-Casualty Insurers
MHO,M/I Homes Inc. Common Stock,$133.94,-1.68,-1.239%,3451326943.00,United States,1993,347890,Consumer Discretionary,Homebuilding
MI,NFT Limited Class A Ordinary Share,$4.17,-0.295,-6.607%,59707770.00,,2023,3977,Consumer Discretionary,Other Specialty Stores
MIAX,Miami International Holdings Inc. Common Stock,$41.19,0.21,0.512%,3519354991.00,,2025,1360780,Finance,Investment Bankers/Brokers/Service
MICC,The Magnum Ice Cream Company N.V. Ordinary Shares,$15.28,0.00,0.00%,9355328812.00,,2025,1446892,Consumer Staples,Specialty Foods
MIDD,Middleby Corporation (The) Common Stock,$149.88,-0.90,-0.597%,7071490828.00,United States,,691083,Industrials,Industrial Machinery/Components
MIGI,Mawson Infrastructure Group Inc. Common Stock,$2.75,-0.03,-1.079%,3143962.00,Australia,,103619,Finance,Finance: Consumer Services
MIMI,Mint Incorporation Limited Class A Ordinary Shares,$0.3025,-0.0169,-5.291%,7566281.00,Hong Kong,2025,128204,Real Estate,Real Estate
MIN,MFS Intermediate Income Trust Common Stock,$2.51,-0.02,-0.791%,288393405.00,United States,1988,299766,Finance,Trusts Except Educational Religious and Charitable
MIND,MIND Technology Inc. Common Stock (DE),$7.925,0.135,1.733%,71626800.00,United States,1994,229943,Industrials,Industrial Machinery/Components
MINE,Mayfair Gold Corp. Common Shares,$3.69,0.06,1.653%,246483126.00,,2026,16621,Energy,Oil & Gas Production
MIR,Mirion Technologies Inc. Class A Common Stock,$21.42,0.88,4.284%,5366402873.00,United States,2020,5235206,Industrials,Industrial Machinery/Components
MIRA,MIRA Pharmaceuticals Inc. Common Stock,$1.16,0.00,0.00%,48576261.00,United States,2023,163915,Health Care,Biotechnology: Pharmaceutical Preparations
MIRM,Mirum Pharmaceuticals Inc. Common Stock,$88.78,2.48,2.874%,5357128757.00,United States,2019,1099319,Health Care,Biotechnology: Pharmaceutical Preparations
MIST,Milestone Pharmaceuticals Inc. Common Shares,$1.67,0.09,5.696%,142232804.00,Canada,2019,2004760,Health Care,Biotechnology: Pharmaceutical Preparations
MITK,Mitek Systems Inc. Common Stock,$14.88,0.23,1.57%,674306380.00,United States,,1071849,Technology,Computer peripheral equipment
MITN,TPG Mortgage Investment Trust Inc. 9.500% Senior Notes due 2029,$25.3101,-0.0199,-0.079%,746470374.00,United States,2024,8818,Real Estate,Real Estate Investment Trusts
MITP,TPG Mortgage Investment Trust Inc. 9.500% Senior Notes due 2029,$25.39,0.09,0.356%,748826864.00,United States,2024,15428,Real Estate,Real Estate Investment Trusts
MITQ,Moving iMage Technologies Inc. Common Stock,$0.5737,-0.0163,-2.763%,5705512.00,United States,2021,24061,Consumer Discretionary,Industrial Machinery/Components
MITT,TPG Mortgage Investment Trust Inc. Common Stock,$7.77,-0.12,-1.521%,246584501.00,United States,2011,498491,Real Estate,Real Estate Investment Trusts
MITT^A,TPG Mortgage Investment Trust Inc. 8.25% Series A Cumulative Redeemable Preferred Stock,$22.90,-0.04,-0.174%,,United States,,2056,,
MITT^B,TPG Mortgage Investment Trust Inc. 8.00% Series B Cumulative Redeemable Preferred Stock,$22.53,-0.044,-0.195%,,United States,,828,,
MITT^C,TPG Mortgage Investment Trust Inc. 8.00% Series C Fixed-to-Floating Rate Cumulative Redeemable Preferred Stock $0.01 par value per share,$24.9166,-0.1834,-0.731%,,United States,,21893,,
MIY,Blackrock MuniYield Michigan Quality Fund Inc. Common Stock,$12.62,-0.08,-0.63%,1877382384.00,United States,1992,59350,Finance,Investment Bankers/Brokers/Service
MKC,McCormick & Company Incorporated Common Stock,$64.18,-0.67,-1.033%,17228366179.00,United States,,2059941,Consumer Staples,Packaged Foods
MKDW,MKDWELL Tech Inc. Ordinary Share,$2.07,-0.27,-11.538%,7345813.00,Taiwan,,5357,Technology,Consumer Electronics/Appliances
MKL,Markel Group Inc. Common Stock,$1961.70,-20.97,-1.058%,24669801694.00,United States,1986,58745,Finance,Property-Casualty Insurers
MKLY,McKinley Acquisition Corporation Class A Ordinary Shares,$10.02,-0.01,-0.10%,0.00,United States,2025,26698,,
MKLYR,McKinley Acquisition Corporation Rights,$0.1103,-0.0371,-25.17%,0.00,United States,2025,32293,,
MKLYU,McKinley Acquisition Corporation Units,$10.12,-0.03,-0.296%,0.00,United States,2025,25380,Finance,Blank Checks
MKSI,MKS Inc. Common Stock,$218.36,8.36,3.981%,14684351235.00,United States,1999,2051502,Industrials,Industrial Machinery/Components
MKTW,MarketWise Inc. Class A Common Stock,$15.84,1.00,6.739%,253903811.00,United States,,36977,Technology,Computer Software: Prepackaged Software
MKTX,MarketAxess Holdings Inc. Common Stock,$185.12,-0.99,-0.532%,6580694817.00,United States,2004,740122,Finance,Investment Bankers/Brokers/Service
MKZR,MacKenzie Realty Capital Inc. Common Stock,$3.68,0.03,0.822%,7236352.00,United States,,26223,Real Estate,Real Estate Investment Trusts
MLAAU,Mountain Lake Acquisition Corp. II Units,$9.94,-0.01,-0.101%,0.00,United States,2026,3410,Finance,Blank Checks
MLAB,Mesa Laboratories Inc. Common Stock,$87.69,0.62,0.712%,484470852.00,United States,,110279,Industrials,Industrial Machinery/Components
MLAC,Mountain Lake Acquisition Corp. Class A Ordinary Shares,$10.51,0.00,0.00%,0.00,United States,2025,6488,Industrials,Auto Manufacturing
MLCI,Mount Logan Capital Inc. Common Stock,$5.32,0.32,6.40%,68025733.00,United States,,97658,Finance,Investment Managers
MLCIL,Mount Logan Capital Inc. 8.00% Notes Due 2031,$23.135,0.135,0.587%,0.00,United States,,32353,Finance,Investment Managers
MLCO,Melco Resorts & Entertainment Limited American Depositary Shares,$5.66,0.08,1.434%,2408406189.00,Hong Kong,2006,1249678,Consumer Discretionary,Hotels/Resorts
MLEC,Moolec Science SA Ordinary Shares,$8.97,-0.38,-4.064%,6513278.00,Luxembourg,,160937,Finance,Blank Checks
MLECW,Moolec Science SA Warrant,$0.028,-0.007,-20.00%,20331.00,Luxembourg,,326331,Finance,Blank Checks
MLGO,MicroAlgo Inc. Class A Ordinary Shares,$3.69,-0.03,-0.806%,45894401.00,United States,2021,109418,Technology,EDP Services
MLI,Mueller Industries Inc. Common Stock,$114.47,-0.15,-0.131%,12702082734.00,United States,,728340,Industrials,Metal Fabrications
MLKN,MillerKnoll Inc. Common Stock,$19.11,-0.60,-3.044%,1309317331.00,United States,,481306,Consumer Discretionary,Office Equipment/Supplies/Services
MLM,Martin Marietta Materials Inc. Common Stock,$612.52,2.53,0.415%,36942334416.00,United States,1994,668310,Industrials,Mining & Quarrying of Nonmetallic Minerals (No Fuels)
MLP,Maui Land & Pineapple Company Inc. Common Stock,$16.16,-0.29,-1.763%,319026017.00,United States,1998,19831,Finance,Real Estate
MLR,Miller Industries Inc. Common Stock,$44.98,-0.98,-2.132%,511500415.00,United States,,121800,Consumer Discretionary,Construction/Ag Equipment/Trucks
MLSS,Milestone Scientific Inc. Common Stock,$0.2812,0.0003,0.107%,22110450.00,United States,2015,16802,Health Care,Industrial Specialties
MLTX,MoonLake Immunotherapeutics Class A Ordinary Shares,$18.32,0.17,0.937%,1323694251.00,United States,2020,925219,Health Care,Biotechnology: Pharmaceutical Preparations
MLYS,Mineralys Therapeutics Inc. Common Stock,$27.24,0.65,2.445%,2155772401.00,United States,2023,863041,Health Care,Biotechnology: Pharmaceutical Preparations
MMA,Mixed Martial Arts Group Limited Ordinary Shares,$0.447,0.0128,2.948%,13907114.00,,2024,626353,Consumer Discretionary,Other Consumer Services
MMD,NYLI MacKay DefinedTerm Muni Opportunities Fund Common Shares,$15.20,-0.14,-0.913%,0.00,United States,2012,39636,Finance,Investment Managers
MMED,MiniMed Group Inc. Common Stock,$18.00,-0.49,-2.65%,5054640264.00,United States,2026,1945257,Health Care,Medical/Dental Instruments
MMI,Marcus & Millichap Inc. Common Stock,$26.78,0.13,0.488%,1023918999.00,United States,2013,294816,Finance,Real Estate
MMLP,Martin Midstream Partners L.P. Limited Partnership,$2.87,-0.09,-3.041%,112088097.00,United States,2002,88711,Energy,Oil Refining/Marketing
MMM,3M Company Common Stock,$151.63,-1.78,-1.16%,79863521000.00,United States,,6233828,Health Care,Medical/Dental Instruments
MMS,Maximus Inc. Common Stock,$77.28,-0.73,-0.936%,4215513953.00,United States,1997,691953,Real Estate,Real Estate
MMSI,Merit Medical Systems Inc. Common Stock,$71.88,-0.78,-1.073%,4271967200.00,United States,,1189700,Health Care,Medical/Dental Instruments
MMT,MFS Multimarket Income Trust Common Stock,$4.59,-0.03,-0.649%,273326720.00,United States,1987,61000,Finance,Trusts Except Educational Religious and Charitable
MMTX,Miluna Acquisition Corp Class A Ordinary Share,$9.98,-0.015,-0.15%,0.00,Taiwan,2025,485,Finance,Blank Checks
MMU,Western Asset Managed Municipals Fund Inc. Common Stock,$10.45,-0.04,-0.381%,0.00,United States,1992,64824,Finance,Investment Managers
MMYT,MakeMyTrip Limited Ordinary Shares,$50.31,-1.81,-3.473%,5597612501.00,India,2010,1370265,Consumer Discretionary,Transportation Services
MNDO,MIND C.T.I. Ltd. Ordinary Shares,$1.24,-0.01,-0.80%,25254244.00,Israel,,28733,Technology,EDP Services
MNDR,Mobile-health Network Solutions Class A Ordinary Shares,$0.89,-0.0286,-3.113%,1271623.00,Singapore,2024,37028,Technology,Computer Software: Prepackaged Software
MNDY,monday.com Ltd. Ordinary Shares,$81.06,2.36,2.999%,4115686697.00,Israel,2021,2288323,Technology,Computer Software: Prepackaged Software
MNKD,MannKind Corporation Common Stock,$2.68,0.07,2.682%,825709160.00,United States,2004,6614668,Health Care,Biotechnology: Pharmaceutical Preparations
MNOV,Medicinova Inc Common Stock,$1.38,0.02,1.471%,67821819.00,United States,,73878,Health Care,Biotechnology: Pharmaceutical Preparations
MNPR,Monopar Therapeutics Inc. Common Stock,$58.07,0.46,0.798%,388057653.00,United States,2019,159005,Health Care,Biotechnology: Pharmaceutical Preparations
MNR,Mach Natural Resources LP Common Units representing Limited Partner Interests,$13.26,0.01,0.075%,2233286474.00,United States,2023,378022,Energy,Oil & Gas Production
MNRO,Monro Inc. Common Stock,$17.62,-0.76,-4.135%,528946409.00,United States,1991,956138,Consumer Discretionary,Automotive Aftermarket
MNSB,MainStreet Bancshares Inc. Common Stock,$21.98,-0.13,-0.588%,169368451.00,United States,,103755,Finance,Major Banks
MNSBP,MainStreet Bancshares Inc. Depositary Shares,$24.95,-0.04,-0.16%,192253996.00,United States,,350,Finance,Major Banks
MNSO,MINISO Group Holding Limited American Depositary Shares each representing four Ordinary Shares,$16.98,0.07,0.414%,5305705927.00,China,2020,601640,Consumer Discretionary,Department/Specialty Retail Stores
MNST,Monster Beverage Corporation,$75.725,0.115,0.152%,74079551332.00,United States,,8604898,Consumer Staples,Beverages (Production/Distribution)
MNTK,Montauk Renewables Inc. Common Stock,$1.53,-0.01,-0.649%,217652624.00,United States,2021,190990,Utilities,Natural Gas Distribution
MNTN,MNTN Inc. Class A Common Stock,$10.18,-0.39,-3.69%,752024188.00,United States,2025,717055,Consumer Discretionary,Advertising
MNTS,Momentus Inc. Class A Common Stock,$4.12,-0.02,-0.483%,5756377.00,United States,2019,229689,Industrials,Military/Government/Technical
MNTSW,Momentus Inc. Warrant,$0.013,-0.0002,-1.515%,18163.00,United States,2019,64934,Industrials,Military/Government/Technical
MNY,MoneyHero Limited Class A Ordinary Shares,$1.48,0.05,3.497%,63941966.00,Singapore,,14763,Real Estate,Real Estate
MNYWW,MoneyHero Limited Warrants,$0.0888,0.0112,14.433%,3836518.00,Singapore,,20368,Real Estate,Real Estate
MO,Altria Group Inc.,$67.04,0.53,0.797%,112084047752.00,United States,,9485908,Health Care, Medicinal Chemicals and Botanical Products 
MOB,Mobilicom Limited Ordinary Shares,$5.82,0.12,2.105%,57848874.00,Israel,2022,156508,Industrials,Aerospace
MOBBW,Mobilicom Limited Warrants,$2.16,-0.0002,-0.009%,21469685.00,Israel,2022,3861,Industrials,Aerospace
MOBX,Mobix Labs Inc. Class A Common Stock,$0.8103,-0.2297,-22.087%,83523396.00,United States,2021,80147411,Technology,Semiconductors
MOBXW,Mobix Labs Inc Warrants,$0.1866,-0.1144,-38.007%,19234192.00,United States,2021,115946,Technology,Semiconductors
MOD,Modine Manufacturing Company Common Stock,$201.07,13.78,7.358%,10602661781.00,United States,,1450954,Consumer Discretionary,Auto Parts:O.E.M.
MODD,Modular Medical Inc. Common Stock,$0.1976,-0.0014,-0.704%,15356049.00,United States,,2004331,Health Care,Medical/Dental Instruments
MOGU,MOGU Inc. American Depositary Shares (each  representing 25 Class A Ordinary Shares),$2.17,0.00,0.00%,17736801.00,,2018,6909,Real Estate,Real Estate
MOH,Molina Healthcare Inc Common Stock,$146.03,1.56,1.08%,7520545000.00,United States,2003,1150985,Health Care,Medical Specialities
MOLN,Molecular Partners AG American Depositary Shares,$4.90,-0.1048,-2.094%,197779166.00,Switzerland,2021,2348,Health Care,Biotechnology: Biological Products (No Diagnostic Substances)
MOMO,Hello Group Inc. American Depositary Shares,$6.20,0.04,0.649%,996150702.00,China,2014,682813,Technology,Computer Software: Prepackaged Software
MORN,Morningstar Inc. Common Stock,$191.02,0.87,0.458%,7561289835.00,United States,2005,575727,Finance,Investment Managers
MOS,Mosaic Company (The) Common Stock,$26.92,0.61,2.319%,8547241545.00,United States,,11430454,Industrials,Agricultural Chemicals
MOV,Movado Group Inc. Common Stock,$23.39,-0.23,-0.974%,517806744.00,United States,,121675,Consumer Discretionary,Consumer Specialties
MOVE,Movano Inc. Common Stock,$13.40,-0.10,-0.741%,15301862.00,United States,2021,13856,Health Care,Biotechnology: Electromedical & Electrotherapeutic Apparatus
MP,MP Materials Corp. Common Stock,$60.30,2.07,3.555%,10713347235.00,United States,2020,4685225,Basic Materials,Metal Mining
MPA,Blackrock MuniYield Pennsylvania Quality Fund Common Stock,$11.28,-0.11,-0.966%,0.00,United States,1992,35240,Finance,Finance Companies
MPAA,Motorcar Parts  of America Inc. Common Stock,$10.15,-0.35,-3.333%,194991183.00,United States,,220891,Consumer Discretionary,Auto Parts:O.E.M.
MPB,Mid Penn Bancorp Common Stock,$31.53,0.01,0.032%,726719079.00,United States,,164603,Finance,Major Banks
MPC,Marathon Petroleum Corporation Common Stock,$215.70,-5.58,-2.522%,63575453375.00,United States,,4135628,Energy,Integrated oil Companies
MPLT,MapLight Therapeutics Inc. Common Stock,$19.79,1.28,6.915%,897932323.00,United States,2025,201960,Health Care,Biotechnology: Pharmaceutical Preparations
MPLX,MPLX LP Common Units Representing Limited Partner Interests,$58.19,-0.46,-0.784%,59074740370.00,United States,2012,1830067,Energy,Natural Gas Distribution
MPT,Medical Properties Trust Inc. common stock,$5.51,0.04,0.731%,3293327000.00,United States,,4546762,Real Estate,Real Estate Investment Trusts
MPTI,M-tron Industries Inc. Common Stock,$63.98,0.86,1.362%,187448476.00,United States,2022,40575,Technology,Industrial Machinery/Components
MPU,Mega Matrix Inc. Class A Ordinary Shares,$0.86,-0.03,-3.371%,58321014.00,United States,1998,20006,Consumer Discretionary,Diversified Commercial Services
MPV,Barings Participation Investors Common Stock,$18.48,-0.41,-2.17%,195919416.00,United States,1988,18579,Finance,Finance Companies
MPWR,Monolithic Power Systems Inc. Common Stock,$1062.00,38.84,3.796%,52163316000.00,United States,2004,913333,Technology,Semiconductors
MPX,Marine Products Corporation Common Stock,$7.01,-0.08,-1.128%,247050794.00,United States,2001,48303,Industrials,Marine Transportation
MQ,Marqeta Inc. Class A Common Stock,$4.08,0.06,1.493%,1743024519.00,United States,2021,3296645,Technology,Computer Software: Prepackaged Software
MQY,Blackrock MuniYield Quality Fund Inc. Common Stock,$11.59,-0.06,-0.515%,1724157039.00,United States,1992,369690,Finance,Investment Bankers/Brokers/Service
MRAM,Everspin Technologies Inc. Common Stock,$9.14,0.38,4.338%,211319441.00,United States,2016,604524,Technology,Semiconductors
MRBK,Meridian Corporation Common Stock,$18.98,-0.10,-0.524%,218601315.00,United States,2017,72255,Finance,Major Banks
MRCC,Monroe Capital Corporation Common Stock,$4.19,-0.05,-1.179%,90781965.00,United States,2012,124618,Finance,Investment Managers
MRCY,Mercury Systems Inc Common Stock,$89.36,2.94,3.402%,5362907516.00,United States,1998,418645,Technology,Electrical Products
MRDN,Meridian Holdings Inc. Common Stock,$9.28,-0.35,-3.634%,117309055.00,United States,,23713,Technology,Computer Software: Prepackaged Software
MREO,Mereo BioPharma Group plc American Depositary Shares,$0.3916,-0.0025,-0.634%,60755020.00,United Kingdom,,870444,Health Care,Biotechnology: Pharmaceutical Preparations
MRK,Merck & Company Inc. Common Stock (new),$117.11,1.32,1.14%,289541827471.00,United States,,8319972,Health Care,Biotechnology: Pharmaceutical Preparations
MRKR,Marker Therapeutics Inc. Common Stock,$1.47,0.09,6.522%,24509497.00,United States,,219030,Health Care,Biotechnology: Pharmaceutical Preparations
MRM,MEDIROM Healthcare Technologies Inc. American Depositary Share,$1.30,0.00,0.00%,10272535.00,Japan,2020,17805,Consumer Discretionary,Other Consumer Services
MRNA,Moderna Inc. Common Stock,$55.74,3.22,6.131%,22013923494.00,United States,2018,13824048,Health Care,Biotechnology: Biological Products (No Diagnostic Substances)
MRNO,Murano Global Investments PLC Ordinary Shares,$0.631,0.066,11.681%,50041919.00,Mexico,,107635,Consumer Discretionary,Hotels/Resorts
MRNOW,Murano Global Investments PLC Warrants,$0.0534,-0.0066,-11.00%,4234926.00,Mexico,,3997,Consumer Discretionary,Hotels/Resorts
MRP,Millrose Properties Inc. Class A Common Stock,$29.99,0.22,0.739%,4978444875.00,United States,2025,1418272,Finance,Real Estate
MRSH,Marsh Common Stock,$179.97,-3.11,-1.699%,87127841812.00,United States,,3117246,Finance,Specialty Insurers
MRT,Marti Technologies Inc. Class A Ordinary Shares,$2.17,-0.02,-0.913%,170797391.00,,2021,119982,Consumer Discretionary,Rental/Leasing Companies
MRTN,Marten Transport Ltd. Common Stock,$12.52,-0.01,-0.08%,1020907756.00,United States,1986,658197,Industrials,Trucking Freight/Courier Services
MRVI,Maravai LifeSciences Holdings Inc. Class A Common Stock,$3.63,0.08,2.254%,933154088.00,United States,2020,3029984,Health Care,Biotechnology: Pharmaceutical Preparations
MRVL,Marvell Technology Inc. Common Stock,$92.65,3.08,3.439%,80715450257.00,United States,2000,38819756,Technology,Semiconductors
MRX,Marex Group plc Ordinary Shares,$36.03,0.38,1.066%,2583348190.00,United Kingdom,2024,1375752,Finance,Investment Bankers/Brokers/Service
MS,Morgan Stanley Common Stock,$160.45,0.18,0.112%,254772170053.00,United States,,7464283,Finance,Investment Bankers/Brokers/Service
MS^A,Morgan Stanley Dep Shs repstg 1/1000 Pfd Ser A,$19.83,0.01,0.05%,,United States,,100479,,
MS^E,Morgan Stanley DEPOSITARY SHARES REP 1/1000TH SHARES FIXED/FLTG PREFERRED STOCK SERIES E,$25.505,0.025,0.098%,,United States,,57337,,
MS^F,Morgan Stanley Dep Shs Rpstg 1/1000th Int Prd Ser F Fxd to Flag,$25.35,0.02,0.079%,,United States,,85673,,
MS^I,Morgan Stanley Depository Shares Representing 1/1000th Preferred Series 1 Fixed to Floating Non (Cum),$25.28,-0.01,-0.04%,,United States,,42103,,
MS^K,Morgan Stanley Depositary Shares each representing 1/1000th of a share of Fixed-to-Floating Rate Non-Cumulative Preferred Stock  Series K,$24.63,-0.07,-0.283%,,United States,,52987,,
MS^L,Morgan Stanley Depositary Shares each representing 1/1000th of a share of 4.875% Non-Cumulative Preferred Stock Series L,$20.92,0.04,0.192%,,United States,,74070,,
MS^O,Morgan Stanley Depositary Shares each representing 1/1000th of a share of 4.250% Non-Cumulative Preferred Stock Series O,$17.85,0.05,0.281%,,United States,,113298,,
MS^P,Morgan Stanley Depositary Shares each representing 1/1000th of a share of 6.500% Non-Cumulative Preferred Stock Series P,$25.72,-0.01,-0.039%,,United States,,38068,,
MS^Q,Morgan Stanley Depositary Shares each representing 1/1000th of a share of 6.625% Non-Cumulative Preferred Stock Series Q,$26.14,-0.08,-0.305%,,United States,,77862,,
MSA,MSA Safety Incorporated Common Stock,$184.86,1.43,0.78%,7167895109.00,United States,2000,140229,Health Care,Industrial Specialties
MSAI,MultiSensor AI Holdings Inc. Common Stock,$0.3166,0.0168,5.604%,25370228.00,United States,2021,1090979,Technology,Electronic Components
MSAIW,MultiSensor AI Holdings Inc. Warrant,$0.0469,-0.0001,-0.213%,3758256.00,United States,2021,5448,Technology,Electronic Components
MSB,Mesabi Trust Common Stock,$31.00,1.00,3.333%,406720310.00,United States,,114445,Industrials,Precious Metals
MSBI,Midland States Bancorp Inc. Common Stock,$20.77,-0.44,-2.074%,435953764.00,United States,2016,134546,Finance,Major Banks
MSBIP,Midland States Bancorp Inc. Depositary Shares Each Representing a 1/40th Interest in a Share of 7.750% Fixed-Rate Reset Non-Cumulative Perpetual Preferred Stock Series A,$25.21,-0.09,-0.356%,529147539.00,United States,,3545,Finance,Major Banks
MSC,Studio City International Holdings Limited American depositary shares each representing four  Class A ordinary shares,$2.85,0.00,0.00%,600540928.00,,2018,260,Consumer Discretionary,Hotels/Resorts
MSCI,MSCI Inc. Common Stock,$564.41,-4.83,-0.848%,41469484045.00,United States,,540995,Real Estate,Real Estate
MSD,Morgan Stanley Emerging Markets Debt Fund Inc. Common Stock,$7.50,-0.03,-0.398%,0.00,United States,1993,178368,Finance,Trusts Except Educational Religious and Charitable
MSDL,Morgan Stanley Direct Lending Fund Common Stock,$14.76,0.00,0.00%,0.00,United States,2024,596018,,
MSEX,Middlesex Water Company Common Stock,$54.04,-0.07,-0.129%,1000925259.00,United States,,81969,Utilities,Water Supply
MSFT,Microsoft Corporation Common Stock,$409.41,0.45,0.11%,3040126800005.00,United States,1986,30073740,Technology,Computer Software: Prepackaged Software
MSGE,Madison Square Garden Entertainment Corp. Class A Common Stock,$58.85,0.01,0.017%,2782021876.00,United States,2023,259640,Consumer Discretionary,Services-Misc. Amusement & Recreation
MSGM,Motorsport Games Inc. Class A Common Stock,$4.84,0.21,4.536%,27967698.00,United States,2021,146400,Technology,Computer Software: Prepackaged Software
MSGS,Madison Square Garden Sports Corp. Class A Common Stock (New),$317.47,4.13,1.318%,7641291148.00,United States,2015,183038,Consumer Discretionary,Services-Misc. Amusement & Recreation
MSGY,Masonglory Limited Ordinary Shares,$0.4835,0.0285,6.264%,6769000.00,Hong Kong,2025,385570,,
MSI,Motorola Solutions Inc. Common Stock,$458.03,-2.73,-0.592%,75876751463.00,United States,,1268863,Technology,Radio And Television Broadcasting And Communications Equipment
MSIF,MSC Income Fund Inc. Common Stock,$12.51,-0.11,-0.872%,575791227.00,,2025,335983,Finance,Finance/Investors Services
MSLE,Satellos Bioscience Inc. Common Stock,$11.65,-0.40,-3.32%,180096523.00,Canada,,46220,Health Care,Biotechnology: Pharmaceutical Preparations
MSM,MSC Industrial Direct Company Inc. Common Stock,$90.15,-1.26,-1.378%,5030668126.00,United States,1995,552673,Industrials,Industrial Machinery/Components
MSN,Emerson Radio Corporation Common Stock,$0.3616,0.0106,3.02%,7609023.00,United States,1994,36377,Consumer Staples,Consumer Electronics/Appliances
MSS,Maison Solutions Inc. Class A Common Stock,$0.229,0.013,6.019%,5777590.00,United States,2023,2025918,Consumer Staples,Food Chains
MSTR,Strategy Inc Common Stock Class A,$138.95,5.42,4.059%,46374938777.00,United States,1998,20366164,Technology,Computer Software: Prepackaged Software
MSW,Ming Shing Group Holdings Limited Ordinary Shares,$1.20,0.03,2.564%,15570000.00,Hong Kong,2024,116898,Consumer Discretionary,Engineering & Construction
MT,Arcelor Mittal NY Registry Shares NEW,$55.83,0.43,0.776%,42907957906.00,Luxembourg,,3802172,Industrials,Steel/Iron Ore
MTA,Metalla Royalty & Streaming Ltd. Common Shares,$8.33,-0.08,-0.951%,771036345.00,,,414865,Basic Materials,Precious Metals
MTB,M&T Bank Corporation Common Stock,$208.66,-1.80,-0.855%,31090392582.00,United States,,1137564,Finance,Major Banks
MTB^H,M&T Bank Corporation Perpetual Fixed-to-Floating Rate Non-Cumulative Preferred Stock Series H,$25.00,0.01,0.04%,,United States,,22806,,
MTB^J,M&T Bank Corporation Depositary Shares each representing a 1/400th ownership interest in a share of Perpetual 7.500% Non-Cumulative Preferred Stock Series J,$26.32,-0.09,-0.341%,,United States,,21727,,
MTB^K,M&T Bank Corporation Depositary Shares each representing a 1/400th interest in a share of Perpetual 6.350% Non-Cumulative Preferred Stock Series K,$25.09,-0.10,-0.397%,,United States,,44961,,
MTC,MMTec Inc. Common Shares,$4.805,0.115,2.452%,121022882.00,China,2019,35725,Technology,Computer Software: Prepackaged Software
MTCH,Match Group Inc. Common Stock,$31.11,0.64,2.10%,7237569679.00,United States,,5317933,Technology,Computer Software: Programming Data Processing
MTD,Mettler-Toledo International Inc. Common Stock,$1248.62,38.97,3.222%,25378513655.00,Switzerland,1997,244389,Industrials,Biotechnology: Laboratory Analytical Instruments
MTDR,Matador Resources Company Common Stock,$56.15,-0.17,-0.302%,6976634187.00,United States,2012,3216102,Energy,Oil & Gas Production
MTEK,Maris-Tech Ltd. Ordinary Shares,$1.80,-0.01,-0.552%,14370417.00,Israel,2022,707597,Telecommunications,Telecommunications Equipment
MTEKW,Maris-Tech Ltd. Warrants,$0.239,-0.061,-20.333%,1908072.00,Israel,2022,6295,Telecommunications,Telecommunications Equipment
MTEN,Mingteng International Corporation Inc. Class A Ordinary Shares,$1.66,0.03,1.84%,2028736.00,China,2024,3607554,Industrials,Building Products
MTEX,Mannatech Incorporated Common Stock,$6.50,-0.20,-2.985%,12356045.00,United States,,2949,Health Care, Medicinal Chemicals and Botanical Products 
MTG,MGIC Investment Corporation Common Stock,$26.57,0.05,0.189%,5711310775.00,United States,1991,1775190,Finance,Property-Casualty Insurers
MTH,Meritage Homes Corporation Common Stock,$68.03,0.34,0.502%,4544449172.00,United States,,1254210,Consumer Discretionary,Homebuilding
MTLS,Materialise NV American Depositary Shares,$5.22,-0.01,-0.191%,308330711.00,Belgium,2014,132448,Technology,Computer Software: Prepackaged Software
MTN,Vail Resorts Inc. Common Stock,$133.94,-4.82,-3.474%,4791780516.00,United States,1997,1483473,Consumer Discretionary,Services-Misc. Amusement & Recreation
MTNB,Matinas Biopharma Holdings Inc. Common Stock,$0.6037,0.0027,0.449%,3867418.00,United States,2017,6543,Health Care,Biotechnology: Pharmaceutical Preparations
MTR,Mesa Royalty Trust Common Stock,$5.15,-0.08,-1.53%,9597489.00,United States,,52302,Energy,Oil & Gas Production
MTRN,Materion Corporation,$145.23,1.04,0.721%,3011520214.00,United States,,198575,Industrials,Industrial Specialties
MTRX,Matrix Service Company Common Stock,$11.05,0.09,0.821%,310818875.00,United States,1990,219905,Consumer Discretionary,Engineering & Construction
MTSI,MACOM Technology Solutions Holdings Inc. Common Stock,$218.73,11.22,5.407%,16407368198.00,United States,2012,2275587,Technology,Semiconductors
MTUS,Metallus Inc. Common Shares,$16.42,-0.46,-2.725%,685213513.00,United States,2014,342511,Industrials,Steel/Iron Ore
MTVA,MetaVia Inc. Common Stock,$1.44,-0.11,-7.097%,11562556.00,United States,2016,243009,Health Care,Biotechnology: Pharmaceutical Preparations
MTW,Manitowoc Company Inc. (The) Common Stock,$13.24,-0.17,-1.268%,469668054.00,United States,,438511,Industrials,Construction/Ag Equipment/Trucks
MTX,Minerals Technologies Inc. Common Stock,$67.45,0.08,0.119%,2094227058.00,United States,1992,158427,Basic Materials,Major Chemicals
MTZ,MasTec Inc. Common Stock,$297.81,12.20,4.272%,23495669322.00,United States,,978247,Industrials,Water Sewer Pipeline Comm & Power Line Construction
MU,Micron Technology Inc. Common Stock,$389.32,19.02,5.136%,438183265493.00,United States,,35398176,Technology,Semiconductors
MUA,Blackrock MuniAssets Fund Inc Common Stock,$10.87,-0.06,-0.549%,1617048060.00,United States,1993,50066,Finance,Investment Bankers/Brokers/Service
MUC,Blackrock MuniHoldings California Quality Fund Inc.  Common Stock,$10.80,-0.03,-0.277%,1606634687.00,United States,1998,272537,Finance,Investment Bankers/Brokers/Service
MUFG,Mitsubishi UFJ Financial Group Inc. Common Stock,$17.28,0.24,1.408%,205074044698.00,Japan,,6673142,Finance,Commercial Banks
MUJ,Blackrock MuniHoldings New Jersey Quality Fund Inc. Common Stock,$12.49,-0.04,-0.319%,1858043263.00,United States,1998,87994,Finance,Investment Bankers/Brokers/Service
MUR,Murphy Oil Corporation Common Stock,$33.66,-0.89,-2.576%,4807669648.00,United States,,3536253,Energy,Oil & Gas Production
MUSA,Murphy USA Inc. Common Stock,$436.79,-1.64,-0.374%,8096054216.00,United States,2013,640229,Consumer Discretionary,Retail-Auto Dealers and Gas Stations
MUX,McEwen Inc. Common Stock,$24.50,0.30,1.24%,1340038697.00,Canada,,1069339,Basic Materials,Precious Metals
MUZEU,Muzero Acquisition Corp Unit,$9.97,0.0001,0.001%,0.00,United States,2026,7605,Finance,Blank Checks
MVBF,MVB Financial Corp. Common Stock,$25.48,0.14,0.552%,324156407.00,United States,,42687,Finance,Major Banks
MVIS,MicroVision Inc. Common Stock,$0.5435,-0.0287,-5.016%,166626151.00,United States,1996,11927564,Technology,Industrial Machinery/Components
MVO,MV Oil Trust Units of Beneficial Interests,$2.24,-0.28,-11.111%,25760000.00,United States,2007,566701,Energy,Oil & Gas Production
MVST,Microvast Holdings Inc. Common Stock,$2.10,0.02,0.962%,689183951.00,United States,2019,3824295,Miscellaneous,Industrial Machinery/Components
MVSTW,Microvast Holdings Inc. Warrants,$0.038,-0.002,-5.00%,12470948.00,United States,2019,4444,Miscellaneous,Industrial Machinery/Components
MWA,MUELLER WATER PRODUCTS Common Stock,$27.99,0.06,0.215%,4377225051.00,United States,2006,864208,Industrials,Metal Fabrications
MWG,Multi Ways Holdings Limited Class A Ordinary Shares,$2.09,-0.08,-3.687%,10746780.00,,2023,2469,Consumer Discretionary,Miscellaneous manufacturing industries
MWH,SOLV Energy Inc. Class A Common Stock,$28.22,1.18,4.364%,5627503604.00,United States,2026,1252359,Industrials,Military/Government/Technical
MWYN,Marwynn Holdings Inc. Common stock,$0.76,-0.0244,-3.111%,15348051.00,United States,2025,34191,Consumer Discretionary,Food Distributors
MX,Magnachip Semiconductor Corporation Common Stock,$2.80,0.05,1.818%,100749104.00,Luxembourg,2011,274127,Technology,Semiconductors
MXC,Mexco Energy Corporation Common Stock,$12.29,-2.91,-19.145%,25145340.00,United States,2003,144359,Energy,Oil & Gas Production
MXCT,MaxCyte Inc. Common Stock,$0.77,-0.0124,-1.585%,82138988.00,United States,2021,651550,Health Care,Biotechnology: Commercial Physical & Biological Resarch
MXE,Mexico Equity and Income Fund Inc. (The) Common Stock,$12.71,-0.3797,-2.901%,0.00,United States,,1487,Finance,Finance Companies
MXF,Mexico Fund Inc. (The) Common Stock,$20.83,-0.03,-0.144%,0.00,United States,,48937,Finance,Trusts Except Educational Religious and Charitable
MXL,MaxLinear Inc. Common Stock,$15.94,0.22,1.399%,1378031331.00,United States,2010,1048362,Technology,Semiconductors
MYE,Myers Industries Inc. Common Stock,$21.65,0.09,0.417%,809779886.00,United States,1983,254492,Industrials,Plastic Products
MYFW,First Western Financial Inc. Common Stock,$23.62,-0.45,-1.87%,229942849.00,United States,2018,21599,Finance,Major Banks
MYGN,Myriad Genetics Inc. Common Stock,$4.81,-0.34,-6.602%,449774274.00,United States,1995,3307002,Health Care,Biotechnology: In Vitro & In Vivo Diagnostic Substances
MYI,Blackrock MuniYield Quality Fund III Inc Common Stock,$11.02,-0.06,-0.542%,1639362430.00,United States,,178324,Finance,Investment Bankers/Brokers/Service
MYN,Blackrock MuniYield New York Quality Fund Inc.Common Stock,$9.99,0.01,0.10%,0.00,United States,1992,142927,Finance,Finance Companies
MYND,Mynd.ai Inc. American Depositary Shares,$0.4135,-0.0134,-3.139%,18875358.00,,2017,3822,Real Estate,Other Consumer Services
MYNZ,Mainz Biomed N.V. Ordinary Shares,$0.8101,-0.0199,-2.398%,7339621.00,Germany,2021,128683,Health Care,Biotechnology: Pharmaceutical Preparations
MYO,Myomo Inc. Common Stock,$0.8113,0.0103,1.286%,31182741.00,United States,2017,734725,Health Care,Industrial Specialties
MYPS,PLAYSTUDIOS Inc.  Class A Common Stock,$0.4893,-0.0143,-2.84%,61702671.00,United States,2020,201501,Technology,Computer Software: Prepackaged Software
MYPSW,PLAYSTUDIOS Inc. Warrant,$0.0045,-0.001,-18.182%,567468.00,United States,2020,17620,Technology,Computer Software: Prepackaged Software
MYRG,MYR Group Inc. Common Stock,$267.31,6.41,2.457%,4154016914.00,United States,2008,351649,Industrials,Water Sewer Pipeline Comm & Power Line Construction
MYSE,Myseum Inc. Common Stock,$1.77,-0.06,-3.279%,7547862.00,United States,2021,16598,Telecommunications,Telecommunications Equipment
MYSZ,My Size Inc. Common Stock,$0.6431,0.0322,5.271%,2475278.00,Israel,,106807,Technology,Computer Software: Prepackaged Software
MZTI,The Marzetti Company Common Stock,$163.97,1.62,0.998%,4496549310.00,United States,,235980,Consumer Staples,Packaged Foods
NA,Nano Labs Ltd Class A Ordinary Shares,$2.95,-0.01,-0.338%,69536907.00,China,2022,59014,Technology,Semiconductors
NAAS,NaaS Technology Inc. American Depositary Shares,$1.99,0.02,1.015%,4647719.00,China,2017,3761,Consumer Discretionary,Other Specialty Stores
NABL,N-able Inc. Common Stock,$4.92,-0.06,-1.205%,926811475.00,United States,2021,1192287,Technology,Computer Software: Prepackaged Software
NAC,Nuveen California Quality Municipal Income Fund,$11.92,-0.01,-0.084%,0.00,United States,1999,446490,Finance,Investment Managers
NAD,Nuveen Quality Municipal Income Fund Common Stock,$12.08,-0.03,-0.248%,0.00,United States,1999,571862,Finance,Investment Managers
NAGE,Niagen Bioscience Inc. Common Stock,$5.11,0.05,0.988%,409211294.00,United States,,2793046,Health Care, Medicinal Chemicals and Botanical Products 
NAII,Natural Alternatives International Inc. Common Stock,$2.81,0.08,2.93%,17356746.00,United States,,25624,Health Care, Medicinal Chemicals and Botanical Products 
NAK,Northern Dynasty Minerals Ltd. Common Stock,$1.35,0.05,3.846%,745920444.00,Canada,,4887372,Basic Materials,Precious Metals
NAKA,Nakamoto Inc. Common Stock,$0.258,-0.0055,-2.087%,113481529.00,United States,2024,3242380,Health Care,Medical/Nursing Services
NAMI,Jinxin Technology Holding Company American Depositary Shares,$0.421,-0.0637,-13.142%,33289064.00,China,2024,8325,Real Estate,Other Consumer Services
NAMM,Namib Minerals Ordinary Shares,$3.04,-0.14,-4.403%,163179384.00,Cayman Islands,,1010404,Basic Materials,Precious Metals
NAMMW,Namib Minerals Warrants,$0.175,-0.0025,-1.408%,9393550.00,Cayman Islands,,27506,Basic Materials,Precious Metals
NAMS,NewAmsterdam Pharma Company N.V. Ordinary Shares,$30.77,0.91,3.048%,3537793735.00,Netherlands,,761284,Health Care,Biotechnology: Pharmaceutical Preparations
NAMSW,NewAmsterdam Pharma Company N.V. Warrant,$18.45,-0.15,-0.806%,2121296536.00,Netherlands,,103,Health Care,Biotechnology: Pharmaceutical Preparations
NAN,Nuveen New York Quality Municipal Income Fund Common Stock,$11.60,-0.03,-0.258%,3506863280.00,United States,1999,90924,Finance,Investment Managers
NAT,Nordic American Tankers Limited Common Stock,$5.63,0.01,0.178%,1192156233.00,Bermuda,1995,7551936,Consumer Discretionary,Marine Transportation
NATH,Nathan's Famous Inc. Common Stock,$100.57,0.20,0.199%,411774311.00,United States,1993,41308,Consumer Discretionary,Restaurants
NATL,NCR Atleos Corporation Common Stock,$45.09,-0.37,-0.814%,3316874643.00,United States,2023,2305829,Miscellaneous,Office Equipment/Supplies/Services
NATR,Nature's Sunshine Products Inc. Common Stock,$25.13,0.07,0.279%,439663498.00,United States,,196558,Health Care,Biotechnology: Pharmaceutical Preparations
NAUT,Nautilus Biotechnology Inc. Common Stock,$2.51,0.04,1.619%,317676827.00,United States,2020,248599,Industrials,Biotechnology: Laboratory Analytical Instruments
NAVI,Navient Corporation Common Stock,$8.25,-0.05,-0.602%,784489761.00,United States,,1327921,Finance,Investment Bankers/Brokers/Service
NAVN,Navan Inc. Class A Common Stock,$9.89,-0.59,-5.63%,2459089803.00,United States,2025,1178508,Technology,Computer Software: Prepackaged Software
NAZ,Nuveen Arizona Quality Municipal Income Fund Common Stock,$12.61,0.27,2.188%,0.00,United States,1992,77850,Finance,Finance/Investors Services
NB,NioCorp Developments Ltd. Common Stock,$4.75,-0.02,-0.419%,595275567.00,United States,,5380529,Basic Materials,Metal Mining
NBB,Nuveen Taxable Municipal Income Fund Common Shares of Beneficial Interest,$15.835,-0.125,-0.783%,0.00,United States,2010,114702,Finance,Finance Companies
NBBK,NB Bancorp Inc. Common Stock,$20.91,-0.12,-0.571%,953595824.00,United States,2023,547741,Finance,Banks
NBH,Neuberger Municipal Fund Inc. Common Stock,$10.27,-0.11,-1.06%,0.00,United States,2002,75028,Finance,Finance/Investors Services
NBHC,National Bank Holdings Corporation Common Stock,$39.73,-0.41,-1.021%,1788391202.00,United States,2012,811174,Finance,Major Banks
NBIS,Nebius Group N.V. Class A Ordinary Shares,$94.94,5.61,6.28%,22606052415.00,Netherlands,2011,9964856,Technology,Computer Software: Programming Data Processing
NBIX,Neurocrine Biosciences Inc. Common Stock,$129.93,1.80,1.405%,13040224748.00,United States,1996,855715,Health Care,Biotechnology: Biological Products (No Diagnostic Substances)
NBN,Northeast Bank Common Stock,$106.88,0.74,0.697%,868934400.00,United States,,172494,Finance,Major Banks
NBP,NovaBridge Biosciences American Depositary Shares,$3.505,0.005,0.143%,403052834.00,China,2020,1562609,Health Care,Biotechnology: Pharmaceutical Preparations
NBR,Nabors Industries Ltd.,$81.13,2.40,3.048%,1190435580.00,Bermuda,1951,369194,Energy,Oil & Gas Production
NBTB,NBT Bancorp Inc. Common Stock,$41.41,-0.22,-0.528%,2161784618.00,United States,,205212,Finance,Major Banks
NBTX,Nanobiotix S.A. American Depositary Shares,$40.13,6.14,18.064%,1903239531.00,France,2020,99840,Health Care,Biotechnology: Pharmaceutical Preparations
NBXG,Neuberger Next Generation Connectivity Fund Inc. Common Stock,$13.18,0.05,0.381%,0.00,United States,2021,227017,Finance,Trusts Except Educational Religious and Charitable
NBY,NovaBay Pharmaceuticals Inc. Common Stock,$1.24,-0.15,-10.791%,32394603.00,United States,2007,507586,Health Care,Biotechnology: Pharmaceutical Preparations
NC,NACCO Industries Inc. Common Stock,$51.25,2.34,4.784%,386147635.00,United States,,26436,Energy,Coal Mining
NCA,Nuveen California Municipal Value Fund,$9.16,-0.11,-1.187%,0.00,United States,,96656,Finance,Investment Managers
NCDL,Nuveen Churchill Direct Lending Corp. Common Stock,$13.33,0.13,0.985%,658329576.00,United States,2024,381855,,
NCEL,NewcelX Ltd. Ordinary Shares,$2.74,-0.03,-1.083%,12489956.00,Switzerland,2021,126136,Health Care,Biotechnology: Pharmaceutical Preparations
NCEW,New Century Logistics (BVI) Limited Ordinary Shares,$8.6001,0.0001,0.001%,27520320.00,Hong Kong,2024,1345,Industrials,Integrated Freight & Logistics
NCI,Neo-Concept International Group Holdings Limited Class A Ordinary Shares,$10.36,-0.20,-1.894%,42103226.00,Hong Kong,2024,704175,Consumer Discretionary,Apparel
NCL,Northann Corp. Common Stock,$0.1616,0.007,4.528%,3675286.00,,2023,213232,Industrials,Plastic Products
NCLH,Norwegian Cruise Line Holdings Ltd. Ordinary Shares,$20.71,0.66,3.292%,9434350225.00,United States,,30022420,Consumer Discretionary,Marine Transportation
NCMI,National CineMedia Inc. Common Stock,$3.53,0.01,0.284%,328797780.00,United States,2007,441848,Consumer Discretionary,Advertising
NCNA,NuCana plc American Depositary Share,$1.95,-0.21,-9.722%,3720947.00,United Kingdom,2017,67379,Health Care,Biotechnology: Pharmaceutical Preparations
NCNO,nCino Inc. Common Stock,$16.27,-0.55,-3.27%,1865924429.00,United States,2020,1662963,Technology,Computer Software: Prepackaged Software
NCPL,Netcapital Inc. Common Stock,$0.4719,-0.0181,-3.694%,3703424.00,United States,,53008,Finance,Finance: Consumer Services
NCPLW,Netcapital Inc. Warrants,$0.0226,-0.0024,-9.60%,177363.00,United States,,864,Finance,Finance: Consumer Services
NCRA,Nocera Inc. Common Stock,$0.371,0.019,5.398%,5332612.00,Taiwan,,35366,Consumer Staples,Farming/Seeds/Milling
NCSM,NCS Multistage Holdings Inc. Common Stock,$54.55,6.20,12.823%,138858934.00,United States,2017,108126,Energy,Oilfield Services/Equipment
NCT,Intercont (Cayman) Limited Class A Ordinary shares,$0.1561,-0.0002,-0.128%,4576145.00,China,2025,2738346,Consumer Discretionary,Restaurants
NCTY,The9 Limited American Depository Shares,$6.35,0.59,10.243%,89296126.00,China,2004,30334,Finance,Finance: Consumer Services
NCV,Virtus Convertible & Income Fund Common Shares of Beneficial Interest,$14.95,-0.40,-2.606%,1351084857.00,United States,2003,339306,Finance,Finance Companies
NCV^A,Virtus Convertible & Income Fund 5.625% Series A Cumulative Preferred Shares,$21.05,-0.15,-0.708%,,United States,,12498,,
NCZ,Virtus Convertible & Income Fund II Common Shares of Beneficial Interest,$13.85,-0.13,-0.93%,1054203124.00,United States,2003,130466,Finance,Finance Companies
NCZ^A,Virtus Convertible & Income Fund II 5.50% Series A Cumulative Preferred Shares,$20.64,0.10,0.487%,,United States,,3089,,
NDAQ,Nasdaq Inc. Common Stock,$88.05,-0.38,-0.43%,50051481521.00,United States,,4703251,Finance,Investment Bankers/Brokers/Service
NDLS,Noodles & Company Class A Common Stock,$6.00,0.01,0.167%,35113458.00,United States,2013,26912,Consumer Discretionary,Restaurants
NDMO,Nuveen Dynamic Municipal Opportunities Fund Common Shares of Beneficial Interest,$10.42,-0.06,-0.573%,619627738.00,,2020,58529,Finance,Trusts Except Educational Religious and Charitable
NDRA,ENDRA Life Sciences Inc. Common Stock,$3.42,0.06,1.786%,3989228.00,United States,2017,22155,Health Care,Biotechnology: Electromedical & Electrotherapeutic Apparatus
NDSN,Nordson Corporation Common Stock,$271.49,-1.35,-0.495%,15144689021.00,United States,,577508,Industrials,Industrial Machinery/Components
NE,Noble Corporation plc A Ordinary Shares,$45.46,1.76,4.027%,7237113713.00,United States,2022,1725245,Energy,Oil & Gas Production
NEA,Nuveen AMT-Free Quality Municipal Income Fund Common Shares of Beneficial Interest Par Value $.01,$11.68,-0.03,-0.256%,0.00,United States,2002,601250,Finance,Finance/Investors Services
NECB,NorthEast Community Bancorp Inc. Common Stock,$23.31,-0.075,-0.321%,326974964.00,United States,2021,44497,Finance,Banks
NEE,NextEra Energy Inc. Common Stock,$92.01,0.99,1.088%,191704855908.00,United States,,9560546,Technology,EDP Services
NEE^N,NextEra Energy Inc. Series N Junior Subordinated Debentures due March 1 2079,$23.74,-0.03,-0.126%,,United States,,48978,,
NEE^S,NextEra Energy Inc. 7.299% Corporate Units,$56.17,0.58,1.043%,,United States,,7963,,
NEE^T,NextEra Energy Inc. 7.234% Corporate Units,$52.21,0.62,1.202%,,United States,,49473,,
NEE^U,NextEra Energy Inc. Series U Junior Subordinated Debentures due June 1 2085,$25.20,-0.16,-0.631%,,United States,,50004,,
NEE^V,NextEra Energy Inc. 7.375% Corporate Units,$50.06,0.39,0.785%,,United States,,1146985,,
NEGG,Newegg Commerce Inc. Common Shares,$42.45,-0.08,-0.188%,827291664.00,China,2010,31953,Consumer Discretionary,Other Specialty Stores
NEM,Newmont Corporation,$116.96,0.67,0.576%,127237767836.00,United States,,9794905,Basic Materials,Precious Metals
NEN,New England Realty Associates Limited Partnership Class A Depositary Receipts Evidencing Units of Limited Partnership,$62.26,0.00,0.00%,175344395.00,United States,,14,Real Estate,Building operators
NEO,NeoGenomics Inc. Common Stock,$8.92,-0.04,-0.446%,1157924922.00,United States,,1868625,Health Care,Precision Instruments
NEOG,Neogen Corporation Common Stock,$9.70,0.00,0.00%,2110002016.00,United States,1989,3169808,Health Care,Biotechnology: In Vitro & In Vivo Diagnostic Substances
NEON,Neonode Inc. Common Stock,$1.66,0.00,0.00%,27859651.00,Sweden,,105196,Technology,Industrial Machinery/Components
NEOV,NeoVolta Inc. Common Stock,$3.63,0.21,6.14%,154557860.00,United States,,397322,Miscellaneous,Industrial Machinery/Components
NEOVW,NeoVolta Inc. Warrant,$1.31,0.03,2.344%,55777079.00,United States,,3392,Miscellaneous,Industrial Machinery/Components
NEPH,Nephros Inc. Common Stock,$4.01,0.14,3.618%,42612999.00,United States,,34429,Health Care,Medical/Dental Instruments
NERV,Minerva Neurosciences Inc Common Stock,$8.00,1.99,33.111%,346195184.00,United States,2014,587709,Health Care,Biotechnology: Pharmaceutical Preparations
NESR,National Energy Services Reunited Corp Ordinary Shares,$20.74,-0.12,-0.575%,2090130722.00,United States,,2762416,Energy,Oilfield Services/Equipment
NET,Cloudflare Inc. Class A Common Stock,$201.48,6.29,3.223%,70916990441.00,United States,2019,4229207,Technology,Computer Software: Prepackaged Software
NEU,NewMarket Corp Common Stock,$620.80,-20.52,-3.20%,5833883571.00,United States,,192287,Industrials,Major Chemicals
NEUP,Neuphoria Therapeutics Inc. Common Stock,$4.54,0.22,5.093%,24474663.00,United States,2021,110349,Health Care,Biotechnology: Pharmaceutical Preparations
NEWP,New Pacific Metals Corp. Common Shares,$4.62,0.00,0.00%,978456157.00,Canada,2021,1579979,Basic Materials,Precious Metals
NEWT,NewtekOne Inc. Common Stock,$12.11,0.03,0.248%,349825142.00,United States,,199336,Finance,Major Banks
NEWTG,NewtekOne Inc. 8.50% Fixed Rate Senior Notes due 2029,$25.00,-0.0601,-0.24%,658046300.00,United States,,12018,Finance,Major Banks
NEWTH,NewtekOne Inc. 8.625% Fixed Rate Senior Notes due 2029,$25.0099,-0.2401,-0.951%,0.00,United States,,9092,Finance,Major Banks
NEWTI,NewtekOne Inc. 8.00% Fixed Rate Senior Notes due 2028,$24.97,-0.28,-1.109%,657256644.00,United States,,6386,Finance,Major Banks
NEWTO,NewtekOne Inc. 8.50% Fixed Rate Senior Notes due 2031,$25.5492,0.0991,0.389%,0.00,United States,,424,,
NEWTP,NewtekOne Inc. Depositary Shares Non-Cumulative Perpetual Preferred Stock Series B,$24.17,-0.0699,-0.288%,698205920.00,United States,,3559,Finance,Major Banks
NEXA,Nexa Resources S.A. Common Shares,$11.20,0.33,3.036%,1483312443.00,Luxembourg,2017,945735,Basic Materials,Metal Mining
NEXM,NexMetals Mining Corp. Common Shares,$3.36,-0.04,-1.176%,0.00,Canada,,44342,,
NEXN,Nexxen International Ltd. Ordinary Shares,$7.38,-0.08,-1.072%,483852505.00,Israel,2021,364762,Technology,Computer Software: Programming Data Processing
NEXT,NextDecade Corporation Common Stock,$5.56,-0.06,-1.068%,1473011161.00,United States,2015,3551764,Utilities,Oil & Gas Production
NFBK,Northfield Bancorp Inc. Common Stock (Delaware),$13.17,-0.17,-1.274%,550031840.00,United States,2007,542757,Finance,Savings Institutions
NFE,New Fortress Energy Inc. Class A Common Stock,$1.14,0.06,5.556%,324390205.00,United States,2019,22385950,Utilities,Oil/Gas Transmission
NFG,National Fuel Gas Company Common Stock,$92.89,-0.04,-0.043%,8827004432.00,United States,,962701,Utilities,Oil/Gas Transmission
NFGC,New Found Gold Corp Common Shares,$2.52,-0.04,-1.563%,617719347.00,,2021,1435521,Basic Materials,Precious Metals
NFJ,Virtus Dividend Interest & Premium Strategy Fund Common Shares of Beneficial Interest,$12.86,-0.13,-1.001%,0.00,United States,2005,157297,Finance,Finance: Consumer Services
NFLX,Netflix Inc. Common Stock,$98.32,-0.70,-0.707%,415122982588.00,United States,2002,48540241,Consumer Discretionary,Consumer Electronics/Video Chains
NG,Novagold Resources Inc.,$11.99,-0.08,-0.663%,4879864427.00,Canada,2003,3189257,Basic Materials,Precious Metals
NGD,New Gold Inc.,$11.17,-0.04,-0.357%,8843289000.00,Canada,,10508782,Basic Materials,Metal Mining
NGEN,NervGen Pharma Corp. Common stock,$4.15,0.13,3.234%,302268529.00,Canada,,101436,,
NGG,National Grid Transco PLC National Grid PLC (NEW) American Depositary Shares,$90.41,0.55,0.612%,89714654611.00,United Kingdom,,1277697,Utilities,Natural Gas Distribution
NGL,NGL ENERGY PARTNERS LP Common Units representing Limited Partner Interests,$11.54,0.04,0.348%,1428816895.00,United States,2011,310968,Utilities,Natural Gas Distribution
NGL^B,NGL ENERGY PARTNERS LP 9.00% Class B Fixed-to-Floating Rate Cumulative Redeemable Perpetual Preferred Units representing limited partnership interests,$24.53,-0.02,-0.081%,,United States,,60080,,
NGL^C,NGL ENERGY PARTNERS LP 9.625% Class C Fixed-to-Floating Rate Cumulative  Redeemable Perpetual Preferred Units representing  limited partner interests,$25.21,0.11,0.438%,,United States,,5118,,
NGNE,Neurogene Inc. Common Stock ,$23.60,1.43,6.45%,365559280.00,Canada,2014,102415,Health Care,Biotechnology: Pharmaceutical Preparations
NGS,Natural Gas Services Group Inc. Common Stock,$38.47,0.67,1.772%,483526237.00,United States,2002,177751,Energy,Oilfield Services/Equipment
NGVC,Natural Grocers by Vitamin Cottage Inc. Common Stock,$25.35,-0.60,-2.312%,583888908.00,United States,2012,120943,Consumer Staples,Food Chains
NGVT,Ingevity Corporation Common Stock ,$66.08,1.13,1.74%,2332087695.00,United States,2016,494316,Industrials,Major Chemicals
NHC,National HealthCare Corporation Common Stock,$160.52,-7.37,-4.39%,2494690921.00,United States,1986,236289,Health Care,Hospital/Nursing Management
NHI,National Health Investors Inc. Common Stock,$85.66,1.04,1.229%,4145291613.00,United States,,329875,Real Estate,Real Estate Investment Trusts
NHIC,NewHold Investment Corp III Class A Ordinary Shares,$10.38,0.00,0.00%,0.00,United States,2025,222,,
NHICU,NewHold Investment Corp III Units,$10.67,-0.08,-0.744%,0.00,United States,2025,1033,Finance,Blank Checks
NHPAP,National Healthcare Properties Inc. 7.375% Series A Cumulative Redeemable Perpetual Preferred Stock,$19.24,-0.0987,-0.51%,546650401.00,United States,,4754,Real Estate,Real Estate Investment Trusts
NHPBP,National Healthcare Properties Inc. 7.125% Series B Cumulative Redeemable Perpetual Preferred Stock,$18.55,-0.448,-2.358%,527045995.00,United States,,9113,Real Estate,Real Estate Investment Trusts
NHS,Neuberger High Yield Strategies Fund Inc. Common Stock,$7.51,-0.01,-0.133%,0.00,United States,,281995,Finance,Trusts Except Educational Religious and Charitable
NHTC,Natural Health Trends Corp. Common Stock,$3.14,-0.05,-1.567%,26934443.00,United States,,17242,Consumer Discretionary,Consumer Specialties
NI,NiSource Inc Common Stock,$47.03,0.57,1.227%,22505415032.00,United States,,5037317,Utilities,Power Generation
NIC,Nicolet Bankshares Inc. Common Stock,$150.05,2.02,1.365%,3206095993.00,United States,2022,218509,Finance,Major Banks
NICE,NICE Ltd American Depositary Shares,$125.63,-1.89,-1.482%,7462871755.00,Israel,,604085,Technology,Computer Software: Prepackaged Software
NIE,Virtus Equity & Convertible Income Fund Common Shares of Beneficial Interest,$24.57,-0.16,-0.647%,680809270.00,United States,2007,71118,Finance,Investment Managers
NIM,Nuveen Select Maturities Municipal Fund Common Stock,$9.75,-0.04,-0.409%,0.00,United States,1992,18161,Finance,Trusts Except Educational Religious and Charitable
NIO,NIO Inc. American depositary shares each  representing one Class A ordinary share,$4.94,0.16,3.347%,11095193554.00,United States,2018,43763718,Industrials,Auto Manufacturing
NIOBW,NioCorp Developments Ltd. Warrant,$1.67,-0.10,-5.65%,209286357.00,United States,,7042,Basic Materials,Metal Mining
NIPG,NIP Group Inc. American Depositary Shares,$0.895,0.0617,7.404%,200800193.00,Sweden,2024,50860,Consumer Discretionary,Services-Misc. Amusement & Recreation
NIQ,NIQ Global Intelligence plc Ordinary Shares,$12.44,-0.43,-3.341%,3671137089.00,,2025,1277273,Technology,Computer Software: Programming Data Processing
NIU,Niu Technologies American Depositary Shares,$3.85,0.08,2.122%,300161292.00,China,2018,441620,Industrials,Auto Manufacturing
NIVF,NewGenIvf Group Limited Class A Ordinary Shares,$0.5225,0.038,7.843%,3443159.00,Singapore,,111502,Health Care,Misc Health and Biotechnology Services
NIVFW,NewGenIvf Group Limited Warrants,$0.0141,-0.0019,-11.875%,32064.00,Singapore,,13029,Health Care,Misc Health and Biotechnology Services
NIXX,Nixxy Inc. Common Stock,$0.519,-0.0054,-1.03%,12910425.00,United States,,316887,Technology,EDP Services
NJR,NewJersey Resources Corporation Common Stock,$54.74,0.21,0.385%,5520265427.00,United States,,631662,Utilities,Oil/Gas Transmission
NKE,Nike Inc. Common Stock,$56.53,-0.48,-0.842%,83686073715.00,United States,,18026779,Consumer Discretionary,Shoe Manufacturing
NKLR,Terra Innovatum Global N.V. Ordinary shares,$4.09,0.08,1.995%,287530877.00,Italy,,615614,Industrials,Metal Fabrications
NKSH,National Bankshares Inc. Common Stock,$37.19,0.18,0.486%,236751577.00,United States,,23383,Finance,Major Banks
NKTR,Nektar Therapeutics  Common Stock,$69.15,-1.55,-2.192%,1815599772.00,United States,,1435690,Health Care,Biotechnology: Pharmaceutical Preparations
NKTX,Nkarta Inc. Common Stock,$2.58,0.08,3.20%,183256141.00,United States,2020,667693,Health Care,Biotechnology: Pharmaceutical Preparations
NKX,Nuveen California AMT-Free Quality Municipal Income Fund,$12.70,-0.06,-0.47%,0.00,United States,2002,174374,Finance,Finance/Investors Services
NL,NL Industries Inc. Common Stock,$6.12,0.06,0.99%,299039932.00,United States,,48857,Basic Materials,Major Chemicals
NLOP,Net Lease Office Properties Common Shares of Beneficial Interest,$14.17,-0.20,-1.392%,209915443.00,United States,2023,300096,Real Estate,Real Estate Investment Trusts
NLY,Annaly Capital Management Inc. Common Stock,$22.19,-0.22,-0.982%,15941006997.00,United States,,10830411,Real Estate,Real Estate Investment Trusts
NLY^F,Annaly Capital Management Inc 6.95% Series F,$25.28,-0.08,-0.315%,,United States,,184330,,
NLY^G,Annaly Capital Management Inc 6.50% Series G Fixed-to-Floating Rate Cumulative Redeemable Preferred Stock,$24.80,-0.07,-0.281%,,United States,,29488,,
NLY^I,Annaly Capital Management Inc 6.750% Series I Fixed-to-Floating Rate Cumulative Redeemable Preferred Stock,$25.00,-0.02,-0.08%,,United States,,166082,,
NLY^J,Annaly Capital Management Inc. 8.875% Series J Fixed-Rate Cumulative Redeemable Preferred Stock,$25.84,0.01,0.039%,,United States,,59674,,
NMAI,Nuveen Multi-Asset Income Fund Common Shares of Beneficial Interest,$12.91,-0.12,-0.921%,0.00,United States,2021,153340,Finance,Investment Managers
NMAX,Newsmax Inc. Class B Common Stock,$7.28,-0.35,-4.587%,940059986.00,United States,2025,503829,Industrials,Broadcasting
NMCO,Nuveen Municipal Credit Opportunities Fund Common Shares,$10.65,0.08,0.757%,583316198.00,,2019,90829,Finance,Finance/Investors Services
NMFC,New Mountain Finance Corporation Common Stock,$7.97,-0.01,-0.125%,803428403.00,United States,,2015412,Finance,Finance/Investors Services
NMFCZ,New Mountain Finance Corporation 8.250% Notes due 2028,$25.2185,-0.0014,-0.006%,2682263895.00,United States,,17971,,
NMG,Nouveau Monde Graphite Inc. Common Shares,$2.15,0.01,0.467%,327720641.00,Canada,,508075,Basic Materials,Other Metals and Minerals
NMI,Nuveen Municipal Income Fund Inc. Common Stock,$9.95,-0.02,-0.201%,0.00,United States,1988,24608,Finance,Trusts Except Educational Religious and Charitable
NMIH,NMI Holdings Inc. Common Stock,$38.55,0.26,0.679%,2931057771.00,United States,2013,491354,Finance,Property-Casualty Insurers
NML,Neuberger Energy Infrastructure and Income Fund Inc. Common Stock,$10.05,-0.13,-1.277%,0.00,United States,2013,193315,Finance,Finance/Investors Services
NMM,Navios Maritime Partners LP Common Units Representing Limited Partner Interests,$67.20,0.66,0.992%,2023374461.00,Greece,2007,273080,Consumer Discretionary,Marine Transportation
NMP,NMP Acquisition Corp. Class A Ordinary Shares,$10.14,0.04,0.396%,0.00,United States,2025,16300,Finance,Blank Checks
NMPAR,NMP Acquisition Corp. Right,$0.22,-0.0022,-0.99%,0.00,United States,2025,100,Finance,Blank Checks
NMPAU,NMP Acquisition Corp. Units,$10.27,0.11,1.083%,0.00,United States,2025,500,Finance,Blank Checks
NMR,Nomura Holdings Inc ADR American Depositary Shares,$7.76,0.07,0.91%,22940197088.00,Japan,,2922521,Finance,Investment Bankers/Brokers/Service
NMRA,Neumora Therapeutics Inc. Common Stock,$3.22,0.20,6.623%,538026947.00,United States,2023,1081875,Health Care,Biotechnology: Biological Products (No Diagnostic Substances)
NMRK,Newmark Group Inc. Class A Common Stock,$14.49,0.21,1.471%,2672501027.00,United States,2017,1871435,Finance,Real Estate
NMS,Nuveen Minnesota Quality Municipal Income Fund ,$12.03,-0.05,-0.414%,0.00,United States,2014,5107,Finance,Finance Companies
NMT,Nuveen Massachusetts Quality Municipal Income Fund Common Stock,$11.95,0.08,0.674%,0.00,United States,,25853,Finance,Finance/Investors Services
NMTC,NeuroOne Medical Technologies Corporation Common Stock,$0.7885,-0.0542,-6.432%,39839747.00,United States,,362188,Health Care,Medical/Dental Instruments
NMZ,Nuveen Municipal High Income Opportunity Fund Common Stock $0.01 par value per share,$10.48,-0.10,-0.945%,0.00,United States,2003,328977,Finance,Finance/Investors Services
NN,NextNav Inc. Common Stock,$16.50,0.17,1.041%,2224679952.00,United States,,1049526,Industrials,Industrial Machinery/Components
NNAVW,NextNav Inc. Warrant,$7.05,0.02,0.284%,950545070.00,United States,,10040,Industrials,Industrial Machinery/Components
NNBR,NN Inc. Common Stock,$1.28,-0.08,-5.882%,64243359.00,United States,1994,418010,Industrials,Industrial Machinery/Components
NNDM,Nano Dimension Ltd. American Depositary Shares,$1.84,0.02,1.099%,512472285.00,Israel,,2144307,Technology,Electrical Products
NNE,Nano Nuclear Energy Inc. Common Stock,$23.68,0.14,0.595%,1233320562.00,United States,2024,1836448,Utilities,Electric Utilities: Central
NNI,Nelnet Inc. Common Stock,$131.81,1.03,0.788%,4728678082.00,United States,2003,118753,Finance,Finance: Consumer Services
NNN,NNN REIT Inc. Common Stock,$45.45,0.33,0.731%,8632747593.00,United States,,1146223,Real Estate,Real Estate Investment Trusts
NNNN,Anbio Biotechnology Class A Ordinary Shares,$22.21,-0.68,-2.971%,3195823552.00,Germany,2025,37824,Health Care,Biotechnology: In Vitro & In Vivo Diagnostic Substances
NNOX,NANO-X IMAGING LTD Ordinary Shares,$2.71,0.01,0.37%,183164919.00,Israel,2020,865646,Health Care,Medical Electronics
NNVC,NanoViricides Inc. Common Stock,$0.98,0.0203,2.115%,21163100.00,United States,,273789,Health Care,Biotechnology: Pharmaceutical Preparations
NNY,Nuveen New York Municipal Value Fund Common Stock,$8.60,0.06,0.703%,0.00,United States,1988,19362,Finance,Investment Managers
NOA,North American Construction Group Ltd. Common Shares (no par),$16.46,-0.08,-0.484%,484487475.00,Canada,2006,133863,Energy,Oilfield Services/Equipment
NOAH,Noah Holdings Limited American Depositary Shares,$11.54,0.00,0.00%,773533955.00,China,2010,125155,Finance,Investment Managers
NOC,Northrop Grumman Corporation Common Stock,$747.34,-8.79,-1.162%,106063704238.00,United States,,909944,Industrials,Industrial Machinery/Components
NODK,NI Holdings Inc. Common Stock,$12.915,-0.185,-1.412%,266123223.00,United States,2017,12221,Finance,Property-Casualty Insurers
NOEM,CO2 Energy Transition Corp. Common Stock,$10.36,-0.01,-0.096%,0.00,United States,2025,1313,,
NOEMU,CO2 Energy Transition Corp. Unit,$11.16,0.00,0.00%,0.00,United States,2024,1,,
NOEMW,CO2 Energy Transition Corp. Warrant,$0.1101,-0.0149,-11.92%,0.00,United States,2025,428,,
NOG,Northern Oil and Gas Inc. Common Stock,$28.37,-0.49,-1.698%,2760249533.00,United States,2022,3348171,Energy,Oil & Gas Production
NOK,Nokia Corporation Sponsored American Depositary Shares,$7.89,0.15,1.938%,45306271201.00,Finland,1994,46211503,Technology,Radio And Television Broadcasting And Communications Equipment
NOM,Nuveen Missouri Quality Municipal Income Fund ,$10.89,-0.045,-0.412%,0.00,United States,1993,682,Finance,Investment Managers
NOMA,NOMADAR Corp. Class A Common Stock,$5.11,-0.07,-1.351%,111602747.00,United States,,3786,Consumer Discretionary,Services-Misc. Amusement & Recreation
NOMD,Nomad Foods Limited Ordinary Shares,$10.16,-0.10,-0.975%,1443594695.00,United Kingdom,2016,2447597,Consumer Staples,Packaged Foods
NOTE,FiscalNote Holdings Inc. Class A common stock,$1.02,0.06,6.25%,16024093.00,United States,2022,278914,Real Estate,Real Estate
NOTV,Inotiv Inc. Common Stock,$0.433,0.0639,17.312%,14893022.00,United States,,1418112,Health Care,Biotechnology: Commercial Physical & Biological Resarch
NOV,NOV Inc. Common Stock,$18.96,0.39,2.10%,6833270154.00,United States,,4482886,Consumer Discretionary,Oil and Gas Field Machinery
NOVT,Novanta Inc. Common Stock,$127.26,-3.96,-3.018%,4541116443.00,United States,,472330,Miscellaneous,Industrial Machinery/Components
NOVTU,Novanta Inc. Tangible Equity Units,$57.08,-1.23,-2.109%,2036829535.00,United States,,5799,Miscellaneous,Industrial Machinery/Components
NOW,ServiceNow Inc. Common Stock,$121.93,-2.41,-1.938%,127538780000.00,United States,2012,20312024,Technology,Computer Software: Prepackaged Software
NP,Neptune Insurance Holdings Inc. Class A Common Stock,$19.83,-0.47,-2.315%,2739584500.00,,2025,266218,Finance,Specialty Insurers
NPAC,New Providence Acquisition Corp. III Class A Ordinary Shares,$10.32,0.00,0.00%,0.00,United States,2025,148,,
NPACU,New Providence Acquisition Corp. III Units,$10.52,0.10,0.96%,0.00,United States,2025,100,Finance,Blank Checks
NPACW,New Providence Acquisition Corp. III Warrants,$0.55,0.00,0.00%,0.00,United States,2025,1904,Finance,Blank Checks
NPB,Northpointe Bancshares Inc. Common Stock,$17.84,-0.31,-1.708%,613065517.00,United States,2025,291890,Finance,Major Banks
NPCE,Neuropace Inc. Common Stock,$14.05,0.02,0.143%,473020619.00,United States,2021,194299,Health Care,Medical/Dental Instruments
NPCT,Nuveen Core Plus Impact Fund Common Shares of Beneficial Interest,$10.26,-0.05,-0.485%,0.00,United States,2021,130530,Finance,Investment Managers
NPFD,Nuveen Variable Rate Preferred & Income Fund Common Shares,$19.09,-0.16,-0.831%,0.00,United States,2021,90189,Finance,Trusts Except Educational Religious and Charitable
NPK,National Presto Industries Inc. Common Stock,$141.48,4.02,2.924%,1011856471.00,United States,,149736,Industrials,Ordnance And Accessories
NPKI,NPK International Inc. Common Stock,$13.88,0.32,2.36%,1173247724.00,United States,,588473,Consumer Discretionary,Oil and Gas Field Machinery
NPO,Enpro Inc. Common Stock,$249.70,3.05,1.237%,5305625850.00,United States,,422703,Industrials,Metal Fabrications
NPT,Texxon Holding Limited Ordinary shares,$18.46,-2.04,-9.951%,409535100.00,China,2025,83869,Consumer Discretionary,Specialty Chemicals
NPV,Nuveen Virginia Quality Municipal Income Fund Common Stock,$11.6266,-0.0234,-0.201%,0.00,United States,1993,46173,Finance,Investment Managers
NPWR,NET Power Inc. Class A Common Stock,$1.94,-0.01,-0.513%,430955633.00,United States,2021,871612,Energy,Industrial Machinery/Components
NQP,Nuveen Pennsylvania Quality Municipal Income Fund Common Stock,$11.87,-0.06,-0.503%,0.00,United States,1991,226912,Finance,Trusts Except Educational Religious and Charitable
NRC,National Research Corporation Common Stock (Delaware),$14.97,0.38,2.605%,340513563.00,United States,,264946,Health Care,Biotechnology: Commercial Physical & Biological Resarch
NRDS,NerdWallet Inc. Class A Common Stock,$10.81,-0.35,-3.136%,721954476.00,United States,2021,1082276,Technology,EDP Services
NRDY,Nerdy Inc. Class A Common Stock,$0.8843,0.0036,0.409%,166776137.00,United States,2020,1157827,Real Estate,Other Consumer Services
NREF,NexPoint Real Estate Finance Inc. Common Stock,$14.64,0.00,0.00%,259447562.00,United States,2020,57634,Real Estate,Real Estate Investment Trusts
NREF^A,NexPoint Real Estate Finance Inc. 8.50% Series A Cumulative Redeemable Preferred Stock,$24.5899,0.1149,0.469%,,United States,,3678,,
NRG,NRG Energy Inc. Common Stock,$155.42,1.10,0.713%,33291813992.00,United States,,3177678,Utilities,Electric Utilities: Central
NRGV,Energy Vault Holdings Inc. Common Stock,$3.15,0.13,4.305%,523970483.00,United States,2021,2697444,Miscellaneous,Industrial Machinery/Components
NRIM,Northrim BanCorp Inc Common Stock,$22.56,-0.45,-1.956%,498365470.00,United States,,300312,Finance,Savings Institutions
NRIX,Nurix Therapeutics Inc. Common stock,$15.50,0.40,2.649%,1594066686.00,United States,2020,716012,Health Care,Biotechnology: Pharmaceutical Preparations
NRK,Nuveen New York AMT-Free Quality Municipal Income Fund ,$10.45,-0.01,-0.096%,0.00,United States,2002,360318,Finance,Trusts Except Educational Religious and Charitable
NRO,Neuberger Real Estate Securities Income Fund Inc. Common Stock,$2.97,-0.03,-1.00%,0.00,United States,2003,527218,Finance,Finance/Investors Services
NRP,Natural Resource Partners LP Limited Partnership,$120.46,2.76,2.345%,1596144630.00,United States,2002,47809,Energy,Coal Mining
NRSN,NeuroSense Therapeutics Ltd. Ordinary Shares,$0.8404,-0.0256,-2.956%,27828030.00,Israel,2021,208144,Health Care,Biotechnology: Pharmaceutical Preparations
NRSNW,NeuroSense Therapeutics Ltd. Warrant,$0.209,0.00,0.00%,6920583.00,Israel,2021,1,Health Care,Biotechnology: Pharmaceutical Preparations
NRT,North European Oil Royality Trust Common Stock,$9.75,0.47,5.065%,89608253.00,United States,,529892,Energy,Oil & Gas Production
NRUC,National Rural Utilities Cooperative Finance Corporation 5.500% Subordinated Notes due 2064 (Subordinated Deferrable Interest Notes),$23.75,0.12,0.508%,0.00,United States,2019,15874,Finance,Diversified Financial Services
NRXP,NRX Pharmaceuticals Inc. Common Stock,$1.73,0.03,1.765%,55139148.00,United States,2017,742063,Health Care,Biotechnology: Pharmaceutical Preparations
NRXPW,NRX Pharmaceuticals Inc. Warrant,$0.02,-0.015,-42.857%,637447.00,United States,2017,21058,Health Care,Biotechnology: Pharmaceutical Preparations
NRXS,Neuraxis Inc. Common Stock,$5.75,0.04,0.701%,61253669.00,,2023,68091,Health Care,Biotechnology: Electromedical & Electrotherapeutic Apparatus
NSA,National Storage Affiliates Trust Common Shares of Beneficial Interest,$33.75,-0.40,-1.171%,2602546031.00,United States,2015,1861899,Real Estate,Real Estate Investment Trusts
NSA^A,National Storage Affiliates Trust 6.000% Series A Cumulative Redeemable Preferred Shares of Beneficial Interest (Liquidation Preference $25.00 per share),$20.89,0.14,0.675%,,United States,,12665,,
NSA^B,National Storage Affiliates Trust 6.000% Series B Cumulative Redeemable Preferred Shares of Beneficial Interest,$20.5598,-0.3502,-1.675%,,United States,,356,,
NSC,Norfolk Southern Corporation Common Stock,$302.43,-0.41,-0.135%,67917317521.00,United States,,1980781,Industrials,Railroads
NSIT,Insight Enterprises Inc. Common Stock,$83.68,-1.31,-1.541%,2593787287.00,United States,1995,395414,Consumer Discretionary,Catalog/Specialty Distribution
NSP,Insperity Inc. Common Stock,$21.94,-0.32,-1.438%,827761601.00,United States,,1386641,Consumer Discretionary,Professional Services
NSPR,InspireMD Inc. Common Stock,$1.65,0.01,0.61%,69912142.00,Israel,,44171,Health Care,Medical/Dental Instruments
NSRX,Nasus Pharma Ltd. Ordinary Shares,$4.11,-0.75,-15.432%,48131421.00,,2025,4457,Health Care,Biotechnology: Pharmaceutical Preparations
NSSC,NAPCO Security Technologies Inc. Common Stock,$43.05,1.89,4.592%,1535349148.00,United States,,1199533,Telecommunications,Telecommunications Equipment
NSTS,NSTS Bancorp Inc. Common Stock,$12.40,0.15,1.224%,64964071.00,United States,2022,9523,Finance,Savings Institutions
NSYS,Nortech Systems Incorporated Common Stock,$9.24,0.0419,0.456%,25743878.00,United States,,201,Technology,Industrial Machinery/Components
NTAP,NetApp Inc. Common Stock,$100.61,-0.45,-0.445%,19853411544.00,United States,1995,1862190,Technology,Electronic Components
NTB,Bank of N.T. Butterfield & Son Limited (The) Voting Ordinary Shares,$49.78,-0.31,-0.619%,1991200000.00,Bermuda,2016,198848,Finance,Commercial Banks
NTCL,NETCLASS TECHNOLOGY INC Class A Ordinary Shares,$0.2819,-0.0012,-0.424%,6199554.00,China,2024,96505,Technology,Computer Software: Prepackaged Software
NTCT,NetScout Systems Inc. Common Stock,$30.43,0.63,2.114%,2197665251.00,United States,1999,532919,Technology,EDP Services
NTES,NetEase Inc. American Depositary Shares,$117.69,-0.13,-0.11%,74521106044.00,China,,970092,Technology,Computer Software: Prepackaged Software
NTGR,NETGEAR Inc. Common Stock,$20.69,0.42,2.072%,581661094.00,United States,2003,438989,Utilities,Telecommunications Equipment
NTHI,NeOnc Technologies Holdings Inc. Common Stock,$9.73,0.27,2.854%,235148880.00,United States,,44456,Health Care,Biotechnology: Pharmaceutical Preparations
NTIC,Northern Technologies International Corporation Common Stock,$8.76,0.13,1.506%,83149929.00,United States,,5014,Industrials,Industrial Specialties
NTIP,Network-1 Technologies Inc. Common Stock,$1.4562,-0.0238,-1.608%,33229990.00,United States,,23585,Miscellaneous,Multi-Sector Companies
NTLA,Intellia Therapeutics Inc. Common Stock,$13.89,0.45,3.348%,1640874954.00,United States,2016,4017384,Health Care,Biotechnology: In Vitro & In Vivo Diagnostic Substances
NTNX,Nutanix Inc. Class A Common Stock,$39.73,-0.10,-0.251%,10536876614.00,United States,2016,4531998,Technology,Computer Software: Prepackaged Software
NTR,Nutrien Ltd. Common Shares,$75.81,-0.40,-0.525%,36642047323.00,Canada,2004,6858111,Industrials,Agricultural Chemicals
NTRA,Natera Inc. Common Stock,$205.22,7.09,3.578%,29086087125.00,United States,2015,1422506,Health Care,Medical Specialities
NTRB,Nutriband Inc. Common Stock,$4.25,-0.11,-2.523%,51743253.00,United States,,3029,Health Care,Industrial Specialties
NTRP,NextTrip Inc. Common Stock,$2.86,-0.07,-2.389%,39087068.00,United States,,51073,Consumer Discretionary,Miscellaneous manufacturing industries
NTRS,Northern Trust Corporation Common Stock,$138.41,-0.18,-0.13%,25720426213.00,United States,,1078571,Finance,Major Banks
NTRSO,Northern Trust Corporation Depositary Shares Each Representing a 1/1000th Interest in a Share of Series E Non-Cumulative Perpetual Preferred Stock,$19.62,-0.08,-0.406%,3645941495.00,United States,,37196,Finance,Major Banks
NTSK,Netskope Inc. Class A Common Stock,$12.29,1.00,8.857%,4833151402.00,United States,2025,4516358,Technology,Computer Software: Prepackaged Software
NTST,NetSTREIT Corp. Common Stock,$20.91,0.00,0.00%,2029814664.00,United States,2020,838290,Real Estate,Real Estate Investment Trusts
NTWK,NetSol Technologies Inc. Common  Stock,$3.70,-0.07,-1.857%,43721120.00,United States,,50258,Technology,Computer Software: Prepackaged Software
NTWO,Newbury Street II Acquisition Corp Class A Ordinary Shares,$10.51,0.01,0.095%,0.00,United States,2024,52433,,
NTWOW,Newbury Street II Acquisition Corp Warrant,$0.16,0.0079,5.194%,0.00,United States,2024,36614,,
NTZ,Natuzzi S.p.A.,$3.22,0.19,6.271%,35467041.00,Italy,1993,12902,Consumer Discretionary,Home Furnishings
NU,Nu Holdings Ltd. Class A Ordinary Shares,$14.67,0.09,0.617%,70689722249.00,Cayman Islands,2021,52702451,Finance,Finance: Consumer Services
NUAI,New Era Energy & Digital Inc. Common Stock,$4.59,0.03,0.658%,259680108.00,United States,,1949591,Energy,Oil & Gas Production
NUAIW,New Era Energy & Digital Inc. Warrants,$1.8901,0.1001,5.592%,106932761.00,United States,,24573,Energy,Oil & Gas Production
NUCL,Eagle Nuclear Energy Corp. Common stock,$5.39,0.32,6.312%,159436378.00,United States,,142969,Basic Materials,Other Metals and Minerals
NUCLW,Eagle Nuclear Energy Corp. Warrants,$1.38,0.08,6.154%,40820446.00,United States,,83919,Basic Materials,Other Metals and Minerals
NUE,Nucor Corporation Common Stock,$169.47,0.72,0.427%,38600964004.00,United States,,1430577,Industrials,Steel/Iron Ore
NUS,Nu Skin Enterprises Inc. Common Stock,$7.46,-0.17,-2.228%,359026115.00,United States,1996,586684,Health Care,Other Pharmaceuticals
NUTX,Nutex Health Inc. Common Stock,$98.61,8.33,9.227%,687148994.00,United States,,265838,Real Estate,Real Estate
NUV,Nuveen Municipal Value Fund Inc. Common Stock,$9.26,0.06,0.652%,0.00,United States,1987,426962,Finance,Trusts Except Educational Religious and Charitable
NUVB,Nuvation Bio Inc. Class A Common Stock,$4.73,0.14,3.05%,1644135177.00,United States,2020,6665223,Health Care,Biotechnology: Pharmaceutical Preparations
NUVL,Nuvalent Inc. Class A Common Stock,$102.32,2.91,2.927%,8044091542.00,United States,2021,484557,Health Care,Biotechnology: Pharmaceutical Preparations
NUW,Nuveen AMT-Free Municipal Value Fund,$14.365,-0.015,-0.104%,0.00,United States,2009,14260,Finance,Investment Managers
NUWE,Nuwellis Inc. Common Stock,$1.29,-0.14,-9.79%,2417321.00,United States,,194932,Health Care,Biotechnology: Electromedical & Electrotherapeutic Apparatus
NVA,Nova Minerals Limited American Depositary Shares,$6.69,0.10,1.517%,251448226.00,Australia,2024,854947,Basic Materials,Precious Metals
NVAWW,Nova Minerals Limited Warrant,$30.00,-1.50,-4.762%,13530846090.00,Australia,2024,484,Basic Materials,Precious Metals
NVAX,Novavax Inc. Common Stock,$10.55,0.57,5.711%,1718974220.00,United States,,5562610,Health Care,Biotechnology: Biological Products (No Diagnostic Substances)
NVCR,NovoCure Limited Ordinary Shares,$12.91,-0.13,-0.997%,1469085652.00,Jersey,2015,1345265,Health Care,Medical/Dental Instruments
NVCT,Nuvectis Pharma Inc. Common Stock,$9.08,0.12,1.339%,240544654.00,United States,2022,44495,Health Care,Biotechnology: Pharmaceutical Preparations
NVDA,NVIDIA Corporation Common Stock,$182.65,4.83,2.716%,4438395000000.00,United States,1999,176528378,Technology,Semiconductors
NVEC,NVE Corporation Common Stock,$67.695,0.715,1.067%,327451952.00,United States,,38225,Technology,Semiconductors
NVG,Nuveen AMT-Free Municipal Credit Income Fund ,$12.87,-0.02,-0.155%,0.00,United States,2002,554573,Finance,Investment Managers
NVGS,Navigator Holdings Ltd. Ordinary Shares (Marshall Islands),$20.85,-0.02,-0.096%,1446940961.00,Marshall Islands,2013,310690,Consumer Discretionary,Marine Transportation
NVMI,Nova Ltd. Ordinary Shares,$433.06,21.73,5.283%,13763933854.00,Israel,2000,403624,Technology,Electronic Components
NVNI,Nvni Group Limited Ordinary Shares,$1.32,0.04,3.125%,36627471.00,Cayman Islands,,18151,Technology,Computer Software: Prepackaged Software
NVNIW,Nvni Group Limited Warrants,$0.0317,-0.0009,-2.761%,879614.00,Cayman Islands,,4392,Technology,Computer Software: Prepackaged Software
NVNO,enVVeno Medical Corporation Common Stock,$11.83,0.368,3.211%,7755819.00,United States,2018,10695,Health Care,Medical/Dental Instruments
NVO,Novo Nordisk A/S Common Stock,$39.78,1.20,3.11%,177617700000.00,Denmark,,23742920,Health Care,Biotechnology: Pharmaceutical Preparations
NVR,NVR Inc. Common Stock,$6872.03,-86.80,-1.247%,19198802533.00,United States,1998,26156,Consumer Discretionary,Homebuilding
NVRI,Enviri Corporation Common Stock,$17.95,0.30,1.70%,1462018489.00,United States,,998968,Miscellaneous,Diversified Commercial Services
NVS,Novartis AG Common Stock,$162.79,2.67,1.667%,310628011824.00,Switzerland,,1751763,Health Care,Biotechnology: Pharmaceutical Preparations
NVST,Envista Holdings Corporation Common Stock,$26.70,-0.16,-0.596%,4375473100.00,United States,2019,2656485,Health Care,Medical/Dental Instruments
NVT,nVent Electric plc Ordinary Shares ,$108.13,2.11,1.99%,17487807807.00,United Kingdom,2018,2744749,Industrials,Industrial Machinery/Components
NVTS,Navitas Semiconductor Corporation Common Stock,$8.38,0.18,2.195%,1934043371.00,United States,,15096880,Technology,Semiconductors
NVVE,Nuvve Holding Corp. Common Stock,$0.875,-0.055,-5.914%,1288909.00,United States,2020,12035271,Industrials,Electrical Products
NVVEW,Nuvve Holding Corp. Warrant,$0.0089,0.0039,78.00%,13110.00,United States,2020,2053883,Industrials,Electrical Products
NVX,NOVONIX Limited American Depository Shares,$0.83,0.0043,0.521%,174315314.00,Australia,,392409,Miscellaneous,Industrial Machinery/Components
NWAX,New America Acquisition I Corp. Class A Common Stock,$10.08,0.00,0.00%,0.00,,2026,12778,Finance,Blank Checks
NWBI,Northwest Bancshares Inc. Common Stock,$12.31,0.03,0.244%,1798976888.00,United States,2009,2085726,Finance,Major Banks
NWE,NorthWestern Energy Group Inc. Common Stock,$69.30,-0.41,-0.588%,4258042935.00,United States,,403340,Utilities,Power Generation
NWFL,Norwood Financial Corp. Common Stock,$28.95,-0.14,-0.481%,268198590.00,United States,,34018,Finance,Major Banks
NWG,NatWest Group plc American Depositary Shares (each representing two (2) Ordinary Shares),$15.77,0.25,1.611%,63175044986.00,United Kingdom,2022,5068295,Finance,Commercial Banks
NWGL,CL Workshop Group Limited American Depositary Shares,$1.24,-0.03,-2.362%,20525925.00,China,2023,32471,Energy,
NWL,Newell Brands Inc. Common Stock,$4.27,0.03,0.708%,1789984000.00,United States,,6133478,Industrials,Plastic Products
NWN,Northwest Natural Holding Company Common Stock,$52.29,0.19,0.365%,2173373507.00,United States,,268900,Utilities,Oil/Gas Transmission
NWPX,NWPX Infrastructure Inc. Common Stock,$74.64,-0.69,-0.916%,714620154.00,United States,1995,143417,Industrials,Steel/Iron Ore
NWS,News Corporation Class B Common Stock,$27.71,0.01,0.036%,15389526043.00,United States,,1226198,Consumer Discretionary,Newspapers/Magazines
NWSA,News Corporation Class A Common Stock,$24.54,-0.08,-0.325%,13628977592.00,United States,,3219145,Consumer Discretionary,Newspapers/Magazines
NWTG,Newton Golf Company Inc. Common Stock,$1.57,-0.01,-0.633%,7461367.00,United States,2023,36734,Consumer Discretionary,Recreational Games/Products/Toys
NX,Quanex Building Products Corporation Common Stock,$17.17,-0.18,-1.037%,788762328.00,United States,,1065390,Industrials,Metal Fabrications
NXDR,Nextdoor Holdings Inc. Class A Common Stock,$1.60,-0.01,-0.621%,620360643.00,United States,,4496376,Technology,Computer Software: Programming Data Processing
NXDT,NexPoint Diversified Real Estate Trust Common Stock,$4.70,0.11,2.397%,230395922.00,United States,,114677,Real Estate,Real Estate Investment Trusts
NXDT^A,NexPoint Diversified Real Estate Trust 5.50% Series A Cumulative Preferred Shares ($25.00 liquidation preference per share),$13.34,-0.23,-1.695%,,United States,,7979,,
NXE,Nexgen Energy Ltd. Common Shares,$12.66,0.57,4.715%,8369140706.00,Canada,2017,8431870,Basic Materials,Other Metals and Minerals
NXG,NXG NextGen Infrastructure Income Fund Common Shares of Beneficial Interest,$51.04,-1.07,-2.053%,132791483.00,,2012,79601,,
NXGL,NexGel Inc Common Stock,$1.13,-0.02,-1.739%,9201740.00,United States,2021,29796,Health Care,Medical/Dental Instruments
NXGLW,NexGel Inc Warrant,$0.1699,0.00,0.00%,1383518.00,United States,2021,100,Health Care,Medical/Dental Instruments
NXJ,Nuveen New Jersey Qualified Municipal Fund ,$12.30,-0.03,-0.243%,0.00,United States,2001,62073,Finance,Finance/Investors Services
NXL,Nexalin Technology Inc. Common Stock,$0.4552,0.0141,3.197%,8490363.00,United States,2022,126626,Health Care,Biotechnology: Electromedical & Electrotherapeutic Apparatus
NXP,Nuveen Select Tax Free Income Portfolio Common Stock,$14.49,0.02,0.138%,678119147.00,United States,1992,70213,Finance,Trusts Except Educational Religious and Charitable
NXPI,NXP Semiconductors N.V. Common Stock,$205.25,3.51,1.74%,51865206436.00,Netherlands,2010,3696550,Technology,Semiconductors
NXPL,NextPlat Corp Common Stock,$0.4273,-0.0092,-2.108%,11526851.00,United States,,118101,Telecommunications,Telecommunications Equipment
NXPLW,NextPlat Corp Warrants,$0.0401,-0.0097,-19.478%,1081738.00,United States,,372,Telecommunications,Telecommunications Equipment
NXRT,NexPoint Residential Trust Inc. Common Stock,$26.87,-0.53,-1.934%,682800341.00,United States,2015,224155,Real Estate,Real Estate Investment Trusts
NXST,Nexstar Media Group Inc. Common Stock,$246.70,-1.05,-0.424%,7481916860.00,United States,2003,305234,Industrials,Broadcasting
NXT,Nextpower Inc. Class A Common Stock,$108.13,6.70,6.606%,16054692904.00,United States,2023,2169448,Industrials,Industrial Machinery/Components
NXTC,NextCure Inc. Common Stock,$12.51,0.12,0.969%,44540729.00,United States,2019,13447,Health Care,Biotechnology: Pharmaceutical Preparations
NXTS,Nexentis Technologies Inc. Common Stock,$1.03,0.12,13.187%,2794269.00,Israel,,56169,Industrials,Agricultural Chemicals
NXTT,Next Technology Holding Inc. Ordinary Shares,$3.12,-0.16,-4.878%,15233575.00,China,,17917,Technology,EDP Services
NXXT,NextNRG Inc. Common Stock,$0.5599,-0.007,-1.235%,73387393.00,United States,2021,1186523,Consumer Discretionary,Retail-Auto Dealers and Gas Stations
NYAX,Nayax Ltd. Ordinary Shares,$56.03,-0.22,-0.391%,2057744781.00,Israel,,21150,Technology,Computer Software: Prepackaged Software
NYC,American Strategic Investment Co. Class A Common Stock,$8.4196,0.3196,3.946%,22505111.00,,2020,1938,Real Estate,Real Estate Investment Trusts
NYT,New York Times Company (The) Common Stock,$80.81,0.37,0.46%,13029698135.00,United States,,2505178,Consumer Discretionary,Newspapers/Magazines
NYXH,Nyxoah SA Ordinary Shares,$3.49,-0.25,-6.684%,130621155.00,Belgium,2021,44095,Health Care,Medical/Dental Instruments
NZF,Nuveen Municipal Credit Income Fund ,$12.73,-0.02,-0.157%,0.00,United States,2007,355930,Finance,Finance Companies
O,Realty Income Corporation Common Stock,$64.94,-0.06,-0.092%,60552667757.00,United States,,7132034,Real Estate,Real Estate Investment Trusts
OABI,OmniAb Inc. Common Stock,$1.95,0.06,3.175%,282326162.00,United States,2021,356330,Health Care,Biotechnology: Commercial Physical & Biological Resarch
OABIW,OmniAb Inc. Warrant,$0.09,0.0003,0.334%,13030438.00,United States,2021,10667,Health Care,Biotechnology: Commercial Physical & Biological Resarch
OACC,Oaktree Acquisition Corp. III Life Sciences Class A Ordinary Share,$10.70,0.03,0.281%,0.00,United States,2024,133,Finance,Blank Checks
OACCU,Oaktree Acquisition Corp. III Life Sciences Unit,$10.68,0.00,0.00%,0.00,United States,2024,5,Finance,Blank Checks
OACCW,Oaktree Acquisition Corp. III Life Sciences Warrant,$0.78,0.00,0.00%,0.00,United States,2024,4,Finance,Blank Checks
OAK^A,Brookfield Oaktree Holdings LLC 6.625% Series A Preferred Units,$21.53,0.13,0.607%,,United States,,12120,,
OAK^B,Brookfield Oaktree Holdings LLC 6.550% Series B Preferred Units,$21.00,0.00,0.00%,,United States,,6660,,
OAKU,Oak Woods Acquisition Corporation Class A Ordinary Shares,$12.24,0.00,0.00%,0.00,Canada,2023,1,Finance,Blank Checks
OBA,Oxley Bridge Acquisition Limited Class A Ordinary Shares,$10.11,-0.01,-0.099%,0.00,Hong Kong,2025,50251,Finance,Blank Checks
OBAI,Our Bond Inc. Common Stock,$1.80,-0.02,-1.099%,25012627.00,United States,,331592,Consumer Discretionary,Telecommunications Equipment
OBAWW,Oxley Bridge Acquisition Limited Warrants,$0.23,0.00,0.00%,0.00,Hong Kong,2025,16910,Finance,Blank Checks
OBDC,Blue Owl Capital Corporation Common Stock,$11.41,-0.06,-0.523%,5698707374.00,United States,2019,8489007,Finance,Diversified Financial Services
OBE,Obsidian Energy Ltd. Common Shares,$8.55,0.03,0.352%,575474431.00,Canada,2022,505744,Energy,Oil & Gas Production
OBIO,Orchestra BioMed Holdings Inc. Ordinary Shares,$4.67,0.35,8.102%,263690294.00,United States,2020,133843,Health Care, Medicinal Chemicals and Botanical Products 
OBK,Origin Bancorp Inc. Common Stock,$40.83,0.05,0.123%,1265065002.00,United States,,221575,Finance,Major Banks
OBT,Orange County Bancorp Inc. Common Stock,$31.435,-0.025,-0.079%,420183472.00,United States,,26366,Finance,Major Banks
OBTC,Osprey Bitcoin Trust Common Units of Beneficial Interest,$22.2544,0.3278,1.495%,81017922.00,United States,,4345,Finance,Investment Bankers/Brokers/Service
OC,Owens Corning Inc Common Stock New,$107.25,-2.50,-2.278%,8621094446.00,United States,,1712242,Industrials,Industrial Machinery/Components
OCC,Optical Cable Corporation Common Stock,$6.11,0.06,0.992%,54196128.00,United States,,124318,Industrials,Telecommunications Equipment
OCCI,OFS Credit Company Inc. Common Stock,$2.81,-0.07,-2.431%,32642393.00,United States,2018,292216,Finance,Trusts Except Educational Religious and Charitable
OCCIM,OFS Credit Company Inc. 7.875% Series F Term Preferred Stock,$24.75,-0.06,-0.242%,0.00,United States,,4935,,
OCCIN,OFS Credit Company Inc. 5.25% Series E Term Preferred Stock Due 2026,$24.69,0.04,0.162%,286811632.00,United States,,1493,Finance,Trusts Except Educational Religious and Charitable
OCCIO,OFS Credit Company Inc. 6.125% Series C Term Preferred Stock,$25.04,0.04,0.16%,290877410.00,United States,,4537,Finance,Trusts Except Educational Religious and Charitable
OCFC,OceanFirst Financial Corp. Common Stock,$17.92,-0.13,-0.72%,1028644127.00,United States,,686049,Finance,Major Banks
OCG,Oriental Culture Holding LTD Ordinary Shares,$0.646,-0.0095,-1.449%,1122870.00,China,2020,107479,Consumer Discretionary,Other Consumer Services
OCGN,Ocugen Inc. Common Stock,$1.66,0.05,3.106%,544309511.00,United States,2014,5422320,Health Care,Biotechnology: Biological Products (No Diagnostic Substances)
OCS,Oculis Holding AG Ordinary shares,$27.42,0.46,1.706%,1589933290.00,Switzerland,,288036,Health Care,Biotechnology: Pharmaceutical Preparations
OCSAW,Oculis Holding AG Warrants,$16.365,0.00,0.00%,948915328.00,Switzerland,,11,Health Care,Biotechnology: Pharmaceutical Preparations
OCSL,Oaktree Specialty Lending Corporation Common Stock,$11.42,-0.04,-0.349%,1005936673.00,United States,,1211907,Finance,Finance: Consumer Services
OCUL,Ocular Therapeutix Inc. Common Stock,$9.94,-0.33,-3.213%,2163856283.00,United States,2014,5817552,Health Care,Biotechnology: Pharmaceutical Preparations
ODC,Oil-Dri Corporation Of America Common Stock,$64.11,0.91,1.44%,665024570.00,United States,,51871,Consumer Discretionary,Miscellaneous manufacturing industries
ODD,ODDITY Tech Ltd. Class A Ordinary Shares,$13.99,-0.20,-1.409%,781037791.00,Israel,2023,4230172,Consumer Discretionary,Package Goods/Cosmetics
ODFL,Old Dominion Freight Line Inc. Common Stock,$197.22,3.25,1.676%,41105700579.00,United States,1991,2558960,Industrials,Trucking Freight/Courier Services
ODV,Osisko Development Corp. Common Shares,$4.25,-0.05,-1.163%,1256498403.00,Canada,2022,3410249,Basic Materials,Precious Metals
ODVWZ,Osisko Development Corp. Warrant expiring 5/27/2027,$0.2799,0.0099,3.667%,82751507.00,Canada,,13461,Basic Materials,Precious Metals
ODYS,Odysight.ai Inc. Common Stock,$5.85,0.09,1.563%,95690363.00,Israel,,69152,Technology,Electronic Components
OEC,Orion S.A. Common Shares,$4.95,0.00,0.00%,278554820.00,Luxembourg,2014,1022323,Industrials,Major Chemicals
OESX,Orion Energy Systems Inc. Common Stock,$10.20,-0.62,-5.73%,41339203.00,United States,2015,68701,Consumer Discretionary,Building Products
OFAL,OFA Group Class A Ordinary Shares,$0.4362,0.0015,0.345%,6204339.00,Hong Kong,2025,14052,Consumer Discretionary,Military/Government/Technical
OFG,OFG Bancorp Common Stock,$38.95,-0.25,-0.638%,1684866655.00,Puerto Rico,,532984,Finance,Major Banks
OFIX,Orthofix Medical Inc. Common Stock (DE),$12.46,-0.16,-1.268%,500199187.00,Curacao,1992,306103,Health Care,Medical/Dental Instruments
OFLX,Omega Flex Inc. Common Stock,$29.37,-0.54,-1.805%,296470237.00,United States,,175495,Industrials,Industrial Specialties
OFRM,Once Upon a Farm PBC Common Stock,$21.17,0.42,2.024%,851707502.00,,2026,397846,Consumer Staples,Packaged Foods
OFS,OFS Capital Corporation Common Stock,$3.86,-0.06,-1.531%,51716581.00,United States,,90067,Finance,Finance/Investors Services
OFSSH,OFS Capital Corporation 4.95% Notes due 2028,$23.65,-0.15,-0.63%,316864545.00,United States,,2695,Finance,Finance Companies
OFSSO,OFS Capital Corporation 7.50% Notes due 2028,$25.54,0.00,0.00%,0.00,United States,,2,,
OGE,OGE Energy Corp Common Stock,$47.93,-0.27,-0.56%,9885994924.00,United States,,1471232,Utilities,Electric Utilities: Central
OGEN,Oragenics Inc. Common Stock,$0.9602,0.0603,6.701%,4095433.00,United States,,278565,Health Care,Biotechnology: Pharmaceutical Preparations
OGI,Organigram Global Inc. Common Shares,$1.44,-0.03,-2.041%,194595830.00,Canada,,540766,Health Care,Biotechnology: Pharmaceutical Preparations
OGN,Organon & Co. Common Stock ,$6.53,-0.03,-0.457%,1699861195.00,United States,2021,3764291,Health Care,Biotechnology: Pharmaceutical Preparations
OGS,ONE Gas Inc. Common Stock,$87.15,0.10,0.115%,5463657824.00,United States,2014,538680,Utilities,Oil/Gas Transmission
OHI,Omega Healthcare Investors Inc. Common Stock,$47.75,0.06,0.126%,14113467500.00,United States,1992,2012336,Real Estate,Real Estate Investment Trusts
OI,O-I Glass Inc. Common Stock,$11.61,0.23,2.021%,1768918280.00,United States,,3441458,Consumer Discretionary,Containers/Packaging
OIA,Invesco Municipal Income Opportunities Trust Common Stock,$6.16,-0.09,-1.44%,293250428.00,United States,,117652,Finance,Finance Companies
OII,Oceaneering International Inc. Common Stock,$34.99,0.78,2.28%,3477787068.00,United States,,1447862,Energy,Oilfield Services/Equipment
OIM,OneIM Acquisition Corp. Class A Ordinary Shares,$10.03,10.03,,0.00,United States,2026,3080,,
OIMAU,OneIM Acquisition Corp. Units,$10.11,-0.01,-0.099%,0.00,United States,2026,8215,Finance,Blank Checks
OIMAW,OneIM Acquisition Corp. Warrant,$0.70,0.70,,0.00,United States,2026,901,,
OIS,Oil States International Inc. Common Stock,$12.89,0.66,5.397%,776059271.00,United States,2001,2373855,Consumer Discretionary,Oil and Gas Field Machinery
OKE,ONEOK Inc. Common Stock,$85.96,-0.97,-1.116%,54136201179.00,United States,,6132364,Utilities,Oil & Gas Production
OKLO,Oklo Inc. Class A common stock,$61.78,3.53,6.06%,9652944294.00,United States,2021,8256439,Utilities,Electric Utilities: Central
OKTA,Okta Inc. Class A Common Stock,$79.71,-1.01,-1.251%,14099737060.00,United States,2017,2827056,Technology,Computer Software: Prepackaged Software
OKUR,OnKure Therapeutics Inc. Class A Common Stock,$3.40,0.35,11.475%,46063877.00,United States,2021,368642,Health Care,Biotechnology: Pharmaceutical Preparations
OKYO,OKYO Pharma Limited Ordinary Shares,$1.71,0.05,3.012%,57866400.00,Guernsey,2022,174534,Health Care,Biotechnology: Biological Products (No Diagnostic Substances)
OLB,The OLB Group Inc. Common Stock,$0.582,-0.0426,-6.82%,7818830.00,United States,,328261,Real Estate,Real Estate
OLED,Universal Display Corporation Common Stock,$98.63,1.60,1.649%,4645303751.00,United States,,939237,Technology,Electrical Products
OLLI,Ollie's Bargain Outlet Holdings Inc. Common Stock,$106.28,-2.64,-2.424%,6518423308.00,United States,2015,1215937,Consumer Discretionary,Department/Specialty Retail Stores
OLMA,Olema Pharmaceuticals Inc. Common Stock,$16.00,-5.55,-25.754%,1202746144.00,United States,2020,13940817,Health Care,Biotechnology: Pharmaceutical Preparations
OLN,Olin Corporation Common Stock,$23.80,0.43,1.84%,2704555816.00,United States,,4175905,Industrials,Major Chemicals
OLOX,Olenox Industries Inc. Common Stock,$1.63,0.40,32.52%,10076270.00,United States,2017,30829074,Consumer Discretionary,RETAIL: Building Materials
OLP,One Liberty Properties Inc. Common Stock,$23.26,-0.49,-2.063%,503466468.00,United States,1986,92654,Real Estate,Real Estate Investment Trusts
OLPX,Olaplex Holdings Inc. Common Stock,$1.28,-0.065,-4.833%,854415238.00,United States,2021,2952693,Consumer Discretionary,Package Goods/Cosmetics
OM,Outset Medical Inc. Common Stock,$3.22,0.04,1.258%,58963436.00,United States,2020,458630,Health Care,Biotechnology: Electromedical & Electrotherapeutic Apparatus
OMAB,Grupo Aeroportuario del Centro Norte S.A.B. de C.V. ADS,$110.80,-0.08,-0.072%,5348446522.00,Mexico,2006,118961,Consumer Discretionary,Aerospace
OMC,Omnicom Group Inc. Common Stock,$83.99,-0.94,-1.107%,26065149533.00,United States,,4921290,Consumer Discretionary,Advertising
OMCL,Omnicell Inc. Common Stock ($0.001 par value),$39.83,-1.47,-3.559%,1809712614.00,United States,2001,438126,Technology,Computer Manufacturing
OMDA,Omada Health Inc. Common Stock,$14.39,0.34,2.42%,833296796.00,United States,2025,3552261,Health Care,Medical/Nursing Services
OMER,Omeros Corporation Common Stock,$11.29,-0.25,-2.166%,800466182.00,United States,2009,1019235,Health Care,Biotechnology: Pharmaceutical Preparations
OMEX,Odyssey Marine Exploration Inc. Common Stock,$1.54,0.04,2.667%,85837276.00,United States,,458190,Consumer Discretionary,Marine Transportation
OMF,OneMain Holdings Inc. Common Stock,$53.95,0.54,1.011%,6320353853.00,United States,2013,1785347,Finance,Finance: Consumer Services
OMH,Ohmyhome Limited Class A Ordinary Shares,$1.13,0.01,0.893%,26657048.00,Singapore,2023,35021,Finance,Real Estate
OMSE,OMS Energy Technologies Inc. Ordinary Shares,$4.25,-0.35,-7.609%,180406992.00,Singapore,2025,16822,Consumer Discretionary,Oil and Gas Field Machinery
ON,ON Semiconductor Corporation Common Stock,$59.23,2.36,4.15%,23337835992.00,United States,,9890443,Technology,Semiconductors
ONB,Old National Bancorp Common Stock,$22.39,0.08,0.359%,8724778470.00,United States,,3469324,Finance,Major Banks
ONBPO,Old National Bancorp Depositary Shares Each Representing a 1/40th Interest in a Share of Series C Preferred Stock,$25.04,0.01,0.04%,9757411920.00,United States,,11506,Finance,Major Banks
ONBPP,Old National Bancorp Depositary Shares Each Representing a 1/40th Interest in a Share of Series A Preferred Stock,$25.02,-0.025,-0.10%,9749618460.00,United States,,6983,Finance,Major Banks
ONC,BeOne Medicines Ltd. American Depositary Shares,$302.29,1.17,0.389%,33536978212.00,Cayman Islands,2016,198209,Health Care,Biotechnology: Pharmaceutical Preparations
ONCH,1RT Acquisition Corp. Class A Ordinary Share,$10.18,0.00,0.00%,0.00,United States,2025,1387,,
ONCHU,1RT Acquisition Corp. Units,$10.30,-0.02,-0.194%,0.00,United States,2025,8421,,
ONCHW,1RT Acquisition Corp. Warrant,$0.5001,-0.0199,-3.827%,0.00,United States,2025,100,Finance,Blank Checks
ONCO,Onconetix Inc. Common Stock,$0.527,0.039,7.992%,819493.00,United States,2022,194541,Health Care,Biotechnology: Pharmaceutical Preparations
ONCY,Oncolytics Biotech Inc. Common Shares,$1.06,0.00,0.00%,114062759.00,Canada,,1720420,Health Care,Biotechnology: Pharmaceutical Preparations
ONDS,Ondas Inc. Common Stock,$9.72,-0.11,-1.119%,4369756229.00,United States,,90790137,Technology,Radio And Television Broadcasting And Communications Equipment
ONEG,OneConstruction Group Limited Ordinary Shares,$1.86,0.02,1.087%,29760000.00,Hong Kong,2024,51996,Consumer Discretionary,Homebuilding
ONEW,OneWater Marine Inc. Class A Common Stock,$9.60,-0.26,-2.637%,159489062.00,United States,2020,211601,Consumer Discretionary,Auto & Home Supply Stores
ONFO,Onfolio Holdings Inc. Common Stock,$0.5199,-0.0001,-0.019%,3048285.00,United States,2022,18597,Technology,EDP Services
ONFOW,Onfolio Holdings Inc. Warrant,$0.068,-0.0015,-2.158%,398699.00,United States,2022,5100,Technology,EDP Services
ONIT,Onity Group Inc. Common Stock,$39.60,0.22,0.559%,337456786.00,United States,,81511,Finance,Finance: Consumer Services
ONL,Orion Properties Inc. Common Stock,$2.47,0.02,0.816%,139397053.00,United States,2021,185994,Real Estate,Real Estate Investment Trusts
ONMD,OneMedNet Corp Class A Common Stock,$0.6918,0.0118,1.735%,35285401.00,United Kingdom,2021,498779,Health Care,Biotechnology: Commercial Physical & Biological Resarch
ONMDW,OneMedNet Corp Warrant,$0.074,0.0006,0.817%,3774385.00,United Kingdom,2021,5478,Health Care,Biotechnology: Commercial Physical & Biological Resarch
ONON,On Holding AG Class A Ordinary Shares,$41.18,-0.28,-0.675%,26277577059.00,,2021,9243482,Consumer Discretionary,Shoe Manufacturing
ONTF,ON24 Inc. Common Stock,$8.06,0.03,0.374%,340796104.00,United States,2021,573214,Technology,Computer Software: Prepackaged Software
ONTO,Onto Innovation Inc. Common Stock,$191.66,11.94,6.644%,9525954509.00,United States,,742773,Industrials,Industrial Machinery/Components
OOMA,Ooma Inc. Common Stock,$14.44,0.04,0.278%,398544000.00,United States,2015,431308,Technology,EDP Services
OPAD,Offerpad Solutions Inc. Class A Common Stock,$0.756,0.006,0.80%,35691249.00,United States,2020,792382,Finance,Real Estate
OPAL,OPAL Fuels Inc. Class A Common Stock,$2.12,0.00,0.00%,367597854.00,United States,2021,158371,Utilities,Natural Gas Distribution
OPBK,OP Bancorp Common Stock,$13.07,-0.06,-0.457%,194554975.00,United States,2018,45148,Finance,Major Banks
OPCH,Option Care Health Inc. Common Stock,$29.67,-0.17,-0.57%,4641811329.00,United States,,1581917,Health Care,Medical/Nursing Services
OPEN,Opendoor Technologies Inc Common Stock,$5.08,0.08,1.60%,4868293443.00,United States,,51173292,Finance,Real Estate
OPENL,Opendoor Technologies Inc  Series A Warrants each whole warrant exercisable to purchase one share of Common Stock at an exercise price of $13.00 per warrant,$0.354,-0.0161,-4.35%,339247220.00,United States,,264663,Finance,Real Estate
OPENW,Opendoor Technologies Inc  Series K Warrants each whole warrant exercisable to purchase one share of Common Stock at an exercise price of $9.00 per warrant,$0.7606,-0.0048,-0.627%,728902361.00,United States,,382171,Finance,Real Estate
OPENZ,Opendoor Technologies Inc  Series Z Warrants each whole warrant exercisable to purchase one share of Common Stock at an exercise price of $17.00 per warrant,$0.312,-0.008,-2.50%,298997550.00,United States,,406346,Finance,Real Estate
OPFI,OppFi Inc. Class A Common Stock,$9.13,0.08,0.884%,788490091.00,United States,2020,426570,Finance,Finance: Consumer Services
OPHC,OptimumBank Holdings Inc. Common Stock,$4.98,-0.03,-0.599%,60588856.00,United States,,9658,Finance,Major Banks
OPK,OPKO Health Inc. Common Stock,$1.21,0.03,2.542%,918471380.00,United States,,2052048,Health Care,Biotechnology: Pharmaceutical Preparations
OPLN,OPENLANE Inc. Common Stock,$28.84,0.51,1.80%,3065612084.00,United States,,935955,Consumer Discretionary,Retail-Auto Dealers and Gas Stations
OPP,RiverNorth/DoubleLine Strategic Opportunity Fund Inc. Common Stock,$7.71,-0.01,-0.13%,0.00,United States,2016,93477,Finance,Finance/Investors Services
OPP^A,RiverNorth/DoubleLine Strategic Opportunity Fund Inc. 4.375% Series A Cumulative Preferred Stock,$16.8845,-0.0655,-0.386%,,United States,,9667,,
OPP^B,RiverNorth/DoubleLine Strategic Opportunity Fund Inc. 4.75% Series B Cumulative Preferred Stock,$18.3927,-0.2073,-1.115%,,United States,,2154,,
OPP^C,RiverNorth/DoubleLine Strategic Opportunity Fund Inc. 6.00% Series C Term Preferred Stock (Liquidation Preference $10.00 per share),$10.13,-0.05,-0.491%,,United States,,1542,,
OPRA,Opera Limited American Depositary Shares,$15.07,-0.22,-1.439%,1348777870.00,Norway,2018,714010,Technology,Computer Software: Prepackaged Software
OPRT,Oportun Financial Corporation Common Stock,$5.12,-0.03,-0.583%,227841372.00,United States,2019,629294,Finance,Finance: Consumer Services
OPRX,OptimizeRx Corporation Common Stock,$6.84,0.10,1.484%,127502060.00,United States,,526735,Real Estate,Real Estate
OPTT,Ocean Power Technologies Inc. Common Stock,$0.4032,-0.0068,-1.659%,78607846.00,United States,2007,3698972,Utilities,Electric Utilities: Central
OPTU,Optimum Communications Inc. Class A common stock,$1.48,-0.01,-0.671%,696281095.00,United States,2017,3102266,Telecommunications,Cable & Other Pay Television Services
OPTX,Syntec Optics Holdings Inc. Class A Common Stock,$7.14,0.75,11.737%,263610414.00,United States,2022,2780934,Technology,Electronic Components
OPTXW,Syntec Optics Holdings Inc. Warrant,$0.99,0.09,10.00%,36551024.00,United States,2022,86010,Technology,Electronic Components
OPXS,Optex Systems Holdings Inc. Common Stock,$13.29,0.26,1.995%,92197488.00,United States,,25392,Technology,Electronic Components
OPY,Oppenheimer Holdings Inc. Class A Common Stock (DE),$83.25,-2.32,-2.711%,891378979.00,United States,,138500,Finance,Investment Bankers/Brokers/Service
OR,OR Royalties Inc. Common Shares,$43.42,0.32,0.742%,8165131000.00,Canada,2016,1869794,Basic Materials,Precious Metals
ORA,Ormat Technologies Inc. Common Stock,$109.85,0.95,0.872%,6683868398.00,United States,2004,691577,Utilities,Electric Utilities: Central
ORBS,Eightco Holdings Inc. Common Stock,$1.03,0.00,0.00%,203766563.00,United States,,3091392,,
ORC,Orchid Island Capital Inc. Common Stock,$7.26,-0.02,-0.275%,1384434026.00,United States,2013,9924458,Real Estate,Real Estate Investment Trusts
ORCL,Oracle Corporation Common Stock,$151.56,-1.40,-0.915%,435597231960.00,United States,1986,31069033,Technology,Computer Software: Prepackaged Software
ORCL^D,Oracle Corporation Depositary Shares each representing a 1/2000th interest in a sh of 6.50% Series D Mandatory Convertible Preferred Stock,$47.42,-0.10,-0.21%,,United States,,748975,,
ORGN,Origin Materials Inc. Common Stock,$0.1463,-0.0109,-6.934%,22708164.00,United States,2020,1874926,Industrials,Major Chemicals
ORGNW,Origin Materials Inc. Warrants,$0.0032,0.00,0.00%,496693.00,United States,2020,3000,Industrials,Major Chemicals
ORGO,Organogenesis Holdings Inc. Class A Common Stock,$2.76,-0.03,-1.075%,355048252.00,United States,2016,724511,Health Care,Biotechnology: Pharmaceutical Preparations
ORI,Old Republic International Corporation Common Stock,$40.88,-0.94,-2.248%,10045455195.00,United States,,2138022,Finance,Property-Casualty Insurers
ORIC,Oric Pharmaceuticals Inc. Common Stock,$11.65,-2.06,-15.026%,1169173519.00,United States,2020,4071943,Health Care,Biotechnology: Pharmaceutical Preparations
ORIO,Orion Digital Corp. Common Shares,$1.10,-0.04,-3.509%,26365405.00,Canada,,19486,Finance,Finance: Consumer Services
ORIQ,Origin Investment Corp I Ordinary Shares,$10.22,0.00,0.00%,0.00,Singapore,2025,9,,
ORIQW,Origin Investment Corp I Warrant.,$0.2052,0.00,0.00%,0.00,Singapore,2025,50,Finance,Blank Checks
ORIS,Oriental Rise Holdings Limited Ordinary Shares,$0.8932,0.0006,0.067%,983078.00,China,2024,30478,Consumer Staples,Farming/Seeds/Milling
ORKA,Oruka Therapeutics Inc. Common Stock,$33.65,0.68,2.062%,1628970657.00,United States,,397698,Health Care,Biotechnology: In Vitro & In Vivo Diagnostic Substances
ORKT,Orangekloud Technology Inc. Class A Ordinary Shares,$1.03,-0.03,-2.83%,6014943.00,Singapore,2024,111486,Technology,Computer Software: Prepackaged Software
ORLA,Orla Mining Ltd. Common Shares,$17.98,-0.13,-0.718%,6111334036.00,,2020,1992706,Basic Materials,Precious Metals
ORLY,O'Reilly Automotive Inc. Common Stock,$94.61,0.01,0.011%,79329258287.00,United States,1993,5922910,Consumer Discretionary,Auto & Home Supply Stores
ORMP,Oramed Pharmaceuticals Inc. Common Stock,$3.26,-0.025,-0.761%,129756003.00,Israel,,115143,Health Care,Biotechnology: Pharmaceutical Preparations
ORN,Orion Group Holdings Inc. Common,$11.78,0.12,1.029%,472181274.00,United States,,479532,Industrials,Military/Government/Technical
ORRF,Orrstown Financial Services Inc. Common Stock,$35.02,-0.21,-0.596%,682846925.00,United States,,217255,Finance,Major Banks
OS,OneStream Inc. Class A Common Stock,$23.70,0.01,0.042%,5826394610.00,United States,2024,1128350,Technology,Computer Software: Prepackaged Software
OSBC,Old Second Bancorp Inc. Common Stock,$19.62,0.07,0.358%,1033793614.00,United States,,706974,Finance,Major Banks
OSCR,Oscar Health Inc. Class A Common Stock,$13.96,0.12,0.867%,4156562080.00,United States,2021,6085244,Health Care,Medical Specialities
OSG,Octave Specialty Group Inc. Common Stock,$5.53,0.09,1.654%,248584079.00,United States,,634041,Finance,Property-Casualty Insurers
OSIS,OSI Systems Inc. Common Stock (DE),$282.16,14.88,5.567%,4647894426.00,United States,1997,444434,Technology,Semiconductors
OSK,Oshkosh Corporation (Holding Company)Common Stock,$154.42,-0.20,-0.129%,9658759599.00,United States,,746169,Industrials,Auto Manufacturing
OSPN,OneSpan Inc. Common Stock,$10.86,-0.03,-0.275%,406891044.00,United States,,597502,Technology,EDP Services
OSRH,OSR Holdings Inc. Common Stock,$0.5017,-0.0117,-2.279%,12880038.00,United States,2023,1091516,Health Care,Medical/Dental Instruments
OSRHW,OSR Holdings Inc. Warrant,$0.0548,0.00,0.00%,1406869.00,United States,2023,30900,Health Care,Medical/Dental Instruments
OSS,One Stop Systems Inc. Common Stock,$8.90,0.49,5.826%,218187870.00,United States,2018,1249781,Technology,Computer Manufacturing
OSTX,OS Therapies Incorporated Common Stock,$1.71,0.14,8.917%,60216542.00,,2024,1763240,Health Care,Biotechnology: Pharmaceutical Preparations
OSUR,OraSure Technologies Inc. Common Stock,$3.20,0.01,0.313%,229547296.00,United States,,435507,Health Care,Medical/Dental Instruments
OSW,OneSpaWorld Holdings Limited Common Shares,$20.39,-0.03,-0.147%,2068591558.00,Bahamas,,1024635,Consumer Discretionary,Hotels/Resorts
OTEX,Open Text Corporation Common Shares,$25.61,0.05,0.196%,6417937119.00,Canada,1996,2434918,Technology,EDP Services
OTF,Blue Owl Technology Finance Corp. Common Stock,$11.71,-0.11,-0.931%,5449014195.00,United States,2025,2018299,,
OTGA,OTG Acquisition Corp. I Class A Ordinary Share ,$10.05,0.01,0.10%,0.00,United States,2025,13703,Finance,Blank Checks
OTGAU,OTG Acquisition Corp. I Unit,$10.19,0.02,0.197%,0.00,United States,2025,3008,Finance,Blank Checks
OTGAW,OTG Acquisition Corp. I Warrants,$0.2623,-0.0275,-9.489%,0.00,United States,2025,1600,Finance,Blank Checks
OTH,Off The Hook YS Inc. Common Stock,$2.64,0.19,7.755%,62700000.00,,2025,18380,Industrials,Marine Transportation
OTIS,Otis Worldwide Corporation Common Stock ,$87.57,-1.65,-1.849%,34040278092.00,United States,2020,3964539,Technology,Consumer Electronics/Appliances
OTLK,Outlook Therapeutics Inc. Common Stock,$0.4476,0.0336,8.116%,37180874.00,United States,2016,1673211,Health Care,Biotechnology: Biological Products (No Diagnostic Substances)
OTLY,Oatly Group AB American Depositary Shares,$10.85,0.02,0.185%,324718713.00,Sweden,2021,88248,Consumer Staples,Packaged Foods
OTTR,Otter Tail Corporation Common Stock,$87.93,-2.11,-2.343%,3688973453.00,United States,,254821,Utilities,Electric Utilities: Central
OUST,Ouster Inc. Common Stock,$20.55,0.28,1.381%,1290622015.00,United States,,1731007,Industrials,Industrial Machinery/Components
OUSTZ,Ouster Inc. Warrants,$0.003,-0.0001,-3.226%,188412.00,United States,,395383,Industrials,Industrial Machinery/Components
OUT,OUTFRONT Media Inc. Common Stock,$28.13,-0.50,-1.746%,4952291254.00,United States,2014,1679776,Real Estate,Real Estate Investment Trusts
OVBC,Ohio Valley Banc Corp. Common Stock,$42.31,0.035,0.083%,199322452.00,United States,,8140,Finance,Major Banks
OVID,Ovid Therapeutics Inc. Common Stock,$2.14,0.23,12.042%,278594515.00,United States,2017,7504663,Health Care,Biotechnology: Pharmaceutical Preparations
OVLY,Oak Valley Bancorp (CA) Common Stock,$32.51,0.10,0.309%,272701065.00,United States,,21859,Finance,Major Banks
OVV,Ovintiv Inc. (DE),$53.72,1.47,2.813%,13605049843.00,Canada,,9719697,Energy,Oil & Gas Production
OWL,Blue Owl Capital Inc. Class A Common Stock,$9.81,-0.08,-0.809%,15250327688.00,United States,2020,31131995,Finance,Investment Managers
OWLS,OBOOK Holdings Inc. Class A Common Shares,$6.15,0.22,3.71%,543522677.00,Taiwan,,17554,Technology,Computer Software: Prepackaged Software
OWLT,Owlet Inc. Class A Common Stock,$6.30,-0.96,-13.223%,173757824.00,United States,2020,1129430,Industrials,Industrial Machinery/Components
OXBR,Oxbridge Re Holdings Limited Ordinary Shares,$0.913,-0.027,-2.872%,7008299.00,Cayman Islands,2014,7542,Finance,Property-Casualty Insurers
OXBRW,Oxbridge Re Holdings Limited Warrant expiring 3/26/2029,$0.0852,-0.0339,-28.463%,654006.00,Cayman Islands,2014,3901,Finance,Property-Casualty Insurers
OXLC,Oxford Lane Capital Corp. Common Stock,$8.44,0.00,0.00%,1465184000.00,United States,2011,1516168,Finance,Investment Managers
OXLCG,Oxford Lane Capital Corp. 7.95% Notes due 2032,$25.08,0.00,0.00%,0.00,United States,,8199,Finance,Investment Managers
OXLCI,Oxford Lane Capital Corp. 8.75% Notes due 2030,$25.69,0.0172,0.067%,0.00,United States,,2510,,
OXLCL,Oxford Lane Capital Corp. 6.75% Notes due 2031,$23.85,-0.09,-0.376%,4140360000.00,United States,,7561,Finance,Finance Companies
OXLCN,Oxford Lane Capital Corp. 7.125% Series 2029 Term Preferred Stock,$24.25,0.00,0.00%,4209800000.00,United States,,97,Finance,Investment Managers
OXLCO,Oxford Lane Capital Corp. Preferred Stock Shares 6.00% Series 2029,$23.55,0.0316,0.134%,4088280000.00,United States,,6342,Finance,Investment Managers
OXLCP,Oxford Lane Capital Corp. 6.25% Series 2027 Term Preferred Shares,$24.86,0.11,0.444%,4315696000.00,United States,,28462,Finance,Investment Managers
OXLCZ,Oxford Lane Capital Corp. 5.00% Notes due 2027,$24.67,0.04,0.162%,4282712000.00,United States,,12445,Finance,Finance Companies
OXM,Oxford Industries Inc. Common Stock,$38.86,1.38,3.682%,578135414.00,United States,,407944,Industrials,Garments and Clothing
OXSQ,Oxford Square Capital Corp. Common Stock,$1.79,-0.06,-3.243%,146188240.00,United States,2003,2215900,Finance,Blank Checks
OXSQG,Oxford Square Capital Corp. 5.50% Notes due 2028,$24.10,0.00,0.00%,1536564426.00,United States,,123,Consumer Discretionary,Other Consumer Services
OXSQH,Oxford Square Capital Corp. 7.75% Notes due 2030,$25.0523,-0.3377,-1.33%,0.00,United States,,3304,Finance,Blank Checks
OXY,Occidental Petroleum Corporation Common Stock,$55.02,0.83,1.532%,54264391413.00,United States,,32763483,Energy,Oil & Gas Production
OYSE,Oyster Enterprises II Acquisition Corp Class A Ordinary Shares,$10.23,-0.01,-0.098%,0.00,United States,2025,18021,Finance,Blank Checks
OYSER,Oyster Enterprises II Acquisition Corp Rights,$0.15,-0.03,-16.667%,0.00,United States,2025,633,Finance,Blank Checks
OYSEU,Oyster Enterprises II Acquisition Corp Units,$10.50,0.00,0.00%,0.00,United States,2025,5,Finance,Blank Checks
OZ,Belpointe PREP LLC Class A Units,$51.51,0.34,0.664%,200434527.00,,,20798,Real Estate,Real Estate Investment Trusts
OZK,Bank OZK Common Stock,$44.76,-0.33,-0.732%,5063973268.00,United States,,1522888,Finance,Major Banks
OZKAP,Bank OZK 4.625% Series A Non-Cumulative Perpetual Preferred Stock,$16.46,-0.17,-1.022%,1862220733.00,United States,,31860,Finance,Major Banks
PAA,Plains All American Pipeline L.P. Common Units representing Limited Partner Interests,$21.66,-0.42,-1.902%,15281816254.00,United States,1998,7600607,Energy,Natural Gas Distribution
PAACU,Proem Acquisition Corp I Units,$10.05,0.03,0.299%,0.00,United States,2026,146,,
PAAS,Pan American Silver Corp. Common Stock,$60.56,1.00,1.679%,25549295040.00,Canada,,7729346,Basic Materials,Precious Metals
PAC,Grupo Aeroportuario Del Pacifico S.A. B. de C.V. Grupo Aeroportuario Del Pacifico S.A. de C.V. (each representing 10 Series B shares),$236.34,-1.01,-0.426%,11941727490.00,Mexico,2006,150013,Consumer Discretionary,Aerospace
PACB,Pacific Biosciences of California Inc. Common Stock,$1.39,0.01,0.725%,419777626.00,United States,2010,6324538,Industrials,Biotechnology: Laboratory Analytical Instruments
PACH,Pioneer Acquisition I Corp Class A Ordinary Shares,$10.18,0.01,0.098%,0.00,United States,2025,1215,,
PACHU,Pioneer Acquisition I Corp Units,$10.2301,0.00,0.00%,0.00,United States,2025,4,,
PACHW,Pioneer Acquisition I Corp Warrants,$0.24,-0.01,-4.00%,0.00,United States,2025,22014,,
PACK,Ranpak Holdings Corp Class A Common Stock,$3.78,-0.08,-2.073%,320246809.00,United States,2018,881400,Consumer Discretionary,Containers/Packaging
PACS,PACS Group Inc. Common Stock,$34.09,-0.19,-0.554%,5357755839.00,United States,2024,864535,Health Care,Hospital/Nursing Management
PAG,Penske Automotive Group Inc. Common Stock,$155.94,-0.67,-0.428%,10254627967.00,United States,,402232,Consumer Discretionary,Retail-Auto Dealers and Gas Stations
PAGP,Plains GP Holdings L.P. Class A Units representing Limited Partner Interests,$23.59,-0.21,-0.882%,4668558285.00,United States,,2460556,Energy,Natural Gas Distribution
PAGS,PagSeguro Digital Ltd. Class A Common Shares,$9.98,0.13,1.32%,3289492072.00,Cayman Islands,2018,12663780,Technology,EDP Services
PAHC,Phibro Animal Health Corporation Class A Common Stock,$48.78,0.86,1.795%,1977283446.00,United States,2014,334376,Health Care,Biotechnology: Pharmaceutical Preparations
PAI,Western Asset Investment Grade Income Fund Inc.,$12.25,-0.08,-0.649%,0.00,United States,,27144,Finance,Trusts Except Educational Religious and Charitable
PAII,Pyrophyte Acquisition Corp. II Class A Ordinary Shares,$10.14,0.01,0.099%,0.00,,2025,323,,
PAL,Proficient Auto Logistics Inc. Common Stock,$6.70,0.14,2.134%,186461248.00,United States,2024,323101,Consumer Discretionary,Transportation Services
PALI,Palisade Bio Inc. Common Stock,$1.74,0.11,6.748%,259265585.00,United States,,2623615,Health Care,Biotechnology: Biological Products (No Diagnostic Substances)
PALOU,Paloma Acquisition Corp I Units,$9.97,0.00,0.00%,0.00,United States,2026,24817,Finance,Blank Checks
PAM,Pampa Energia S.A.,$79.43,0.49,0.621%,4319852815.00,Argentina,,184980,Utilities,Electric Utilities: Central
PAMT,PAMT CORP Common Stock,$9.65,-0.12,-1.228%,201936093.00,United States,,15515,Industrials,Trucking Freight/Courier Services
PANL,Pangaea Logistics Solutions Ltd. Common Shares,$8.24,-0.12,-1.435%,535383189.00,United States,2013,689892,Consumer Discretionary,Marine Transportation
PANW,Palo Alto Networks Inc. Common Stock,$165.10,0.05,0.03%,134721600000.00,United States,,9190324,Technology,Computer peripheral equipment
PAPL,Pineapple Financial Inc. Common Stock,$0.6501,-0.0299,-4.397%,16960232.00,,,113813,Finance,Finance: Consumer Services
PAR,PAR Technology Corporation Common Stock,$18.28,-0.94,-4.891%,752270113.00,United States,,1679454,Miscellaneous,Office Equipment/Supplies/Services
PARK,Park Dental Partners Inc. Common Stock,$18.60,-1.04,-5.295%,76104430.00,United States,2025,55834,Health Care,Misc Health and Biotechnology Services
PARR,Par Pacific Holdings Inc.  Common Stock,$46.98,-1.89,-3.867%,2302178323.00,United States,,1912549,Energy,Oil & Gas Production
PASG,Passage Bio Inc. Common Stock,$8.79,0.39,4.643%,28196650.00,United States,2020,26270,Health Care,Biotechnology: Biological Products (No Diagnostic Substances)
PASW,Ping An Biomedical Co. Ltd. Ordinary Shares,$0.1509,0.0034,2.305%,18794595.00,Hong Kong,1999,200290,Consumer Discretionary,Apparel
PATH,UiPath Inc. Class A Common Stock,$11.97,0.11,0.927%,6400953717.00,United States,2021,50113002,Technology,Computer Software: Prepackaged Software
PATK,Patrick Industries Inc. Common Stock,$116.21,0.40,0.345%,3862206230.00,United States,,338357,Consumer Discretionary,Auto Parts:O.E.M.
PAVM,PAVmed Inc. Common Stock,$10.61,0.19,1.823%,15879945.00,United States,2016,11774,Health Care,Medical/Dental Instruments
PAVS,Paranovus Entertainment Technology Ltd. Class A Ordinary Shares,$1.21,-0.01,-0.82%,863178.00,China,2019,23985,Health Care, Medicinal Chemicals and Botanical Products 
PAX,Patria Investments Limited Class A Common Shares,$11.81,-0.16,-1.337%,1883323599.00,Cayman Islands,2021,1215215,Finance,Investment Managers
PAXS,PIMCO Access Income Fund Common Shares of Beneficial Interest,$14.53,-0.32,-2.155%,0.00,United States,2022,465496,Finance,Investment Managers
PAY,Paymentus Holdings Inc. Class A Common Stock,$25.78,-0.06,-0.232%,3240947936.00,United States,2021,577093,Real Estate,Real Estate
PAYC,Paycom Software Inc. Common Stock,$138.25,0.24,0.174%,7503532160.00,United States,2014,1558801,Technology,Computer Software: Prepackaged Software
PAYO,Payoneer Global Inc. Common Stock,$4.71,0.01,0.213%,1623880675.00,United States,,4962991,Real Estate,Real Estate
PAYS,Paysign Inc. Common Stock,$3.68,-0.12,-3.158%,202557828.00,United States,,287825,Technology,EDP Services
PAYX,Paychex Inc. Common Stock,$98.30,-2.55,-2.529%,35286500335.00,United States,1983,4490356,Industrials,Diversified Commercial Services
PB,Prosperity Bancshares Inc. Common Stock,$67.59,-1.06,-1.544%,6865895072.00,United States,,1808548,Finance,Major Banks
PBA,Pembina Pipeline Corp. Ordinary Shares (Canada),$44.56,0.00,0.00%,25899653360.00,Canada,,1463516,Energy,Oil & Gas Production
PBF,PBF Energy Inc. Class A Common Stock,$38.12,-5.13,-11.861%,4457250607.00,United States,2012,6544260,Energy,Integrated oil Companies
PBFS,Pioneer Bancorp Inc. Common Stock,$13.95,-0.08,-0.57%,349873631.00,United States,2019,15265,Finance,Banks
PBH,Prestige Consumer Healthcare Inc. Common Stock,$66.20,-0.99,-1.473%,3132499926.00,United States,2005,390991,Health Care,Biotechnology: Pharmaceutical Preparations
PBHC,Pathfinder Bancorp Inc. Common Stock (MD),$13.60,0.04,0.295%,83973309.00,United States,,6890,Finance,Major Banks
PBI,Pitney Bowes Inc. Common Stock,$10.67,0.09,0.851%,1599888588.00,United States,,2530884,Miscellaneous,Office Equipment/Supplies/Services
PBI^B,Pitney Bowes Inc 6.70% Notes Due 2043,$19.95,0.01,0.05%,,United States,,15516,,
PBM,Psyence Biomedical Ltd. Common Shares,$2.55,0.04,1.594%,2606551.00,Canada,,24482,Health Care,Biotechnology: Pharmaceutical Preparations
PBMWW,Psyence Biomedical Ltd. Warrant,$0.0183,-0.0009,-4.688%,18706.00,Canada,,57880,Health Care,Biotechnology: Pharmaceutical Preparations
PBR,Petroleo Brasileiro S.A. Petrobras ADS,$18.16,0.56,3.182%,117029693479.00,Brazil,,77112410,Energy,Oil & Gas Production
PBT,Permian Basin Royalty Trust Common Stock,$20.45,-0.03,-0.146%,953149878.00,United States,,90732,Energy,Oil & Gas Production
PBYI,Puma Biotechnology Inc Common Stock,$6.22,0.17,2.81%,316451749.00,United States,,377233,Health Care,Biotechnology: Pharmaceutical Preparations
PCAP,ProCap Acquisition Corp Class A Ordinary Shares,$10.18,-0.02,-0.196%,0.00,United States,2025,1774,Finance,Blank Checks
PCAPU,ProCap Acquisition Corp Unit,$10.30,-0.0155,-0.15%,0.00,United States,2025,5135,,
PCAPW,ProCap Acquisition Corp Warrant,$0.32,0.00,0.00%,0.00,United States,2025,9680,Finance,Blank Checks
PCAR,PACCAR Inc. Common Stock,$120.67,0.24,0.199%,63459682437.00,United States,,3472597,Consumer Discretionary,Motor Vehicles
PCB,PCB Bancorp Common Stock,$21.69,-0.31,-1.409%,309315754.00,United States,2018,14782,Finance,Major Banks
PCF,High Income Securities Fund Common Stock,$5.84,-0.06,-1.017%,0.00,United States,,123481,Finance,Trusts Except Educational Religious and Charitable
PCG,Pacific Gas & Electric Co. Common Stock,$18.17,-0.01,-0.055%,47448532321.00,United States,,21484863,Utilities,Power Generation
PCG^A,Pacific Gas & Electric Co. 6% Preferred Stock,$22.52,0.25,1.123%,,United States,,2870,,
PCG^B,Pacific Gas & Electric Co. 5 1/2% Preferred Stock,$20.25,-0.03,-0.148%,,United States,,3466,,
PCG^C,Pacific Gas & Electric Co. 5% 1st Preferred Stock,$18.8661,-0.2939,-1.534%,,United States,,420,,
PCG^D,Pacific Gas & Electric Co. 5% 1st  Red. Preferred Stock,$19.25,0.25,1.316%,,United States,,1060,,
PCG^E,Pacific Gas & Electric Co. 5% 1st A Preferred Stock,$19.3429,0.00,0.00%,,United States,,9,,
PCG^G,Pacific Gas & Electric Co. 4.80% 1st Preferred Stock,$18.625,-0.375,-1.974%,,United States,,506,,
PCG^H,Pacific Gas & Electric Co. 4.50% 1st Preferred Stock,$17.30,-0.70,-3.889%,,United States,,3303,,
PCG^I,Pacific Gas & Electric Co. 4.36% 1st Preferred Stock,$17.00,-0.09,-0.527%,,United States,,1116,,
PCG^X,PG&E Corp 6.000% Series A Mandatory Convertible Preferred Stock,$44.44,0.01,0.023%,,United States,,10464,,
PCLA,PicoCELA Inc. American Depositary Shares,$2.55,-0.21,-7.609%,10592203.00,Japan,2025,9534,Consumer Discretionary,Building Products
PCM,PCM Fund Inc. Common Stock,$5.9987,0.0087,0.145%,0.00,United States,1993,45288,Finance,Trusts Except Educational Religious and Charitable
PCN,Pimco Corporate & Income Strategy Fund Common Stock,$12.18,-0.16,-1.297%,0.00,United States,2001,657842,Finance,Investment Managers
PCOR,Procore Technologies Inc. Common Stock,$58.71,-0.22,-0.373%,8812399298.00,United States,2021,5012146,Technology,Computer Software: Prepackaged Software
PCQ,PIMCO California Municipal Income Fund Common Stock,$8.87,-0.03,-0.337%,0.00,United States,2001,159650,Finance,Investment Managers
PCRX,Pacira BioSciences Inc. Common Stock,$22.24,0.24,1.091%,900495243.00,United States,2011,587688,Health Care,Biotechnology: Pharmaceutical Preparations
PCSA,Processa Pharmaceuticals Inc. Common Stock,$2.80,-0.03,-1.06%,6344153.00,United States,,6233,Health Care,Biotechnology: Pharmaceutical Preparations
PCSC,Perceptive Capital Solutions Corp Class A Ordinary Shares,$11.75,0.23,1.997%,0.00,United States,2024,23411,,
PCT,PureCycle Technologies Inc. Common stock,$5.88,-0.21,-3.448%,1061924566.00,United States,,4179124,Industrials,Major Chemicals
PCTTU,PureCycle Technologies Inc. Unit,$8.59,0.00,0.00%,1551348983.00,United States,,1,Industrials,Major Chemicals
PCTTW,PureCycle Technologies Inc. Warrant,$0.54,0.0099,1.868%,97523685.00,United States,,42523,Industrials,Major Chemicals
PCTY,Paylocity Holding Corporation Common Stock,$117.95,-2.15,-1.79%,6354755821.00,United States,2014,661613,Technology,Computer Software: Prepackaged Software
PCVX,Vaxcyte Inc. Common Stock,$59.32,0.03,0.051%,8537355815.00,United States,2020,1035289,Health Care,Biotechnology: Pharmaceutical Preparations
PCYO,Pure Cycle Corporation Common Stock,$10.27,0.065,0.637%,247410513.00,United States,,52157,Utilities,Water Supply
PD,PagerDuty Inc. Common Stock,$7.88,-0.10,-1.253%,723201216.00,United States,2019,2965167,Technology,Computer Software: Prepackaged Software
PDC,Perpetuals.com Ltd American Depositary Shares,$4.81,-0.17,-3.414%,14673242.00,Japan,2023,4704,Technology,EDP Services
PDCC,Pearl Diver Credit Company Inc. Common Stock,$12.0784,-0.1516,-1.24%,0.00,,2024,5984,,
PDD,PDD Holdings Inc. American Depositary Shares,$102.64,0.67,0.657%,145712512860.00,China,2018,6359512,Technology,EDP Services
PDEX,Pro-Dex Inc. Common Stock,$44.90,-0.39,-0.861%,143948727.00,United States,,16900,Health Care,Medical/Dental Instruments
PDFS,PDF Solutions Inc. Common Stock,$32.55,1.27,4.06%,1298442578.00,United States,2001,298761,Technology,Computer Software: Prepackaged Software
PDI,PIMCO Dynamic Income Fund Common Stock,$17.71,-0.11,-0.617%,4305123900.00,United States,2012,5456814,Finance,Trusts Except Educational Religious and Charitable
PDLB,Ponce Financial Group Inc. Common Stock,$16.28,-0.10,-0.611%,390738315.00,United States,2017,111761,Finance,Savings Institutions
PDM,Piedmont Realty Trust Inc. Class A Common Stock,$7.16,-0.10,-1.377%,893922628.00,United States,,1108840,Real Estate,Building operators
PDO,PIMCO Dynamic Income Opportunities Fund Common Shares of Beneficial Interest,$13.23,-0.39,-2.863%,1848831404.00,United States,2021,2065191,Finance,Trusts Except Educational Religious and Charitable
PDPA,Pearl Diver Credit Company Inc. 8.00% Series A Preferred Stock Due 2029,$25.08,-0.16,-0.634%,0.00,,,383,,
PDS,Precision Drilling Corporation Common Stock,$91.34,1.64,1.828%,1213803742.00,Canada,,284689,Energy,Oil & Gas Production
PDSB,PDS Biotechnology Corporation Common Stock,$0.6851,0.0122,1.813%,33556408.00,United States,2015,266684,Health Care,Biotechnology: Pharmaceutical Preparations
PDT,John Hancock Premium Dividend Fund,$13.18,-0.16,-1.199%,0.00,United States,,77645,Finance,Finance Companies
PDX,PIMCO Dynamic Income Strategy Fund Common Shares of Beneficial Interest,$20.32,-0.25,-1.215%,908446240.00,,2019,198244,Finance,Finance/Investors Services
PDYN,Palladyne AI Corp. Common Stock,$7.82,-0.71,-8.324%,363589844.00,United States,,3631025,Technology,Computer Software: Prepackaged Software
PDYNW,Palladyne AI Corp Warrants,$0.0859,0.0005,0.585%,3993909.00,United States,,77533,Technology,Computer Software: Prepackaged Software
PEB,Pebblebrook Hotel Trust Common Shares of Beneficial Interest,$12.51,-0.30,-2.342%,1423242008.00,United States,2009,3272815,Real Estate,Real Estate Investment Trusts
PEB^E,Pebblebrook Hotel Trust 6.375% Series E Cumulative Redeemable Preferred Shares of Beneficial Interest,$20.00,0.00,0.00%,,United States,,2392,,
PEB^F,Pebblebrook Hotel Trust 6.3% Series F Cumulative Redeemable Preferred Shares of Beneficial Interest,$20.20,0.05,0.248%,,United States,,2390,,
PEB^G,Pebblebrook Hotel Trust 6.375% Series G Cumulative Redeemable Preferred Shares of Beneficial Interest,$20.16,-0.03,-0.149%,,United States,,2591,,
PEB^H,Pebblebrook Hotel Trust 5.700% Series H Cumulative Redeemable Preferred Shares of Beneficial Interest,$17.82,-0.18,-1.00%,,United States,,6210,,
PEBK,Peoples Bancorp of North Carolina Inc. Common Stock,$37.61,0.15,0.40%,205329576.00,United States,,17043,Finance,Major Banks
PEBO,Peoples Bancorp Inc. Common Stock,$31.86,-0.12,-0.375%,1144324891.00,United States,,228767,Finance,Major Banks
PECO,Phillips Edison & Company Inc. Common Stock,$38.61,-0.10,-0.258%,4857138000.00,United States,2021,916332,Real Estate,Real Estate Investment Trusts
PED,Pedevco Corp. Common Stock,$0.7673,0.0103,1.361%,73291999.00,United States,,2303903,Energy,Oil & Gas Production
PEG,Public Service Enterprise Group Incorporated Common Stock,$84.04,0.69,0.828%,41914102036.00,United States,,3023963,Utilities,Power Generation
PEGA,Pegasystems Inc. Common Stock,$46.19,-1.05,-2.223%,7808129242.00,United States,1996,2350030,Technology,EDP Services
PELI,Pelican Acquisition Corporation Ordinary Shares,$10.28,0.00,0.00%,0.00,United States,2025,148044,Finance,Blank Checks
PELIR,Pelican Acquisition Corporation Right,$0.70,0.0341,5.121%,0.00,United States,2025,123113,Finance,Blank Checks
PELIU,Pelican Acquisition Corporation Unit,$11.0001,0.0301,0.274%,0.00,United States,2025,1282,Finance,Blank Checks
PEN,Penumbra Inc. Common Stock,$339.61,0.97,0.286%,13327333229.00,United States,2015,947577,Health Care,Medical/Dental Instruments
PENG,Penguin Solutions Inc. Common Stock,$18.45,0.19,1.041%,969734897.00,United States,2017,709653,Technology,Semiconductors
PENN,PENN Entertainment Inc. Common Stock,$14.70,0.06,0.41%,1963130213.00,United States,1994,4475258,Consumer Discretionary,Hotels/Resorts
PEO,Adams Natural Resources Fund Inc. Common Stock,$26.07,-0.34,-1.287%,0.00,United States,,92547,Finance,Finance/Investors Services
PEP,PepsiCo Inc. Common Stock,$161.53,2.10,1.317%,220754821531.00,United States,,6415425,Consumer Staples,Beverages (Production/Distribution)
PEPG,PepGen Inc. Common Stock,$5.57,-0.115,-2.023%,384972176.00,United States,2022,495599,Health Care,Biotechnology: Pharmaceutical Preparations
PERF,Perfect Corp. Class A Ordinary Share,$1.422,-0.038,-2.603%,144828810.00,Taiwan,2022,31132,Technology,Computer Software: Prepackaged Software
PERI,Perion Network Ltd. Ordinary Shares,$8.72,-0.23,-2.57%,392724210.00,Israel,2006,961424,Technology,EDP Services
PESI,Perma-Fix Environmental Services Inc. Common Stock,$13.15,-0.14,-1.053%,243507255.00,United States,,126160,Industrials,Environmental Services
PETS,PetMed Express Inc. Common Stock,$2.59,-0.02,-0.766%,55427282.00,United States,,109436,Consumer Staples,Retail-Drug Stores and Proprietary Stores
PETZ,TDH Holdings Inc. Common Shares,$1.12,0.00,0.00%,11562060.00,China,2017,1782,Industrials,Steel/Iron Ore
PEW,GrabAGun Digital Holdings Inc. Common Stock,$2.88,0.05,1.767%,86445855.00,,2025,251767,Consumer Discretionary,Other Specialty Stores
PFAI,Pinnacle Food Group Limited Class A Common Shares,$2.10,0.04,1.942%,24570000.00,Canada,2025,1616,Consumer Staples,Farming/Seeds/Milling
PFBC,Preferred Bank Common Stock,$88.49,-0.24,-0.27%,1270425268.00,United States,,108718,Finance,Major Banks
PFD,Flaherty & Crumrine Preferred and Income Fund Incorporated,$11.37,-0.32,-2.737%,0.00,United States,1991,61974,Finance,Investment Managers
PFE,Pfizer Inc. Common Stock,$26.81,-0.24,-0.887%,152448829825.00,United States,,42748832,Health Care,Biotechnology: Pharmaceutical Preparations
PFG,Principal Financial Group Inc Common Stock,$90.61,-1.65,-1.788%,19698614000.00,United States,2001,2288950,Finance,Accident &Health Insurance
PFGC,Performance Food Group Company Common Stock,$87.97,0.51,0.583%,13819996479.00,United States,2015,3377130,Consumer Discretionary,Food Distributors
PFH,Prudential Financial Inc. 4.125% Junior Subordinated Notes due 2060,$17.11,-0.12,-0.696%,6108270000.00,United States,2020,47250,Finance,Life Insurance
PFIS,Peoples Financial Services Corp. Common Stock,$52.44,-0.22,-0.418%,524116562.00,United States,,31701,Finance,Major Banks
PFL,PIMCO Income Strategy Fund Shares of Beneficial Interest,$8.16,-0.15,-1.805%,0.00,United States,2003,349670,Finance,Finance Companies
PFLT,PennantPark Floating Rate Capital Ltd. Common Stock,$8.08,-0.04,-0.493%,801680600.00,United States,2022,1432751,Finance,Finance: Consumer Services
PFN,PIMCO Income Strategy Fund II,$6.99,-0.08,-1.132%,0.00,United States,2004,843426,Finance,Finance/Investors Services
PFO,Flaherty & Crumrine Preferred and Income Opportunity Fund Incorporated,$9.15,-0.11,-1.188%,0.00,United States,1992,58084,Finance,Finance Companies
PFS,Provident Financial Services Inc Common Stock,$20.81,-0.11,-0.526%,2862747752.00,United States,2003,1272489,Finance,Savings Institutions
PFSA,Profusa Inc. Common Stock,$0.8931,0.0029,0.326%,1214057.00,United States,,52479,Health Care,Medical/Dental Instruments
PFSI,PennyMac Financial Services Inc. Common Stock,$87.01,0.81,0.94%,4539117668.00,United States,2013,1044431,Finance,Finance: Consumer Services
PFX,PhenixFIN Corporation Common Stock,$40.60,0.54,1.348%,81129315.00,United States,,1375,Finance,Finance: Consumer Services
PFXNZ,PhenixFIN Corporation  5.25% Notes due 2028,$24.05,0.06,0.25%,48193049.00,United States,,6201,Finance,Finance: Consumer Services
PG,Procter & Gamble Company (The) Common Stock,$155.22,1.59,1.035%,360731386326.00,United States,,12493493,Consumer Discretionary,Package Goods/Cosmetics
PGAC,Pantages Capital Acquisition Corporation Class A Ordinary Shares,$10.45,0.00,0.00%,0.00,United States,2025,17256,,
PGC,Peapack-Gladstone Financial Corporation Common Stock,$33.88,-0.07,-0.206%,594865684.00,United States,,193280,Finance,Commercial Banks
PGEN,Precigen Inc. Common Stock,$3.51,0.19,5.723%,1241923991.00,United States,,2559863,Health Care,Biotechnology: Pharmaceutical Preparations
PGNY,Progyny Inc. Common Stock,$18.25,-0.06,-0.328%,1494715734.00,United States,2019,1518406,Health Care,Misc Health and Biotechnology Services
PGP,Pimco Global StocksPlus & Income Fund Common Shares of Beneficial Interest,$8.67,-0.12,-1.365%,0.00,United States,2005,90378,Finance,Finance Companies
PGR,Progressive Corporation (The) Common Stock,$206.80,-3.80,-1.804%,121165433800.00,United States,,2595851,Finance,Property-Casualty Insurers
PGY,Pagaya Technologies Ltd. Class A Ordinary Shares,$11.58,0.09,0.783%,955656129.00,United States,,2658793,Finance,Finance: Consumer Services
PGYWW,Pagaya Technologies Ltd. Warrants,$0.09,-0.0062,-6.445%,7427379.00,United States,,14473,Finance,Finance: Consumer Services
PGZ,Principal Real Estate Income Fund Common Shares of Beneficial Interest,$10.10,-0.10,-0.98%,0.00,,2013,50477,Finance,Investment Managers
PH,Parker-Hannifin Corporation Common Stock,$932.17,8.45,0.915%,117655261838.00,United States,,1349455,Industrials,Metal Fabrications
PHAR,Pharming Group N.V. ADS each representing 10 ordinary shares,$15.99,0.55,3.562%,1093605797.00,Netherlands,,9760,Health Care,Biotechnology: Pharmaceutical Preparations
PHAT,Phathom Pharmaceuticals Inc. Common Stock,$11.11,0.44,4.124%,875453690.00,United States,2019,681488,Health Care,Biotechnology: Pharmaceutical Preparations
PHG,Koninklijke Philips N.V. NY Registry Shares,$29.42,0.49,1.694%,27986920438.00,Netherlands,,1183353,Health Care,Medical Electronics
PHGE,BiomX Inc. COmmon Stock,$7.42,0.61,8.957%,11825276.00,,2019,114865,Health Care,Biotechnology: Biological Products (No Diagnostic Substances)
PHI,PLDT Inc. Sponsored ADR,$22.30,-0.16,-0.712%,4818043783.00,Philippines,,58244,Telecommunications,Telecommunications Equipment
PHIN,PHINIA Inc. Common Stock,$67.06,-0.16,-0.238%,2542590764.00,United States,2023,453152,Consumer Discretionary,Auto Parts:O.E.M.
PHIO,Phio Pharmaceuticals Corp. Common Stock,$1.21,0.05,4.31%,14056873.00,United States,,387662,Health Care,Biotechnology: Pharmaceutical Preparations
PHK,Pimco High Income Fund,$4.83,-0.04,-0.821%,0.00,United States,2003,1692315,Finance,Finance/Investors Services
PHM,PulteGroup Inc. Common Stock,$126.66,-1.18,-0.923%,24336650876.00,United States,,2197864,Consumer Discretionary,Homebuilding
PHOE,Phoenix Asia Holdings Limited Ordinary Shares,$15.95,-0.35,-2.147%,344520000.00,Hong Kong,2025,23051,Consumer Discretionary,Engineering & Construction
PHR,Phreesia Inc. Common Stock,$12.06,0.01,0.083%,727061256.00,United States,2019,1372833,Real Estate,Real Estate
PHUN,Phunware Inc. Common Stock,$1.73,0.04,2.367%,34924074.00,Greece,2016,126168,Technology,EDP Services
PHVS,Pharvaris N.V. Ordinary Shares,$26.51,0.60,2.316%,1444613194.00,Netherlands,2021,183859,Health Care,Biotechnology: Pharmaceutical Preparations
PHXE^,Phoenix Energy One LLC Series A Cumulative Redeemable Preferred Shares,$24.34,-0.86,-3.413%,,,,14250,,
PI,Impinj Inc. Common Stock,$98.81,4.52,4.794%,2987192894.00,United States,2016,1596809,Technology,Industrial Machinery/Components
PICS,PicS N.V. Class A Common Shares,$14.19,0.06,0.425%,1514504376.00,Brazil,2026,484164,Finance,Finance: Consumer Services
PII,Polaris Inc. Common Stock,$52.73,-1.61,-2.963%,2989298976.00,United States,,1645955,Consumer Discretionary,Industrial Specialties
PIII,P3 Health Partners Inc. Class A Common Stock,$2.885,0.655,29.372%,20788124.00,United States,2021,199310,Health Care,Medical/Nursing Services
PIIIW,P3 Health Partners Inc. Warrant,$0.0067,-0.0001,-1.471%,48277.00,United States,2021,5915,Health Care,Medical/Nursing Services
PIM,Putnam Master Intermediate Income Trust Common Stock,$3.20,-0.022,-0.683%,160810861.00,United States,1988,415180,Finance,Finance Companies
PINE,Alpine Income Property Trust Inc. Common Stock,$19.45,-0.09,-0.461%,293472764.00,United States,2019,246404,Real Estate,Real Estate Investment Trusts
PINE^A,Alpine Income Property Trust Inc. 8.00% Series A Cumulative Redeemable Preferred Stock,$25.16,-0.09,-0.356%,,United States,,11776,,
PINS,Pinterest Inc. Class A Common Stock,$19.65,-0.36,-1.799%,13069973942.00,United States,2019,22299604,Technology,Computer Software: Programming Data Processing
PIPR,Piper Sandler Companies Common Stock,$288.36,-5.16,-1.758%,5139277357.00,United States,,270033,Finance,Investment Bankers/Brokers/Service
PJT,PJT Partners Inc. Class A Common Stock,$140.43,-3.49,-2.425%,3394824895.00,United States,2015,432448,Finance,Investment Managers
PK,Park Hotels & Resorts Inc. Common Stock ,$10.71,-0.20,-1.833%,2156977282.00,United States,2016,3488176,Consumer Discretionary,Hotels/Resorts
PKBK,Parke Bancorp Inc. Common Stock,$27.215,-0.045,-0.165%,315572975.00,United States,,69247,Finance,Major Banks
PKE,Park Aerospace Corp. Common Stock,$27.34,0.44,1.636%,544771317.00,United States,,421654,Industrials,Military/Government/Technical
PKG,Packaging Corporation of America Common Stock,$222.80,0.28,0.126%,19876744183.00,United States,2000,1135140,Consumer Discretionary,Containers/Packaging
PKOH,Park-Ohio Holdings Corp. Common Stock,$25.04,-0.55,-2.149%,360554215.00,United States,,30576,Industrials,Industrial Specialties
PKST,Peakstone Realty Trust Common Shares,$20.80,-0.01,-0.048%,773350136.00,United States,2023,1571934,Real Estate,Real Estate Investment Trusts
PKX,POSCO HOLDINGS INC. American Depositary Shares (Each representing 1/4th of a share of Common Stock),$60.18,1.20,2.035%,19889340031.00,South Korea,1994,196453,Industrials,Steel/Iron Ore
PL,Planet Labs PBC Class A Common Stock,$25.82,0.54,2.136%,8653344183.00,United States,2021,10860706,Technology,Radio And Television Broadcasting And Communications Equipment
PLAB,Photronics Inc. Common Stock,$34.21,1.41,4.299%,1981538064.00,United States,1987,684511,Technology,Semiconductors
PLAG,Planet Green Holdings Corp. Common Stock,$2.58,-0.36,-12.245%,24207402.00,China,,310247,Consumer Staples,Packaged Foods
PLAY,Dave & Buster's Entertainment Inc. Common Stock,$13.76,-0.21,-1.503%,477200446.00,United States,2014,1788561,Consumer Discretionary,Restaurants
PLBC,Plumas Bancorp,$49.84,-0.39,-0.776%,346662818.00,United States,,56982,Finance,Finance Companies
PLBL,Polibeli Group Ltd Class A Ordinary Shares,$8.14,0.00,0.00%,2982394006.00,Indonesia,,254,Consumer Discretionary,Consumer Electronics/Appliances
PLBY,Playboy Inc. Common Stock,$1.75,0.06,3.55%,188575401.00,United States,2020,553075,Consumer Discretionary,Other Specialty Stores
PLCE,Children's Place Inc. (The) Common Stock,$3.82,0.05,1.326%,84681336.00,United States,1997,402343,Consumer Discretionary,Clothing/Shoe/Accessory Stores
PLD,Prologis Inc. Common Stock,$135.15,0.61,0.453%,125629898850.00,United States,,4635377,Real Estate,Real Estate Investment Trusts
PLG,Platinum Group Metals Ltd. Ordinary Shares (Canada),$2.33,0.09,4.018%,287533741.00,Canada,,1948485,Basic Materials,Precious Metals
PLMK,Plum Acquisition Corp. IV Class A Ordinary Shares,$10.52,0.00,0.00%,0.00,United States,2025,2218394,,
PLMKU,Plum Acquisition Corp. IV Unit,$10.73,0.00,0.00%,0.00,United States,2025,65,,
PLMKW,Plum Acquisition Corp. IV Warrants,$0.44,0.08,22.222%,0.00,United States,2025,1797499,,
PLMR,Palomar Holdings Inc. Common stock,$122.81,-4.51,-3.542%,3277767583.00,United States,2019,151731,Finance,Property-Casualty Insurers
PLNT,Planet Fitness Inc. Common Stock,$77.89,-0.77,-0.979%,6232291784.00,United States,2015,2268488,Consumer Discretionary,Hotels/Resorts
PLOW,Douglas Dynamics Inc. Common Stock,$43.56,0.29,0.67%,1005574498.00,United States,2010,372708,Industrials,Construction/Ag Equipment/Trucks
PLPC,Preformed Line Products Company Common Stock,$243.27,7.55,3.203%,1191257916.00,United States,,164764,Industrials,Water Sewer Pipeline Comm & Power Line Construction
PLRX,Pliant Therapeutics Inc. Common Stock,$1.32,-0.01,-0.752%,81113188.00,United States,2020,356891,Health Care,Biotechnology: Pharmaceutical Preparations
PLRZ,Polyrizon Ltd. Ordinary Shares,$12.98,-0.13,-0.992%,20689419.00,Israel,2024,8587,Health Care,Biotechnology: Pharmaceutical Preparations
PLSE,Pulse Biosciences Inc Common Stock (DE),$18.255,0.115,0.634%,1241140619.00,United States,2016,144990,Health Care,Medical/Dental Instruments
PLSM,Pulsenmore Ltd. Ordinary Shares,$4.01,-0.24,-5.647%,0.00,Israel,,7359,Health Care,Medical/Dental Instruments
PLTK,Playtika Holding Corp. Common Stock,$2.92,0.14,5.036%,1107656174.00,Israel,2021,3190709,Technology,EDP Services
PLTR,Palantir Technologies Inc. Class A Common Stock,$156.43,-0.73,-0.464%,373972619322.00,United States,,47435760,Technology,Computer Software: Prepackaged Software
PLUG,Plug Power Inc. Common Stock,$2.18,0.05,2.347%,3038822181.00,United States,1999,74585288,Energy,Industrial Machinery/Components
PLUR,Pluri Inc. Common Stock,$3.37,0.09,2.744%,33871004.00,Israel,,11912,Health Care,Biotechnology: Biological Products (No Diagnostic Substances)
PLUS,ePlus inc. Common Stock,$77.77,-0.23,-0.295%,2052549469.00,United States,1996,138251,Technology,Retail: Computer Software & Peripheral Equipment
PLUT,Plutus Financial Group Limited Ordinary Shares,$3.21,-0.02,-0.619%,45742500.00,Hong Kong,2025,5235,Finance,Investment Bankers/Brokers/Service
PLX,Protalix BioTherapeutics Inc. (DE) Common Stock,$2.88,0.26,9.924%,231613001.00,Israel,,1440643,Health Care,Biotechnology: Biological Products (No Diagnostic Substances)
PLXS,Plexus Corp. Common Stock,$191.58,5.68,3.055%,5131751156.00,United States,,368606,Technology,Electrical Products
PLYX,Polaryx Therapeutics Inc. Common Stock,$3.52,0.78,28.467%,166648405.00,United States,,765284,Health Care,Biotechnology: Pharmaceutical Preparations
PM,Philip Morris International Inc Common Stock,$173.25,3.27,1.924%,269694737062.00,United States,,5176339,Health Care, Medicinal Chemicals and Botanical Products 
PMAX,Powell Max Limited Class A Ordinary Shares,$0.8106,-0.4194,-34.098%,7115031.00,Hong Kong,2024,631029,Consumer Discretionary,Other Consumer Services
PMCB,PharmaCyte  Biotech Inc. Common Stock,$0.7001,-0.0529,-7.025%,7516028.00,United States,,123431,Health Care,Biotechnology: Biological Products (No Diagnostic Substances)
PMEC,Primech Holdings Ltd. Ordinary Shares,$0.6853,-0.0156,-2.226%,26075665.00,Singapore,2023,22090,Consumer Discretionary,Diversified Commercial Services
PMI,Picard Medical Inc. Common Stock,$1.16,0.08,7.407%,85493364.00,,2025,148582,Health Care,Medical/Dental Instruments
PML,Pimco Municipal Income Fund II Common Shares of Beneficial Interest,$7.66,-0.06,-0.777%,0.00,United States,2002,446890,Finance,Investment Managers
PMM,Putnam Managed Municipal Income Trust Common Stock,$6.38,-0.03,-0.468%,310953601.00,United States,1989,48095,Finance,Investment Managers
PMN,ProMIS Neurosciences Inc. Common Shares (ON),$23.77,0.37,1.581%,51163594.00,Canada,,38149,Health Care,Biotechnology: Pharmaceutical Preparations
PMNT,Perfect Moment Ltd. Common Stock,$0.2136,0.0018,0.85%,10011646.00,United Kingdom,2024,256873,Consumer Discretionary,Apparel
PMO,Putnam Municipal Opportunities Trust Common Stock,$10.57,-0.07,-0.658%,359185163.00,United States,1993,36825,Finance,Finance Companies
PMT,PennyMac Mortgage Investment Trust Common Shares of Beneficial Interest,$11.87,-0.02,-0.168%,1032887089.00,United States,2009,1403056,Real Estate,Real Estate Investment Trusts
PMT^A,PennyMac Mortgage Investment Trust 8.125% Series A Fixed-to-Floating Rate Cumulative Redeemable Preferred Shares of Beneficial Interest,$23.65,-0.0001,0.00%,,United States,,5188,,
PMT^B,PennyMac Mortgage Investment Trust 8.00% Series B Fixed-to-Floating Rate Cumulative Redeemable Preferred Shares of Beneficial Interest,$23.60,-0.05,-0.211%,,United States,,10640,,
PMT^C,PennyMac Mortgage Investment Trust 6.75% Series C Cumulative Redeemable Preferred Shares of Beneficial Interest,$18.55,-0.13,-0.696%,,United States,,19767,,
PMTR,Perimeter Acquisition Corp. I Class A Ordinary Shares,$10.33,0.005,0.048%,0.00,United States,2025,6313,Finance,Blank Checks
PMTRU,Perimeter Acquisition Corp. I Unit,$11.00,0.40,3.774%,0.00,United States,2025,100,Finance,Blank Checks
PMTRW,Perimeter Acquisition Corp. I Warrant,$0.65,0.0499,8.315%,0.00,United States,2025,3502,Finance,Blank Checks
PMTS,CPI Card Group Inc. Common Stock,$15.485,-0.035,-0.226%,177464851.00,United States,,171553,Consumer Discretionary,Publishing
PMTU,PennyMac Mortgage Investment Trust 8.50% Senior Notes due 2028,$25.79,0.01,0.039%,2244158217.00,United States,2023,3374,Real Estate,Real Estate Investment Trusts
PMTV,PennyMac Mortgage Investment Trust 9.00% Senior Notes due 2030,$25.31,-0.115,-0.452%,0.00,United States,2025,5843,Real Estate,Real Estate Investment Trusts
PMTW,PennyMac Mortgage Investment Trust 9.00% Senior Notes due 2030,$25.17,-0.08,-0.317%,0.00,United States,2025,13609,Real Estate,Real Estate Investment Trusts
PMVP,PMV Pharmaceuticals Inc. Common Stock,$1.63,-0.01,-0.61%,86734756.00,United States,2020,892763,Health Care,Biotechnology: Pharmaceutical Preparations
PN,Skycorp Solar Group Limited Ordinary Shares,$0.5545,0.0298,5.679%,14971500.00,China,2025,54271,Technology,Retail: Computer Software & Peripheral Equipment
PNBK,Patriot National Bancorp Inc. Common Stock,$1.34,0.10,8.065%,154087963.00,United States,,315625,Finance,Major Banks
PNC,PNC Financial Services Group Inc. (The) Common Stock,$205.34,-0.78,-0.378%,82828185329.00,United States,,3001226,Finance,Major Banks
PNFP,Pinnacle Financial Partners Inc. Common stock,$87.29,-1.30,-1.467%,13198248000.00,United States,,1907295,Finance,Major Banks
PNFP^A,Pinnacle Financial Partners Inc. Fixed-to-Floating Rate Non-Cumulative Perpetual Preferred Stock Series A,$25.31,0.01,0.04%,,United States,,9590,,
PNFP^B,Pinnacle Financial Partners Inc. Fixed-to-Floating Rate Non-Cumulative Perpetual Preferred Stock Series B,$26.10,-0.07,-0.267%,,United States,,6820,,
PNFP^C,Pinnacle Financial Partners Inc. Fixed-to-Floating Rate Non-Cumulative Perpetual Preferred Stock Series C,$25.03,0.13,0.522%,,United States,,7073,,
PNI,Pimco New York Municipal Income Fund II Common Shares of Beneficial Interest,$6.9741,-0.0359,-0.512%,0.00,United States,2002,40305,Finance,Trusts Except Educational Religious and Charitable
PNNT,PennantPark Investment Corporation Common Stock,$4.82,-0.05,-1.027%,314727173.00,United States,2022,1327916,Finance,Finance: Consumer Services
PNR,Pentair plc. Ordinary Share,$92.20,0.03,0.033%,15050332093.00,Switzerland,,1467310,Industrials,Industrial Machinery/Components
PNRG,PrimeEnergy Resources Corporation Common Stock,$201.685,-6.405,-3.078%,329754975.00,United States,,22327,Energy,Oil & Gas Production
PNTG,The Pennant Group Inc. Common Stock ,$34.44,0.78,2.317%,1193797784.00,United States,,302857,Health Care,Medical/Nursing Services
PNW,Pinnacle West Capital Corporation Common Stock,$101.28,-1.16,-1.132%,12245297899.00,United States,,1354396,Utilities,Electric Utilities: Central
POAS,Phaos Technology Holdings (Cayman) Limited Class A Ordinary Shares,$1.63,-0.06,-3.55%,46336012.00,,2025,151550,Industrials,Industrial Machinery/Components
POCI,Precision Optics Corporation Inc. Common stock,$4.34,-0.01,-0.23%,33505794.00,United States,,19996,Health Care,Biotechnology: Electromedical & Electrotherapeutic Apparatus
PODC,PodcastOne Inc. Common Stock,$2.25,-0.08,-3.433%,61110259.00,United States,,162799,Technology,Computer Software: Programming Data Processing
PODD,Insulet Corporation Common Stock,$240.38,3.37,1.422%,16921753942.00,United States,2007,928443,Health Care,Medical/Dental Instruments
POET,POET Technologies Inc. Common Shares,$6.69,0.41,6.529%,608860901.00,Canada,,6904193,Technology,Semiconductors
POLA,Polar Power Inc. Common Stock,$1.56,0.12,8.333%,4147535.00,United States,2016,1579676,Miscellaneous,Industrial Machinery/Components
POLE,Andretti Acquisition Corp. II Class A Ordinary Shares,$10.62,0.00,0.00%,0.00,United States,2024,11457,,
POLEW,Andretti Acquisition Corp. II Warrant,$0.127,0.00,0.00%,0.00,United States,2024,4,,
POM,POMDOCTOR LIMITED American Depositary Shares,$0.4364,0.1857,74.073%,51678870.00,China,2025,3251454,Consumer Discretionary,Other Specialty Stores
PONY,Pony AI Inc. American Depositary Shares ,$12.87,0.39,3.125%,5579679787.00,China,2024,3153419,Technology,EDP Services
POOL,Pool Corporation Common Stock,$214.52,0.86,0.403%,7891723146.00,United States,1995,1011997,Consumer Discretionary,Industrial Specialties
POR,Portland General Electric Co Common Stock,$52.91,-0.46,-0.862%,6114408542.00,United States,,1571302,Utilities,Electric Utilities: Central
POST,Post Holdings Inc. Common Stock,$105.43,-0.12,-0.114%,5042107409.00,United States,2012,602141,Consumer Staples,Packaged Foods
POWI,Power Integrations Inc. Common Stock,$47.15,1.09,2.366%,2617013600.00,United States,1997,810357,Technology,Semiconductors
POWL,Powell Industries Inc. Common Stock,$520.09,36.44,7.534%,6315079965.00,United States,,271858,Energy,Electrical Products
POWW,Outdoor Holding Company Common Stock,$2.08,0.04,1.961%,243960542.00,United States,,493212,Industrials,Ordnance And Accessories
POWWP,Outdoor Holding Company 8.75% Series A Cumulative Redeemable Perpetual Preferred Stock,$24.45,0.10,0.411%,2867709253.00,United States,,2388,Industrials,Ordnance And Accessories
PPBT,Purple Biotech Ltd. American Depositary Shares,$4.54,-0.235,-4.921%,4099824.00,Israel,2015,14488,Health Care,Biotechnology: Pharmaceutical Preparations
PPC,Pilgrim's Pride Corporation Common Stock,$39.73,-1.02,-2.503%,9437760069.00,United States,,1257445,Consumer Staples,Meat/Poultry/Fish
PPCB,Propanc Biopharma Inc. Common Stock,$0.172,0.003,1.775%,2727796.00,Australia,,718135,Health Care,Biotechnology: Pharmaceutical Preparations
PPG,PPG Industries Inc. Common Stock,$108.25,1.55,1.453%,24226203863.00,United States,,3425930,Consumer Discretionary,Paints/Coatings
PPHC,Public Policy Holding Company Inc. Common Stock,$12.38,-0.12,-0.96%,311168564.00,United States,2026,171762,,
PPIH,Perma-Pipe International Holdings Inc. Common Stock,$29.50,0.91,3.183%,238774328.00,United States,,90817,Industrials,Pollution Control Equipment
PPL,PPL Corporation Common Stock,$38.31,-0.24,-0.623%,28782563202.00,United States,,7337198,Utilities,Electric Utilities: Central
PPLC,PPL Corporation Corporate Units,$51.36,-0.07,-0.136%,38587116837.00,United States,,74867,Utilities,Electric Utilities: Central
PPSI,Pioneer Power Solutions Inc. Common Stock,$3.42,0.10,3.012%,37945810.00,United States,,80537,Industrials,Electrical Products
PPT,Putnam Premier Income Trust Common Stock,$3.49,-0.05,-1.412%,347353638.00,United States,1988,611484,Finance,Finance Companies
PPTA,Perpetua Resources Corp. Common Shares,$32.81,0.63,1.958%,3998642696.00,Canada,,1320915,Basic Materials,Precious Metals
PR,Permian Resources Corporation Class A Common Stock,$19.16,0.31,1.645%,16022768826.00,United States,2022,15882218,Energy,Oil & Gas Production
PRA,ProAssurance Corporation Common Stock,$24.60,0.00,0.00%,1264775618.00,United States,,788171,Finance,Property-Casualty Insurers
PRAA,PRA Group Inc. Common Stock,$18.31,0.16,0.882%,704080729.00,United States,2002,707489,Finance,Finance: Consumer Services
PRAX,Praxis Precision Medicines Inc. Common Stock,$309.01,-1.70,-0.547%,8606185905.00,United States,2020,479035,Health Care,Biotechnology: Pharmaceutical Preparations
PRCH,Porch Group Inc. Common Stock,$7.76,-0.06,-0.767%,965824328.00,United States,2020,1011767,Technology,Computer Software: Prepackaged Software
PRCT,PROCEPT BioRobotics Corporation Common Stock,$25.26,1.04,4.294%,1424416351.00,United States,2021,2163572,Health Care,Medical/Dental Instruments
PRDO,Perdoceo Education Corporation Common Stock,$34.62,0.21,0.61%,2163001273.00,United States,,692856,Real Estate,Other Consumer Services
PRE,Prenetics Global Limited Class A Ordinary Share,$20.49,2.69,15.112%,267066271.00,Hong Kong,,362289,Finance,Blank Checks
PRENW,Prenetics Global Limited Warrant,$0.0197,0.0007,3.684%,256769.00,Hong Kong,,283463,Finance,Blank Checks
PRFX,PRF Technologies Ltd. Ordinary Shares,$2.62,0.00,0.00%,2051638.00,Israel,2020,31051,Health Care,Biotechnology: Pharmaceutical Preparations
PRG,PROG Holdings Inc. Common Stock,$32.72,-0.54,-1.624%,1294920503.00,United States,,446875,Consumer Discretionary,Diversified Commercial Services
PRGO,Perrigo Company plc Ordinary Shares,$10.29,-0.43,-4.011%,1416411832.00,United States,,5696343,Health Care,Biotechnology: Pharmaceutical Preparations
PRGS,Progress Software Corporation Common Stock (DE),$38.85,-0.64,-1.621%,1636115225.00,United States,1991,517188,Technology,Computer Software: Prepackaged Software
PRH,Prudential Financial Inc. 5.950% Junior Subordinated Notes due 2062,$24.54,-0.09,-0.365%,8638080000.00,United States,2022,25377,Finance,Life Insurance
PRHI,Presurance Holdings Inc. Common Stock,$0.70,-0.0948,-11.928%,8556017.00,United States,2015,42565,Finance,Property-Casualty Insurers
PRHIZ,Presurance Holdings Inc. 9.75% Senior Unsecured Notes due 2028,$18.9999,0.00,0.00%,232233517.00,United States,,40,Finance,Property-Casualty Insurers
PRI,Primerica Inc. Common Stock,$252.77,-4.54,-1.764%,8002674440.00,United States,2010,232886,Finance,Life Insurance
PRIF^D,Priority Income Fund Inc. 7.00% Series D Term Preferred Stock due 2029,$24.71,-0.23,-0.922%,,,,204,,
PRIF^J,Priority Income Fund Inc. 6.000% Series J Term Preferred Stock due 2028,$24.50,0.0086,0.035%,,,,735,,
PRIF^K,Priority Income Fund Inc. 7.000% Series K Cumulative Preferred Stock,$21.80,-0.085,-0.388%,,,,910,,
PRIF^L,Priority Income Fund Inc. 6.375% Series L Term Preferred Stock Due 2029,$24.6213,0.0112,0.046%,,,,292,,
PRIM,Primoris Services Corporation Common Stock,$137.74,4.59,3.447%,7445742585.00,United States,,789277,Industrials,Water Sewer Pipeline Comm & Power Line Construction
PRK,Park National Corporation Common Stock,$158.45,-2.18,-1.357%,2862619971.00,United States,1994,99378,Finance,Major Banks
PRKS,United Parks & Resorts Inc. Common Stock,$34.22,0.04,0.117%,1663991746.00,United States,2013,1185036,Health Care,Biotechnology: Electromedical & Electrotherapeutic Apparatus
PRLB,Proto Labs Inc. Common stock,$57.59,0.25,0.436%,1369211464.00,United States,2012,208444,Industrials,Metal Fabrications
PRLD,Prelude Therapeutics Incorporated Common Stock,$3.09,-0.14,-4.334%,194253684.00,United States,2020,285435,Health Care,Biotechnology: Pharmaceutical Preparations
PRM,Perimeter Solutions SA Common Stock,$23.82,0.29,1.232%,3559662229.00,Luxembourg,,1211408,Industrials,Major Chemicals
PRMB,Primo Brands Corporation Class A Common Stock,$21.73,-0.31,-1.407%,7895138388.00,United States,2024,5977478,Consumer Staples,Beverages (Production/Distribution)
PRME,Prime Medicine Inc. Common Stock,$4.11,0.10,2.494%,742069456.00,United States,2022,2947301,Health Care,Biotechnology: Biological Products (No Diagnostic Substances)
PROF,Profound Medical Corp. Common Stock,$5.23,-0.08,-1.507%,158118412.00,Canada,,828029,Health Care,Medical/Dental Instruments
PROK,ProKidney Corp. Class A Ordinary Shares,$2.39,0.09,3.913%,718994166.00,United States,2021,530526,Health Care,Biotechnology: Biological Products (No Diagnostic Substances)
PROP,Prairie Operating Co. Common Stock,$1.91,0.31,19.375%,113925025.00,United States,,11176072,Finance,Finance: Consumer Services
PROV,Provident Financial Holdings Inc. Common Stock,$16.03,-0.14,-0.866%,102191571.00,United States,,4842,Finance,Savings Institutions
PRPL,Purple Innovation Inc. Common Stock,$0.7113,0.0031,0.438%,77111270.00,United States,2015,286066,Consumer Discretionary,Home Furnishings
PRPO,Precipio Inc.  Common Stock,$25.65,-0.8842,-3.332%,44938980.00,United States,,64789,Industrials,Biotechnology: Laboratory Analytical Instruments
PRQR,ProQR Therapeutics N.V. Ordinary Shares,$1.89,0.11,6.18%,198851676.00,Netherlands,2014,649222,Health Care,Biotechnology: Pharmaceutical Preparations
PRS,Prudential Financial Inc. 5.625% Junior Subordinated Notes due 2058,$23.92,-0.09,-0.375%,8419840000.00,United States,2018,39588,Finance,Life Insurance
PRSO,Peraso Inc. Common Stock,$1.81,-0.23,-11.275%,18800307.00,United States,,28470542,Technology,Semiconductors
PRSU,Pursuit Attractions and Hospitality Inc. Common Stock,$36.13,-0.92,-2.483%,1012341753.00,United States,,311121,Real Estate,Real Estate
PRT,PermRock Royalty Trust Units of Beneficial Interest,$3.53,0.09,2.616%,42945034.00,United States,2018,61607,Energy,Oil & Gas Production
PRTA,Prothena Corporation plc Ordinary Shares,$9.81,0.22,2.294%,528101553.00,United States,,625867,Health Care,Biotechnology: Pharmaceutical Preparations
PRTC,PureTech Health plc American Depositary Shares,$16.40,-0.40,-2.381%,396361826.00,United States,,8726,Health Care,Biotechnology: Pharmaceutical Preparations
PRTH,Priority Technology Holdings Inc. Common Stock,$5.38,-0.24,-4.27%,440469036.00,United States,2016,505176,Real Estate,Real Estate
PRTS,CarParts.com Inc. Common Stock,$0.8097,0.0631,8.452%,57065763.00,United States,2007,878548,Consumer Discretionary,Auto & Home Supply Stores
PRU,Prudential Financial Inc. Common Stock,$95.93,-1.19,-1.225%,33383640000.00,United States,2001,2791904,Finance,Life Insurance
PRVA,Privia Health Group Inc. Common Stock,$23.30,0.03,0.129%,2881937134.00,United States,2021,1036607,Health Care,Medical/Nursing Services
PRZO,ParaZero Technologies Ltd. Ordinary Shares,$1.14,-0.14,-10.938%,24138774.00,Israel,2023,900017,Industrials,Military/Government/Technical
PSA,Public Storage Common Stock,$306.48,-1.65,-0.535%,53789215877.00,United States,,1441393,Real Estate,Real Estate Investment Trusts
PSA^F,Public Storage Depositary Shares Each Representing 1/1000 of a 5.15% Cumulative Preferred Share of Beneficial Interest Series F par value $0.01 per share,$20.68,-0.06,-0.289%,,United States,,43156,,
PSA^G,Public Storage Depositary Shares Each Representing 1/1000 of a 5.05% Cumulative Preferred Share of Beneficial Interest Series G,$20.43,-0.13,-0.632%,,United States,,28752,,
PSA^H,Public Storage Depositary Shares Each Representing 1/1000 of a  5.60% Cumulative Preferred  Share of Beneficial Interest Series H,$22.95,0.00,0.00%,,United States,,48241,,
PSA^I,Public Storage Depositary Shares Each Representing 1/1000 of a 4.875% Cumulative Preferred Share of Beneficial Interest Series I par value $0.01 per share,$19.61,-0.04,-0.204%,,United States,,21498,,
PSA^J,Public Storage Depositary Shares Each Representing 1/1000 of a 4.700% Cumulative Preferred Share of Beneficial Interest Series J par value $0.01 per share,$18.78,-0.11,-0.582%,,United States,,12605,,
PSA^K,Public Storage Depositary Shares Each Representing 1/1000 of a 4.75% Cumulative Preferred Share of Beneficial Interest Series K,$19.09,-0.13,-0.676%,,United States,,13522,,
PSA^L,Public Storage Depositary Shares Each Representing 1/1000 of a 4.625% Cumulative Preferred Share of Beneficial Interest Series L par value $0.01 per share,$18.70,-0.13,-0.69%,,United States,,28102,,
PSA^M,Public Storage Depositary Shares Each Representing 1/1000 of a 4.125% Cumulative Preferred Share of Beneficial Interest Series M,$16.56,-0.14,-0.838%,,United States,,12695,,
PSA^N,Public Storage Depositary Shares Each Representing 1/1000 of a 3.875% Cumulative Preferred Share of Beneficial Interest Series N,$15.47,-0.04,-0.258%,,United States,,31979,,
PSA^O,Public Storage Depositary Shares Each Representing 1/1000 of a 3.900% Cumulative Preferred Share of Beneficial Interest Series O,$15.58,-0.055,-0.352%,,United States,,10030,,
PSA^P,Public Storage Depositary Shares Each Representing 1/1000 of a 4.000% Cumulative Preferred Share of Bene cial Interest Series P,$16.12,-0.08,-0.494%,,United States,,79166,,
PSA^Q,Public Storage Depositary Shares Each Representing 1/1000 of a 3.950% Cumulative Preferred Share of Beneficial Interest Series Q par value $0.01 per share,$15.74,-0.025,-0.159%,,United States,,21861,,
PSA^R,Public Storage Depositary Shares Each Representing 1/1000 of a 4.00% Cumulative Preferred Share of Bene cial Interest Series R,$16.12,-0.05,-0.309%,,United States,,16578,,
PSA^S,Public Storage Depositary Shares Each Representing 1/1000 of a 4.100% Cumulative Preferred Share of Beneficial Interest Series S,$16.40,-0.05,-0.304%,,United States,,17797,,
PSBD,Palmer Square Capital BDC Inc. Common Stock,$10.72,-0.21,-1.921%,0.00,,2024,54681,,
PSEC,Prospect Capital Corporation Common Stock,$2.67,-0.06,-2.198%,1288247790.00,United States,2004,5405438,Finance,Finance: Consumer Services
PSEC^A,Prospect Capital Corporation 5.35% Series A Fixed Rate Cumulative Perpetual Preferred Stock,$17.7984,-0.2016,-1.12%,,United States,,5380,,
PSF,Cohen & Steers Select Preferred and Income Fund Inc. Common Stock,$19.72,-0.30,-1.499%,969013744.00,,2010,56260,Finance,Investment Managers
PSFE,Paysafe Limited Common Shares,$7.56,0.01,0.132%,481393455.00,,2021,412799,Real Estate,Real Estate
PSHG,Performance Shipping Inc. Common Shares,$2.35,0.06,2.62%,29215571.00,Greece,,321542,Consumer Discretionary,Marine Transportation
PSIG,PS International Group Ltd. Ordinary Shares,$6.20,-0.16,-2.516%,53463232.00,Hong Kong,,3148,Industrials,Integrated Freight & Logistics
PSIX,Power Solutions International Inc. Common Stock,$52.34,0.19,0.364%,1206460553.00,United States,,729647,Industrials,Industrial Machinery/Components
PSKY,Paramount Skydance Corporation Class B Common Stock,$11.19,-0.80,-6.672%,12440383010.00,United States,,13467412,Industrials,Broadcasting
PSMT,PriceSmart Inc. Common Stock,$148.84,3.68,2.535%,4586566666.00,United States,,243135,Consumer Discretionary,Department/Specialty Retail Stores
PSN,Parsons Corporation Common Stock,$62.55,-2.64,-4.05%,6693569075.00,United States,2019,1884585,Technology,EDP Services
PSNL,Personalis Inc. Common Stock,$8.16,0.32,4.082%,853795749.00,United States,2019,1394272,Health Care,Medical Specialities
PSNY,Polestar Automotive Holding UK PLC Class A ADS,$16.21,-0.35,-2.114%,1248044729.00,Sweden,,286384,Industrials,Auto Manufacturing
PSNYW,Polestar Automotive Holding UK PLC Class C-1 ADS (ADW),$4.3465,-0.2535,-5.511%,334646910.00,Sweden,,4580,Industrials,Auto Manufacturing
PSO,Pearson Plc Common Stock,$13.18,0.06,0.457%,8379487323.00,United Kingdom,,1340625,Consumer Discretionary,Books
PSQH,PSQ Holdings Inc. Class A Common Stock,$0.635,0.025,4.098%,34750058.00,,2021,303427,Consumer Discretionary,Advertising
PSTG,Everpure Inc. Class A common stock,$62.87,1.97,3.235%,20757891573.00,United States,2015,2986704,Technology,Electronic Components
PSTL,Postal Realty Trust Inc. Class A Common Stock,$19.29,-0.56,-2.821%,529840957.00,United States,2019,393963,Real Estate,Real Estate Investment Trusts
PSTV,PLUS THERAPEUTICS Inc. Common Stock ,$0.2952,0.0065,2.251%,41002556.00,United States,,3647864,Health Care,Medical/Dental Instruments
PSX,Phillips 66 Common Stock,$163.00,-2.96,-1.784%,65321275586.00,United States,,4718971,Energy,Integrated oil Companies
PTA,Cohen & Steers Tax-Advantaged Preferred Securities and Income Fund Common Shares of Beneficial Interest,$19.11,-0.17,-0.882%,1056275763.00,United States,2020,187338,Finance,Trusts Except Educational Religious and Charitable
PTC,PTC Inc. Common Stock,$163.42,0.71,0.436%,19446345277.00,United States,,1157353,Technology,Computer Software: Prepackaged Software
PTCT,PTC Therapeutics Inc. Common Stock,$68.40,5.58,8.883%,5661791532.00,United States,2013,2494775,Health Care,Biotechnology: Pharmaceutical Preparations
PTEN,Patterson-UTI Energy Inc. Common Stock,$9.27,0.30,3.344%,3518662104.00,United States,1993,18025186,Energy,Oil & Gas Production
PTGX,Protagonist Therapeutics Inc. Common Stock,$96.66,4.57,4.963%,6167750489.00,United States,2016,726815,Health Care,Biotechnology: Pharmaceutical Preparations
PTHS,Pelthos Therapeutics Inc. Common Stock,$23.05,-0.07,-0.303%,74579266.00,,2024,1162,Health Care,Biotechnology: Biological Products (No Diagnostic Substances)
PTLE,PTL LTD Class A Ordinary Shares,$8.97,-0.74,-7.621%,56341413.00,Singapore,2024,15710,Energy,Oil Refining/Marketing
PTLO,Portillo's Inc. Class A Common Stock,$5.01,-0.07,-1.378%,378295005.00,United States,2021,1451952,Consumer Discretionary,Restaurants
PTN,Palatin Technologies Inc. Common Stock,$22.96,-1.02,-4.254%,40689689.00,United States,,9271,Health Care,Biotechnology: Pharmaceutical Preparations
PTON,Peloton Interactive Inc. Class A Common Stock,$3.86,0.03,0.783%,1642387887.00,United States,2019,8254282,Consumer Discretionary,Recreational Games/Products/Toys
PTORU,Praetorian Acquisition Corp. Units,$9.97,0.00,0.00%,0.00,United States,2026,75,,
PTRN,Pattern Group Inc. Series A Common Stock,$10.13,-0.67,-6.204%,1785158470.00,United States,2025,2855529,Consumer Discretionary,Catalog/Specialty Distribution
PTY,Pimco Corporate & Income Opportunity Fund,$12.25,-0.17,-1.369%,0.00,United States,2002,2449473,Finance,Investment Managers
PUBM,PubMatic Inc. Class A Common Stock,$8.80,-0.11,-1.235%,417167731.00,United States,2020,871360,Technology,Computer Software: Programming Data Processing
PUK,Prudential Public Limited Company Common Stock,$29.22,0.33,1.142%,37332041235.00,United Kingdom,,1015060,Finance,Life Insurance
PULM,Pulmatrix Inc. Common Stock,$2.05,0.03,1.485%,7487184.00,United States,2014,46974,Health Care,Biotechnology: Pharmaceutical Preparations
PUMP,ProPetro Holding Corp. Common Stock,$12.22,-0.18,-1.452%,1491133854.00,United States,2017,3335174,Energy,Oilfield Services/Equipment
PURR,Hyperliquid Strategies Inc Common Stock,$5.35,1.02,23.557%,663226168.00,United States,,8147191,Finance,Finance: Consumer Services
PVH,PVH Corp. Common Stock,$64.56,-0.35,-0.539%,2957022054.00,United States,,954042,Industrials,Garments and Clothing
PVL,Permianville Royalty Trust Units of Beneficial Interest,$1.89,0.16,9.249%,62370000.00,United States,2011,330857,Energy,Oil & Gas Production
PVLA,Palvella Therapeutics Inc. Common Stock,$136.70,2.31,1.719%,1618048183.00,United States,,258635,Health Care,Biotechnology: Pharmaceutical Preparations
PW,Power REIT (MD) Common Stock,$0.86,0.0099,1.165%,2915108.00,United States,1998,21417,Real Estate,Real Estate Investment Trusts
PW^A,Power REIT 7.75% Series A Cumulative Perpetual Preferred Stock,$7.01,0.33,4.94%,,United States,,2347,,
PWP,Perella Weinberg Partners Class A Common Stock,$16.74,-0.46,-2.674%,1536591284.00,United States,2020,1158314,Finance,Finance: Consumer Services
PWR,Quanta Services Inc. Common Stock,$568.04,27.85,5.156%,84989819881.00,United States,,1611281,Industrials,Engineering & Construction
PXED,Phoenix Education Partners Inc. Common Stock,$29.28,-1.03,-3.398%,1047044894.00,,2025,59713,Real Estate,Other Consumer Services
PXLW,Pixelworks Inc.  Common Stock,$5.98,-0.09,-1.483%,37635399.00,United States,2000,17331,Technology,Semiconductors
PXS,Pyxis Tankers Inc. Common Stock,$4.08,0.09,2.256%,42782329.00,Greece,,139405,Consumer Discretionary,Marine Transportation
PYPD,PolyPid Ltd. Ordinary Shares,$4.18,-0.01,-0.239%,79767926.00,Israel,2020,34657,Health Care,Biotechnology: Pharmaceutical Preparations
PYPL,PayPal Holdings Inc. Common Stock,$46.16,-0.81,-1.725%,42497875259.00,United States,,18901226,Industrials,Diversified Commercial Services
PYXS,Pyxis Oncology Inc. Common Stock,$1.50,0.13,9.489%,136506771.00,United States,2021,453523,Health Care,Biotechnology: Pharmaceutical Preparations
PZG,Paramount Gold Nevada Corp. Common Stock,$2.33,0.02,0.866%,195284854.00,United States,2015,830653,Basic Materials,Metal Mining
PZZA,Papa John's International Inc. Common Stock,$32.71,2.01,6.547%,1073239698.00,United States,1993,2029856,Consumer Discretionary,Restaurants
Q,Qnity Electronics Inc. Common Stock,$114.25,4.11,3.732%,23953530125.00,United States,2025,1994539,Technology,Semiconductors
QBTS,D-Wave Quantum Inc. Common Shares,$19.04,0.45,2.421%,6982683923.00,,2022,25985328,Technology,EDP Services
QCLS,Q/C Technologies Inc. Common Stock,$4.07,-0.43,-9.556%,31963456.00,United States,2014,1184872,Health Care,Biotechnology: In Vitro & In Vivo Diagnostic Substances
QCOM,QUALCOMM Incorporated Common Stock,$138.11,2.42,1.783%,147363370000.00,United States,1991,12298547,Technology,Radio And Television Broadcasting And Communications Equipment
QCRH,QCR Holdings Inc. Common Stock,$83.35,0.30,0.361%,1394505679.00,United States,,232094,Finance,Major Banks
QDEL,QuidelOrtho Corporation Common Stock,$19.86,-0.97,-4.657%,1352103893.00,United States,,1605297,Health Care,Biotechnology: In Vitro & In Vivo Diagnostic Substances
QETA,Quetta Acquisition Corporation Common Stock,$11.79,0.29,2.522%,0.00,United States,2023,7163,Finance,Blank Checks
QETAR,Quetta Acquisition Corporation Right,$0.8222,0.0222,2.775%,0.00,United States,2023,1410,Finance,Blank Checks
QETAU,Quetta Acquisition Corporation Unit,$11.28,0.00,0.00%,0.00,United States,2023,1,Finance,Blank Checks
QFIN,Qfin Holdings Inc. American Depositary Shares,$14.61,-0.11,-0.747%,1966506000.00,China,2018,1313288,Finance,Finance: Consumer Services
QGEN,Qiagen N.V. Common Shares,$43.33,-1.22,-2.738%,8925642806.00,Netherlands,2026,2755556,Health Care,Biotechnology: Biological Products (No Diagnostic Substances)
QH,Quhuo Limited American Depository Shares,$0.0988,-0.0012,-1.20%,513602.00,China,2020,2369194,Real Estate,Real Estate
QIPT,Quipt Home Medical Corp. Common Shares,$3.64,0.00,0.00%,161361098.00,United States,,284220,Health Care,Misc Health and Biotechnology Services
QLYS,Qualys Inc. Common Stock,$96.36,-2.30,-2.331%,3437732229.00,United States,2012,699285,Technology,Computer Software: Prepackaged Software
QMCO,Quantum Corporation Common Stock,$5.38,0.25,4.873%,78752596.00,United States,,352729,Technology,Electronic Components
QNC,Quantum eMotion Corp. Common Shares,$3.32,-0.03,-0.896%,674353984.00,,2026,246401,,
QNCX,Quince Therapeutics Inc. Common Stock,$0.1065,0.0042,4.106%,5930079.00,United States,2019,22748893,Health Care,Biotechnology: Biological Products (No Diagnostic Substances)
QNRX,Quoin Pharmaceuticals Ltd. American Depositary Shares,$8.43,-0.24,-2.768%,91417272.00,Israel,2016,12446,Health Care,Medical/Dental Instruments
QNST,QuinStreet Inc. Common Stock,$11.96,-0.22,-1.806%,681647510.00,United States,2010,750451,Real Estate,Real Estate
QNTM,Quantum Biopharma Ltd. Class B Subordinate Voting Shares,$3.36,-0.14,-4.00%,12912262.00,Canada,,37464,Health Care,Biotechnology: Pharmaceutical Preparations
QQQX,Nuveen NASDAQ 100 Dynamic Overwrite Fund Shares of Beneficial Interest,$27.61,-0.06,-0.217%,0.00,United States,,194603,Finance,Finance Companies
QRHC,Quest Resource Holding Corporation Common Stock,$1.55,-0.05,-3.125%,32348646.00,United States,,37888,Utilities,Environmental Services
QRVO,Qorvo Inc. Common Stock,$78.04,0.40,0.515%,7234751189.00,United States,,1527679,Technology,Semiconductors
QS,QuantumScape Corporation Class A Common Stock,$6.80,0.11,1.644%,4165556981.00,United States,,11228397,Miscellaneous,Industrial Machinery/Components
QSEA,Quartzsea Acquisition Corporation Ordinary Shares,$10.33,-0.005,-0.048%,0.00,United States,2025,449,Finance,Blank Checks
QSEAR,Quartzsea Acquisition Corporation Rights,$0.28,0.00,0.00%,0.00,United States,2025,462,Finance,Blank Checks
QSI,Quantum-Si Incorporated Class A Common Stock,$0.9259,0.0641,7.438%,200335847.00,United States,2020,4911743,Industrials,Industrial Machinery/Components
QSIAW,Quantum-Si Incorporated Warrant,$0.1674,0.0068,4.234%,36220133.00,United States,2020,2380,Industrials,Industrial Machinery/Components
QSR,Restaurant Brands International Inc. Common Shares,$73.36,-0.62,-0.838%,33441907060.00,Canada,2014,4465694,Consumer Discretionary,Restaurants
QTI,QT Imaging Holdings Inc. Common Stock,$6.02,0.02,0.333%,71651232.00,United States,,131119,Health Care,Biotechnology: Electromedical & Electrotherapeutic Apparatus
QTRX,Quanterix Corporation Common Stock,$5.10,0.04,0.791%,239393873.00,United States,2017,685771,Industrials,Biotechnology: Laboratory Analytical Instruments
QTTB,Q32 Bio Inc. Common Stock,$5.10,0.40,8.511%,62752195.00,United States,2018,232701,Health Care,Biotechnology: Pharmaceutical Preparations
QTWO,Q2 Holdings Inc. Common Stock,$52.75,-0.10,-0.189%,3291830623.00,United States,2014,1108839,Technology,Computer Software: Prepackaged Software
QUAD,Quad Graphics Inc Class A Common Stock,$6.61,-0.25,-3.644%,345463540.00,United States,,240463,Consumer Discretionary,Publishing
QUBT,Quantum Computing Inc. Common Stock,$7.63,0.03,0.395%,1713226878.00,United States,,11950613,Technology,Computer Software: Prepackaged Software
QUIK,QuickLogic Corporation Common Stock,$8.57,-0.14,-1.607%,146463468.00,United States,1999,197339,Technology,Semiconductors
QUMS,Quantumsphere Acquisition Corp. Ordinary Shares,$10.08,0.00,0.00%,0.00,United States,2025,6287,,
QUMSR,Quantumsphere Acquisition Corp. Rights,$0.264,0.024,10.00%,0.00,United States,2025,3547,,
QUMSU,Quantumsphere Acquisition Corp. Units,$10.10,-0.14,-1.367%,0.00,United States,2025,101,,
QURE,uniQure N.V. Ordinary Shares,$17.99,3.72,26.069%,1124904050.00,Netherlands,2014,15377648,Health Care,Biotechnology: Pharmaceutical Preparations
QVCC,QVC Inc. 6.250% Senior Secured Notes due 2068,$9.26,0.22,2.434%,0.00,United States,2019,81541,Consumer Discretionary,Catalog/Specialty Distribution
QVCD,QVC Inc. 6.375% Senior Secured Notes due 2067,$9.26,0.22,2.434%,0.00,United States,2018,18969,Consumer Discretionary,Catalog/Specialty Distribution
QVCGA,QVC Group Inc. Series A Common Stock,$3.13,-0.02,-0.635%,25254305.00,United States,,119071,Consumer Discretionary,Catalog/Specialty Distribution
QVCGP,QVC Group Inc. 8.0% Fixed Rate Cumulative Redeemable Preferred Stock,$4.52,-0.23,-4.842%,36469475.00,United States,,31592,Consumer Discretionary,Catalog/Specialty Distribution
QXO,QXO Inc. Common Stock,$21.69,-0.11,-0.505%,15368475289.00,United States,,6553896,Consumer Discretionary,RETAIL: Building Materials
QXO^B,QXO Inc.  Depositary Shares each representing a 1/20th interest in a share of 5.50% Series B Mandatory Convertible Preferred Stock,$60.65,-1.09,-1.765%,,United States,,69255,,
R,Ryder System Inc. Common Stock,$201.79,2.91,1.463%,7956015495.00,United States,,273209,Consumer Discretionary,Rental/Leasing Companies
RA,Brookfield Real Assets Income Fund Inc. Common Stock,$12.81,-0.18,-1.386%,0.00,United States,2016,521650,Finance,Investment Managers
RAAQ,Real Asset Acquisition Corp. Class A Ordinary Share,$10.54,-0.05,-0.472%,0.00,United States,2025,22998,Finance,Blank Checks
RAAQU,Real Asset Acquisition Corp. Unit,$11.38,0.00,0.00%,0.00,United States,2025,36,Finance,Blank Checks
RAAQW,Real Asset Acquisition Corp. Warrants,$1.25,-0.04,-3.101%,0.00,United States,2025,96149,Finance,Blank Checks
RAC,Rithm Acquisition Corp. Class A Ordinary Shares,$10.42,0.00,0.00%,0.00,,2025,9854,,
RACE,Ferrari N.V. Common Shares,$346.58,-3.50,-1.00%,81080496594.00,Italy,2015,763290,Industrials,Auto Manufacturing
RADX,Radiopharm Theranostics Limited American Depositary Shares,$4.94,-0.05,-1.002%,63005027.00,Australia,,134912,Health Care,Biotechnology: Pharmaceutical Preparations
RAIL,FreightCar America Inc. Common Stock,$12.68,-0.05,-0.393%,241923064.00,United States,2005,312693,Industrials,Railroads
RAIN,Rain Enhancement Technologies Holdco Inc. Class A Common Stock,$2.81,0.01,0.357%,23010621.00,United States,,6036,Technology,Industrial Machinery/Components
RAINW,Rain Enhancement Technologies Holdco Inc. Warrants,$0.20,0.00,0.00%,1637767.00,United States,,10265,Technology,Industrial Machinery/Components
RAL,Ralliant Corporation Common Stock,$44.94,0.30,0.672%,5022407756.00,United States,2025,1595401,Industrials,Industrial Machinery/Components
RAMP,LiveRamp Holdings Inc. Common Stock,$29.68,0.29,0.987%,1873546854.00,United States,2018,842508,Technology,EDP Services
RAND,Rand Capital Corporation Common Stock,$12.15,0.40,3.404%,36083240.00,United States,,6674,Finance,Finance: Consumer Services
RANG,Range Capital Acquisition Corp. Ordinary Shares,$10.49,0.00,0.00%,0.00,United States,2025,1,,
RANGR,Range Capital Acquisition Corp. Rights,$0.3731,-0.0409,-9.879%,0.00,United States,2025,100,,
RANI,Rani Therapeutics Holdings Inc. Class A Common Stock,$1.38,0.08,6.154%,167699449.00,United States,2021,725793,Health Care,Biotechnology: Pharmaceutical Preparations
RAPP,Rapport Therapeutics Inc. Common Stock,$30.54,0.30,0.992%,1455237597.00,United States,2024,888022,Health Care,Biotechnology: Pharmaceutical Preparations
RARE,Ultragenyx Pharmaceutical Inc. Common Stock,$22.61,1.36,6.40%,2184799507.00,United States,2014,2256897,Health Care,Biotechnology: Pharmaceutical Preparations
RAVE,Rave Restaurant Group Inc. Common Stock,$2.64,-0.18,-6.383%,37518534.00,United States,,58073,Consumer Discretionary,Food Distributors
RAY,Raytech Holding Limited Ordinary Shares,$4.40,-0.20,-4.348%,11989472.00,Hong Kong,2024,15454,Consumer Discretionary,Consumer Electronics/Appliances
RAYA,Erayak Power Solution Group Inc. Class A Ordinary Shares,$1.01,0.24,31.169%,903921.00,China,2022,450090,Consumer Discretionary,Metal Fabrications
RBA,RB Global Inc. Common Stock,$105.79,1.60,1.536%,19644356892.00,Canada,,1318627,Real Estate,Real Estate
RBB,RBB Bancorp Common Stock,$21.08,-0.30,-1.403%,359348589.00,United States,2017,84101,Finance,Major Banks
RBBN,Ribbon Communications Inc. Common Stock,$2.19,0.04,1.86%,384573908.00,United States,,680950,Technology,EDP Services
RBC,RBC Bearings Incorporated Common Stock,$565.64,12.73,2.302%,17884949100.00,United States,2022,172660,Industrials,Metal Fabrications
RBCAA,Republic Bancorp Inc. Class A Common Stock,$68.42,-0.45,-0.653%,1336746650.00,United States,1998,48710,Finance,Major Banks
RBKB,Rhinebeck Bancorp Inc. Common Stock,$15.76,-0.16,-1.005%,175655933.00,United States,2019,6815,Finance,Banks
RBLX,Roblox Corporation Class A Common Stock,$62.65,-0.88,-1.385%,44400433845.00,United States,2021,11178634,Technology,Computer Software: Prepackaged Software
RBNE,Robin Energy Ltd. Common Stock,$2.27,-0.32,-12.355%,6369043.00,Cyprus,,1922713,Consumer Discretionary,Marine Transportation
RBRK,Rubrik Inc. Class A Common Stock,$57.17,0.00,0.00%,11442092128.00,United States,2024,3537361,Technology,Computer Software: Prepackaged Software
RC,Ready Capital Corporation Common Stock,$1.85,-0.07,-3.646%,301325741.00,United States,2013,3857897,Real Estate,Real Estate Investment Trusts
RC^C,Ready Capital Corporation 6.25% Series C Cumulative Convertible Preferred Stock,$12.70,0.29,2.337%,,United States,,367,,
RC^E,Ready Capital Corporation 6.50% Series E Cumulative Redeemable Preferred Stock,$12.47,0.03,0.241%,,United States,,2562,,
RCAT,Red Cat Holdings Inc. Common Stock,$14.095,-1.265,-8.236%,1682536204.00,United States,,32646436,Technology,Computer Software: Prepackaged Software
RCB,Ready Capital Corporation 6.20% Senior Notes due 2026,$24.84,0.17,0.689%,4081889436.00,United States,2019,1987,Real Estate,Real Estate Investment Trusts
RCD,Ready Capital Corporation 9.00% Senior Notes due 2029,$21.21,-0.15,-0.702%,0.00,United States,2024,10551,Real Estate,Real Estate Investment Trusts
RCEL,Avita Medical Inc. Common Stock,$4.96,0.21,4.421%,151933698.00,United States,,166081,Health Care,Medical/Dental Instruments
RCG,RENN Fund Inc Common Stock,$2.89,-0.08,-2.694%,0.00,United States,,41647,Finance,Investment Managers
RCI,Rogers Communication Inc. Common Stock,$40.63,0.40,0.994%,21949353045.00,Canada,,899019,Telecommunications,Cable & Other Pay Television Services
RCKT,Rocket Pharmaceuticals Inc. Common Stock,$5.11,0.70,15.873%,554788321.00,United States,2015,3892271,Health Care,Biotechnology: Pharmaceutical Preparations
RCKTW,Rocket Pharmaceuticals Inc. Warrant,$0.0199,-0.0001,-0.50%,2160526.00,United States,,8270,Health Care,Biotechnology: Pharmaceutical Preparations
RCKY,Rocky Brands Inc. Common Stock,$43.55,-0.22,-0.503%,326350069.00,United States,1993,97450,Consumer Discretionary,Shoe Manufacturing
RCL,Royal Caribbean Cruises Ltd. Common Stock,$290.55,12.47,4.484%,78601998437.00,United States,1993,5461879,Consumer Discretionary,Marine Transportation
RCMT,RCM Technologies Inc. Common Stock,$19.60,-0.10,-0.508%,145245996.00,United States,,77065,Consumer Discretionary,Professional Services
RCON,Recon Technology Ltd. Class A Ordinary Shares,$1.19,-0.21,-15.00%,36446637.00,China,2009,146943,Energy,Oilfield Services/Equipment
RCS,PIMCO Strategic Income Fund Inc.,$5.61,-0.12,-2.094%,0.00,United States,1994,343448,Finance,Investment Managers
RCT,RedCloud Holdings plc Ordinary Shares,$0.91,-0.0046,-0.503%,40246238.00,United Kingdom,2025,55984,Technology,Computer Software: Programming Data Processing
RCUS,Arcus Biosciences Inc. Common Stock,$23.43,1.32,5.97%,2936938223.00,United States,2018,1421262,Health Care,Biotechnology: Pharmaceutical Preparations
RDAC,Rising Dragon Acquisition Corp. Ordinary Shares,$4.97,-0.30,-5.693%,0.00,China,2024,1303,,
RDAG,Republic Digital Acquisition Company Class A Ordinary Shares,$10.20,0.00,0.00%,0.00,United States,2025,975,Finance,Blank Checks
RDAGU,Republic Digital Acquisition Company Unit,$10.37,-0.08,-0.766%,0.00,United States,2025,201,Finance,Blank Checks
RDAGW,Republic Digital Acquisition Company Warrants,$0.50,0.00,0.00%,0.00,United States,2025,12,Finance,Blank Checks
RDCM,Radcom Ltd. Ordinary Shares,$10.92,-0.28,-2.50%,173798527.00,Israel,1997,69711,Technology,Computer peripheral equipment
RDDT,Reddit Inc. Class A Common Stock,$138.86,-0.53,-0.38%,26527228966.00,United States,2024,7974426,Technology,EDP Services
RDGT,Ridgetech Inc. Ordinary Shares,$1.538,-0.1888,-10.934%,28123311.00,China,,541,Consumer Staples,Retail-Drug Stores and Proprietary Stores
RDHL,Redhill Biopharma Ltd. American Depositary Shares,$0.9241,0.0041,0.446%,4724817.00,Israel,,8372,Health Care,Biotechnology: Pharmaceutical Preparations
RDI,Reading International Inc Class A Common Stock,$1.04,0.0407,4.073%,23625950.00,United States,,33689,Consumer Discretionary,Movies/Entertainment
RDIB,Reading International Inc Class B Common Stock,$11.24,-0.31,-2.684%,255342002.00,United States,,9107,Consumer Discretionary,Movies/Entertainment
RDN,Radian Group Inc. Common Stock,$33.53,-0.37,-1.091%,4569213874.00,United States,,1770612,Finance,Property-Casualty Insurers
RDNT,RadNet Inc. Common Stock,$62.33,1.65,2.719%,4837563751.00,United States,,1352782,Health Care,Medical Specialities
RDNW,RideNow Group Inc. Class B Common Stock,$6.70,0.22,3.395%,255052263.00,United States,,82779,Technology,EDP Services
RDVT,Red Violet Inc. Common Stock ,$44.69,-0.29,-0.645%,630572057.00,United States,,82327,Technology,Computer Software: Prepackaged Software
RDW,Redwire Corporation Common Stock,$9.65,1.10,12.865%,1852566509.00,United States,2021,20755901,Industrials,Military/Government/Technical
RDWR,Radware Ltd. Ordinary Shares,$24.85,0.13,0.526%,1060760370.00,Israel,1999,152681,Real Estate,Real Estate
RDY,Dr. Reddy's Laboratories Ltd Common Stock,$14.39,-0.01,-0.069%,12007812702.00,India,,2554124,Health Care,Biotechnology: Pharmaceutical Preparations
RDZN,Roadzen Inc. Ordinary Shares,$1.24,-0.05,-3.876%,98822633.00,United States,2022,94698,Finance,Specialty Insurers
RDZNW,Roadzen Inc. Warrants,$0.12,0.0018,1.523%,9563481.00,United States,2022,1201,Finance,Specialty Insurers
REAL,The RealReal Inc. Common Stock,$10.87,-0.44,-3.89%,1293343090.00,United States,2019,3158721,Consumer Discretionary,Other Specialty Stores
REAX,The Real Brokerage Inc. Common Shares,$2.52,-0.01,-0.395%,534996000.00,Canada,,1931805,Finance,Real Estate
REBN,Reborn Coffee Inc. Common Stock,$1.95,0.23,13.372%,11653828.00,United States,2022,673124,Consumer Discretionary,Restaurants
RECT,Rectitude Holdings Ltd Ordinary Shares,$1.44,-0.01,-0.69%,20880000.00,Singapore,2024,3150,Consumer Discretionary,Industrial Machinery/Components
REE,REE Automotive Ltd. Class A Ordinary Shares,$0.6001,-0.0344,-5.422%,18615661.00,Israel,,11623,Industrials,Auto Manufacturing
REED,Reed's Inc. Common Stock,$2.68,0.37,16.017%,0.00,,2025,34293,,
REFI,Chicago Atlantic Real Estate Finance Inc. Common Stock,$12.27,0.00,0.00%,258654937.00,United States,2021,98714,Real Estate,Real Estate Investment Trusts
REFR,Research Frontiers Incorporated Common Stock,$0.94,-0.04,-4.082%,31629328.00,United States,,20838,Miscellaneous,Multi-Sector Companies
REG,Regency Centers Corporation Common Stock,$78.23,-0.43,-0.547%,14308780267.00,United States,1993,1292351,Real Estate,Real Estate Investment Trusts
REGCO,Regency Centers Corporation 5.875% Series B Cumulative Redeemable Preferred Stock,$22.33,-0.15,-0.667%,4084303507.00,United States,,1207,Real Estate,Real Estate Investment Trusts
REGCP,Regency Centers Corporation 6.25% Series A Cumulative Redeemable Preferred Stock,$23.08,-0.1066,-0.46%,4221483428.00,United States,,7468,Real Estate,Real Estate Investment Trusts
REGN,Regeneron Pharmaceuticals Inc. Common Stock,$781.60,21.74,2.861%,82630600370.00,United States,1991,697061,Health Care,Biotechnology: Pharmaceutical Preparations
REI,Ring Energy Inc. Common Stock,$1.50,-0.04,-2.597%,314092665.00,United States,,9089543,Energy,Oil & Gas Production
REKR,Rekor Systems Inc. Common Stock,$0.9493,0.0637,7.193%,129539178.00,United States,,1936482,Telecommunications,Telecommunications Equipment
RELL,Richardson Electronics Ltd. Common Stock,$11.42,0.24,2.147%,165794669.00,United States,1983,86034,Technology,Electronic Components
RELX,RELX PLC PLC American Depositary Shares (Each representing One Ordinary Share),$35.68,0.00,0.00%,65079517022.00,United Kingdom,2015,3696920,Real Estate,Real Estate
RELY,Remitly Global Inc. Common Stock,$16.92,-0.12,-0.704%,3564272211.00,United States,2021,2734832,Real Estate,Real Estate
RENT,Rent the Runway Inc. Class A Common Stock,$4.565,-0.145,-3.079%,153140243.00,United States,2021,121131,Consumer Discretionary,Other Specialty Stores
RENX,RenX Enterprises Corp. Common Stock,$0.1367,0.0177,14.874%,6337548.00,United States,,17363182,Finance,Real Estate
REPL,Replimune Group Inc. Common Stock,$8.63,0.56,6.939%,712601702.00,United States,2018,3043414,Health Care,Biotechnology: Biological Products (No Diagnostic Substances)
REPX,Riley Exploration Permian Inc. Common Stock,$32.57,-0.44,-1.333%,702451130.00,United States,1999,638162,Energy,Oil & Gas Production
RERE,ATRenew Inc. American Depositary Shares (every three of which representing two Class A ordinary shares),$5.56,0.30,5.703%,1222178834.00,Cayman Islands,2021,1339332,Consumer Discretionary,Other Specialty Stores
RES,RPC Inc. Common Stock,$6.26,0.14,2.288%,1387461830.00,United States,,2844529,Energy,Oilfield Services/Equipment
RETO,ReTo Eco-Solutions Inc. Class A Shares,$0.9006,-0.003,-0.332%,2574673.00,China,2017,37571,Industrials,Industrial Machinery/Components
REVB,Revelation Biosciences Inc. Common Stock,$1.28,-0.01,-0.775%,4762138.00,United States,2020,46415,Health Care,Biotechnology: Pharmaceutical Preparations
REVBW,Revelation Biosciences Inc. Warrant,$0.0091,-0.0001,-1.087%,33856.00,United States,2020,600,Health Care,Biotechnology: Pharmaceutical Preparations
REX,REX American Resources Corporation,$37.35,-0.03,-0.08%,1230223767.00,United States,,177672,Industrials,Major Chemicals
REXR,Rexford Industrial Realty Inc. Common Stock,$35.66,-0.37,-1.027%,8267551227.00,United States,2013,2875341,Real Estate,Real Estate Investment Trusts
REXR^B,Rexford Industrial Realty Inc. 5.875% Series B Cumulative Redeemable Preferred Stock,$22.10,-0.25,-1.119%,,United States,,11804,,
REXR^C,Rexford Industrial Realty Inc. 5.625% Series C Cumulative Redeemable Preferred Stock par value $0.01 per share,$21.02,-0.09,-0.426%,,United States,,6319,,
REYN,Reynolds Consumer Products Inc. Common Stock,$22.15,-0.55,-2.423%,4659109810.00,United States,2020,1309990,Consumer Discretionary,Containers/Packaging
REZI,Resideo Technologies Inc. Common Stock ,$35.41,1.50,4.423%,5355659846.00,United States,2018,2192367,Industrials,Wholesale Distributors
RF,Regions Financial Corporation Common Stock,$26.96,-0.08,-0.296%,23280140389.00,United States,,19249888,Finance,Major Banks
RF^C,Regions Financial Corporation Depositary Shares each Representing a 1/40th Interest in a  Share of 5.700% Fixed-to-Floating Rate Non-Cumulative  Perpetual Preferred Stock Series C,$24.00,-0.40,-1.639%,,United States,,117535,,
RF^E,Regions Financial Corporation Depositary Shares Each Representing a 1/40th Interest in a Share of 4.45% Non-Cumulative Perpetual Preferred Stock Series E,$17.10,-0.05,-0.292%,,United States,,38861,,
RF^F,Regions Financial Corporation Depositary Shares Each Representing a 1/40th Interest in a Share of Non-Cumulative Perpetual Preferred Stock Series F,$25.10,-0.11,-0.436%,,United States,,45502,,
RFAI,RF Acquisition Corp II Ordinary Shares,$10.85,0.00,0.00%,0.00,Singapore,2024,6,,
RFAIR,RF Acquisition Corp II Right,$0.11,0.00,0.00%,0.00,Singapore,2024,513,Technology,Computer Software: Prepackaged Software
RFAM,RF Acquisition Corp III Ordinary Shares,$9.87,0.02,0.203%,0.00,Singapore,2026,200,,
RFAMR,RF Acquisition Corp III Rights,$0.11,0.00,0.00%,0.00,Singapore,2026,2000,,
RFAMU,RF Acquisition Corp III Units,$9.96,-0.01,-0.10%,0.00,Singapore,2026,111,Finance,Blank Checks
RFI,Cohen & Steers Total Return Realty Fund Inc. Common Stock,$11.61,-0.17,-1.443%,570499471.00,United States,1993,155340,Finance,Investment Managers
RFIL,RF Industries Ltd. Common Stock,$10.48,0.04,0.383%,112280634.00,United States,,171265,Technology,Electrical Products
RFL,Rafael Holdings Inc. Class B Common Stock,$1.49,0.00,0.00%,77126573.00,United States,2018,177718,Finance,Real Estate
RFM,RiverNorth Flexible Municipal Income Fund Inc. Common Stock,$14.52,-0.0025,-0.017%,88785429.00,,2020,7242,Finance,Finance/Investors Services
RFMZ,RiverNorth Flexible Municipal Income Fund II Inc. Common Stock,$12.87,0.05,0.39%,313407100.00,,2021,86788,Finance,Trusts Except Educational Religious and Charitable
RGA,Reinsurance Group of America Incorporated Common Stock,$206.38,-0.79,-0.381%,13530927644.00,United States,,410739,Finance,Life Insurance
RGC,Regencell Bioscience Holdings Limited Ordinary Shares,$25.90,2.55,10.921%,12807262717.00,Hong Kong,2021,314305,Health Care, Medicinal Chemicals and Botanical Products 
RGCO,RGC Resources Inc. Common Stock,$22.74,0.24,1.067%,236370634.00,United States,,8877,Utilities,Oil & Gas Production
RGEN,Repligen Corporation Common Stock,$127.89,7.90,6.584%,7204185658.00,United States,1986,1118793,Health Care,Biotechnology: Biological Products (No Diagnostic Substances)
RGLD,Royal Gold Inc. Common Stock,$281.86,2.02,0.722%,23904574222.00,United States,,783108,Industrials,Precious Metals
RGNT,Regentis Biomaterials Ltd. Ordinary Shares,$3.36,0.00,0.00%,17402710.00,,2025,631,Health Care,Biotechnology: Pharmaceutical Preparations
RGNX,REGENXBIO Inc. Common Stock,$10.38,1.73,20.00%,535742774.00,United States,2015,1930906,Health Care,Biotechnology: Biological Products (No Diagnostic Substances)
RGP,Resources Connection Inc. Common Stock,$3.63,0.02,0.554%,121612819.00,United States,,374553,Real Estate,Real Estate
RGR,Sturm Ruger & Company Inc. Common Stock,$38.46,0.44,1.157%,613217778.00,United States,,181538,Industrials,Ordnance And Accessories
RGS,Regis Corporation Common Stock,$19.47,-1.52,-7.242%,48651208.00,United States,1991,22572,Consumer Discretionary,Other Consumer Services
RGT,Royce Global Trust Inc. Common Stock,$13.93,-0.06,-0.429%,87298516.00,,2013,20210,Finance,Trusts Except Educational Religious and Charitable
RGTI,Rigetti Computing Inc. Common Stock,$17.60,0.59,3.469%,5845849803.00,United States,,26034661,Technology,EDP Services
RGTIW,Rigetti Computing Inc. Warrants,$8.14,0.535,7.035%,2703705534.00,United States,,133065,Technology,EDP Services
RH,RH Common Stock,$141.36,-0.80,-0.563%,2654415531.00,United States,2012,1852625,Consumer Discretionary,Other Specialty Stores
RHI,Robert Half Inc. Common Stock,$24.14,-0.62,-2.504%,2441606407.00,United States,,3491610,Consumer Discretionary,Professional Services
RHLD,Resolute Holdings Management Common Stock ,$171.49,8.22,5.035%,1457784014.00,United States,,467866,Finance,Finance: Consumer Services
RHP,Ryman Hospitality Properties Inc. (REIT),$94.95,-0.86,-0.898%,5982422643.00,United States,,522527,Real Estate,Real Estate Investment Trusts
RIBB,Ribbon Acquisition Corp Class A Ordinary Shares,$10.50,-0.09,-0.85%,0.00,Japan,2025,135,,
RIBBU,Ribbon Acquisition Corp Unit,$11.78,0.00,0.00%,0.00,Japan,2025,1,,
RICK,RCI Hospitality Holdings Inc. Common Stock,$22.47,-0.57,-2.474%,195948759.00,United States,1995,62269,Consumer Discretionary,Restaurants
RIG,Transocean Ltd (Switzerland) Common Stock,$6.17,0.24,4.047%,6804576775.00,Switzerland,,41083261,Energy,Oil & Gas Production
RIGL,Rigel Pharmaceuticals Inc. Common Stock,$28.07,-0.80,-2.771%,518540759.00,United States,2000,561376,Health Care,Biotechnology: Pharmaceutical Preparations
RILY,BRC Group Holdings Inc. Common Stock,$7.38,-0.10,-1.337%,230393785.00,United States,,517804,Finance,Investment Managers
RILYG,BRC Group Holdings Inc. 5.00% Senior Notes due 2026,$22.45,-0.03,-0.133%,684659132.00,United States,,3185,Finance,Investment Managers
RILYK,BRC Group Holdings Inc. 5.50% Senior Notes Due 2026,$25.15,0.00,0.00%,767001210.00,United States,,9382,Finance,Investment Managers
RILYL,BRC Group Holdings Inc. Depositary Shares each representing 1/1000th in a share of 7.375% Series B Cumulative Perpetual Preferred Stock par value $0.0001,$11.47,0.17,1.504%,358078145.00,United States,,5585,Finance,Investment Managers
RILYN,BRC Group Holdings Inc. 6.50% Senior Notes Due 2026,$23.49,0.03,0.128%,716376080.00,United States,,11817,Finance,Investment Managers
RILYP,BRC Group Holdings Inc. Depositary Shares each representing a 1/1000th fractional interest in a share of Series A Cumulative Perpetual Preferred Stock,$10.34,0.13,1.273%,322801048.00,United States,,7980,Finance,Investment Managers
RILYT,BRC Group Holdings Inc. 6.00% Senior Notes Due 2028,$17.57,-0.38,-2.117%,535833450.00,United States,,14238,Finance,Investment Managers
RILYZ,BRC Group Holdings Inc. 5.25% Senior Notes due 2028,$16.29,0.00,0.00%,496797205.00,United States,,32917,Finance,Investment Managers
RIME,Algorhythm Holdings Inc. Common Stock,$1.60,-0.07,-4.192%,9212963.00,United States,,1388080,Consumer Staples,Diversified Electronic Products
RIO,Rio Tinto Plc Common Stock,$90.35,0.14,0.155%,113480531870.00,Australia,2002,3390935,Basic Materials,Metal Mining
RIOT,Riot Platforms Inc. Common Stock ,$14.70,0.535,3.777%,5573149980.00,United States,,17230399,Finance,Finance: Consumer Services
RITM,Rithm Capital Corp. Common Stock,$9.84,0.19,1.969%,5469981364.00,United States,,16748817,Real Estate,Real Estate Investment Trusts
RITM^A,Rithm Capital Corp. 7.50% Series A Fixed-to-Floating Rate Cumulative Redeemable Preferred Stock,$25.36,-0.02,-0.079%,,United States,,14600,,
RITM^B,Rithm Capital Corp. 7.125% Series B Fixed-to-Floating Rate Cumulative Redeemable Preferred Stock,$25.15,-0.06,-0.238%,,United States,,35021,,
RITM^C,Rithm Capital Corp. 6.375% Series C Fixed-to-Floating Rate Cumulative Redeemable Preferred Stock,$24.48,-0.03,-0.122%,,United States,,20352,,
RITM^D,Rithm Capital Corp. 7.00% Fixed-Rate Reset Series D Cumulative Redeemable Preferred Stock,$24.75,0.01,0.04%,,United States,,26957,,
RITM^E,Rithm Capital Corp. 8.75% Series E Fixed-Rate Cumulative Redeemable Preferred Stock,$24.69,-0.09,-0.363%,,United States,,78058,,
RITM^F,Rithm Capital Corp. 8.750% Series F Fixed-Rate Reset Cumulative Redeemable Preferred Stock,$24.81,-0.02,-0.081%,,United States,,15113,,
RITR,Reitar Logtech Holdings Limited Ordinary shares,$0.63,-0.1799,-22.213%,39339563.00,Hong Kong,2024,929876,Finance,Real Estate
RIV,RiverNorth Opportunities Fund Inc. Common Stock,$11.49,-0.21,-1.795%,0.00,United States,2015,117428,Finance,Finance Companies
RIV^A,RiverNorth Opportunities Fund Inc. 6.00% Series A Perpetual Preferred Stock,$22.997,-0.193,-0.832%,,United States,,12303,,
RIVN,Rivian Automotive Inc. Class A Common Stock,$15.87,0.50,3.253%,19694507951.00,United States,2021,25620922,Industrials,Auto Manufacturing
RJET,Republic Airways Holdings Inc. Common Stock,$20.405,1.815,9.763%,956994500.00,United States,2018,166069,Consumer Discretionary,Air Freight/Delivery Services
RJF,Raymond James Financial Inc. Common Stock,$151.19,-0.86,-0.566%,29798193884.00,United States,,1216644,Finance,Investment Bankers/Brokers/Service
RKDA,Arcadia Biosciences Inc. Common Stock,$2.16,0.19,9.645%,3736549.00,United States,2015,80378,Consumer Staples,Farming/Seeds/Milling
RKLB,Rocket Lab Corporation Common Stock,$71.48,1.37,1.954%,40561000695.00,United States,2020,18394676,Industrials,Military/Government/Technical
RKT,Rocket Companies Inc. Class A Common Stock,$15.59,0.64,4.281%,43960921727.00,United States,2020,31419020,Finance,Finance: Consumer Services
RL,Ralph Lauren Corporation Common Stock,$344.12,5.76,1.702%,20831790442.00,United States,1997,788926,Industrials,Garments and Clothing
RLAY,Relay Therapeutics Inc. Common Stock,$10.14,0.25,2.528%,1812279703.00,United States,2020,2456027,Health Care,Biotechnology: Biological Products (No Diagnostic Substances)
RLGT,Radiant Logistics Inc. Common Stock,$7.17,0.13,1.847%,335746320.00,United States,,161505,Industrials,Integrated Freight & Logistics
RLI,RLI Corp. Common Stock (DE),$61.03,-0.67,-1.086%,5609888402.00,United States,,642374,Finance,Property-Casualty Insurers
RLJ,RLJ Lodging Trust Common Shares of Beneficial Interest $0.01 par value,$7.68,-0.16,-2.041%,1166726438.00,United States,2011,1624186,Real Estate,Real Estate Investment Trusts
RLJ^A,RLJ Lodging Trust $1.95 Series A Cumulative Convertible  Preferred Shares,$25.401,-0.099,-0.388%,,United States,,30031,,
RLMD,Relmada Therapeutics Inc. Common Stock,$7.17,2.72,61.124%,525802070.00,United States,,42923181,Health Care,Biotechnology: Pharmaceutical Preparations
RLTY,Cohen & Steers Real Estate Opportunities and Income Fund Common Shares of Beneficial Interest,$15.50,-0.08,-0.513%,0.00,,2022,72308,Finance,Investment Managers
RLX,RLX Technology Inc. American Depositary Shares each representing the right to receive one (1) Class A ordinary share,$2.24,-0.01,-0.444%,3518570877.00,Cayman Islands,2021,2847856,Health Care, Medicinal Chemicals and Botanical Products 
RLYB,Rallybio Corporation Common Stock,$10.765,-0.145,-1.329%,56844281.00,United States,2021,181679,Health Care,Biotechnology: Pharmaceutical Preparations
RM,Regional Management Corp. Common Stock,$32.31,0.07,0.217%,303614776.00,United States,2012,37894,Finance,Finance: Consumer Services
RMAX,RE/MAX Holdings Inc. Class A Common Stock,$6.02,-0.05,-0.824%,121257573.00,United States,2013,367833,Finance,Real Estate
RMBI,Richmond Mutual Bancorporation Inc. Common Stock,$13.57,-0.03,-0.221%,141806595.00,United States,2019,12072,Finance,Major Banks
RMBS,Rambus Inc. Common Stock,$88.52,0.40,0.454%,9541635597.00,United States,1997,2543270,Technology,Semiconductors
RMCF,Rocky Mountain Chocolate Factory Inc. Common Stock,$2.42,-0.03,-1.224%,22585429.00,United States,,21019,Consumer Staples,Specialty Foods
RMCO,Royalty Management Holding Corporation Class A Common Stock,$4.16,-0.13,-3.03%,62985453.00,United States,2023,14340,Miscellaneous,Multi-Sector Companies
RMCOW,Royalty Management Holding Corporation Warrant,$0.28,0.015,5.66%,4239406.00,United States,2023,3513,Miscellaneous,Multi-Sector Companies
RMD,ResMed Inc. Common Stock,$252.93,0.06,0.024%,36846437965.00,United States,,1048441,Health Care,Medical/Dental Instruments
RMI,RiverNorth Opportunistic Municipal Income Fund Inc. Common Stock,$15.51,-0.03,-0.193%,98849387.00,,2018,15315,Finance,Finance/Investors Services
RMM,RiverNorth Managed Duration Municipal Income Fund Inc. Common Stock,$14.40,0.17,1.195%,284250643.00,,2019,31995,Finance,Trusts Except Educational Religious and Charitable
RMMZ,RiverNorth Managed Duration Municipal Income Fund II Inc. Common Stock,$14.715,-0.03,-0.203%,290468626.00,,2022,5914,Finance,Investment Managers
RMNI,Rimini Street Inc. (DE) Common Stock,$3.58,-0.04,-1.105%,328157120.00,United States,2015,315560,Real Estate,Real Estate
RMR,The RMR Group Inc. Class A Common Stock,$16.31,-0.80,-4.676%,522868867.00,United States,,198196,Consumer Discretionary,Professional Services
RMSG,Real Messenger Corporation Ordinary Shares,$0.565,-0.0039,-0.686%,5407774.00,United States,,21317,Technology,Computer Software: Programming Data Processing
RMSGW,Real Messenger Corporation Warrants,$0.0322,0.0011,3.537%,308195.00,United States,,6669,Technology,Computer Software: Programming Data Processing
RMT,Royce Micro-Cap Trust Inc. Common Stock,$11.62,-0.18,-1.525%,537647023.00,United States,,268945,Finance,Investment Managers
RMTI,Rockwell Medical Inc. Common Stock,$0.9026,0.0364,4.202%,35567226.00,United States,1998,310945,Health Care,Biotechnology: Pharmaceutical Preparations
RNA,Atrium Therapeutics Inc. Common Stock,$14.79,-0.03,-0.202%,2294663264.00,United States,,829270,Health Care,Biotechnology: Pharmaceutical Preparations
RNAC,Cartesian Therapeutics Inc. Common Stock,$9.02,2.17,31.679%,234552526.00,United States,2016,2929670,Health Care,Biotechnology: Pharmaceutical Preparations
RNAZ,TransCode Therapeutics Inc. Common Stock,$9.67,0.07,0.729%,8867081.00,United States,2021,12191,Health Care,Biotechnology: Pharmaceutical Preparations
RNG,RingCentral Inc. Class A Common Stock,$41.84,-0.18,-0.428%,3517596371.00,United States,2013,2508608,Technology,EDP Services
RNGR,Ranger Energy Services Inc. Class A Common Stock,$16.79,0.35,2.129%,395409336.00,United States,2017,155660,Energy,Oilfield Services/Equipment
RNGT,Range Capital Acquisition Corp II Class A Ordinary Shares,$9.97,0.00,0.00%,0.00,United States,2025,586,Finance,Blank Checks
RNP,Cohen & Steers REIT and Preferred and Income Fund Inc. Common Shares,$21.25,-0.29,-1.346%,1044195845.00,United States,2003,142229,Finance,Investment Managers
RNR,RenaissanceRe Holdings Ltd. Common Stock,$296.64,-2.14,-0.716%,12900549669.00,Bermuda,,386932,Finance,Property-Casualty Insurers
RNR^F,RenaissanceRe Holdings Ltd. Depositary Shares each Representing a 1/1000th Interest in a 5.750% Series F Preference Share,$21.9966,-0.0134,-0.061%,,Bermuda,,9254,,
RNR^G,RenaissanceRe Holdings Ltd. Depositary Shares each representing a 1/1000th interest in a share of 4.20% Series G Preference Shares,$15.77,-0.04,-0.253%,,Bermuda,,20352,,
RNST,Renasant Corporation Common Stock,$36.61,-0.44,-1.188%,3446549859.00,United States,2023,1118474,Finance,Major Banks
RNTX,Rein Therapeutics Inc. Common Stock,$1.20,0.00,0.00%,31543658.00,United States,2017,109039,Health Care,Biotechnology: Pharmaceutical Preparations
RNW,ReNew Energy Global plc Class A Ordinary Shares,$5.28,-0.04,-0.752%,1915421080.00,United Kingdom,,651230,Utilities,Electric Utilities: Central
RNWWW,ReNew Energy Global plc Warrant,$0.0062,0.00,0.00%,2249169.00,United Kingdom,,17193,Utilities,Electric Utilities: Central
RNXT,RenovoRx Inc. Common Stock,$0.8002,0.01,1.266%,29327263.00,United States,2021,155900,Health Care,Biotechnology: Pharmaceutical Preparations
ROAD,Construction Partners Inc. Class A Common Stock,$123.47,5.38,4.556%,6977953475.00,United States,2018,705269,Industrials,Military/Government/Technical
ROC,Rank One Computing Corporation Common stock,$6.37,0.0099,0.156%,121167911.00,United States,2026,50013,Technology,Computer Software: Prepackaged Software
ROCK,Gibraltar Industries Inc. Common Stock,$39.18,-1.05,-2.61%,1157654007.00,United States,1993,395988,Industrials,Steel/Iron Ore
ROG,Rogers Corporation Common Stock,$104.77,1.19,1.149%,1867805300.00,United States,1960,126075,Industrials,Major Chemicals
ROIV,Roivant Sciences Ltd. Common Shares,$29.53,0.75,2.606%,21134654576.00,United Kingdom,,8811236,Health Care,Biotechnology: Pharmaceutical Preparations
ROK,Rockwell Automation Inc. Common Stock,$375.55,5.72,1.547%,42196012349.00,United States,,1219364,Industrials,Industrial Machinery/Components
ROKU,Roku Inc. Class A Common Stock,$100.17,-0.40,-0.398%,14767840622.00,United States,2017,3034565,Telecommunications,Cable & Other Pay Television Services
ROL,Rollins Inc. Common Stock,$57.57,-0.71,-1.218%,27696479163.00,United States,,3321672,Consumer Discretionary,Diversified Commercial Services
ROLR,High Roller Technologies Inc. Common Stock,$4.49,0.14,3.218%,48896540.00,,2024,95281,Consumer Discretionary,Services-Misc. Amusement & Recreation
ROMA,Roma Green Finance Limited Class A Ordinary Shares,$3.02,0.18,6.338%,179885004.00,Hong Kong,2024,198989,Consumer Discretionary,Professional Services
ROOT,Root Inc. Class A Common Stock,$45.21,-2.77,-5.773%,703225455.00,United States,2020,480930,Finance,Property-Casualty Insurers
ROP,Roper Technologies Inc. Common Stock,$363.06,-4.44,-1.208%,37368863596.00,United States,1992,1326277,Technology,Computer Software: Programming Data Processing
ROST,Ross Stores Inc. Common Stock,$212.15,0.40,0.189%,68618841475.00,United States,1985,3409166,Consumer Discretionary,Clothing/Shoe/Accessory Stores
RPAY,Repay Holdings Corporation Class A Common Stock,$2.81,-0.13,-4.422%,241834875.00,United States,2018,1393094,Real Estate,Real Estate
RPC,Ridgepost Capital Inc. Class A Common Stock,$7.68,-0.03,-0.389%,841002816.00,United States,2021,879557,Finance,Investment Managers
RPD,Rapid7 Inc. Common Stock,$6.64,-0.43,-6.082%,437530264.00,United States,2015,1954684,Technology,Computer Software: Prepackaged Software
RPGL,Republic Power Group Limited Class A Ordinary Shares,$1.16,-0.15,-11.45%,3906300.00,Singapore,2025,498949,Technology,Computer Software: Prepackaged Software
RPID,Rapid Micro Biosystems Inc. Class A Common Stock,$4.20,0.08,1.942%,186154731.00,United States,2021,89932,Industrials,Biotechnology: Laboratory Analytical Instruments
RPM,RPM International Inc. Common Stock,$102.64,0.50,0.49%,13145688103.00,United States,,1244734,Consumer Discretionary,Paints/Coatings
RPRX,Royalty Pharma plc Class A Ordinary Shares ,$45.84,0.43,0.947%,26443113558.00,United States,2020,3899874,Health Care,Biotechnology: Pharmaceutical Preparations
RPT,Rithm Property Trust Inc. Common stock,$14.63,0.21,1.456%,110768265.00,United States,2015,26618,Real Estate,Real Estate Investment Trusts
RPT^C,Rithm Property Trust Inc. 9.875% Series C Fixed-to-Floating Rate Cumulative Redeemable Preferred Stock,$25.00,0.00,0.00%,,United States,,740,,
RQI,Cohen & Steers Quality Income Realty Fund Inc Common Shares,$12.81,-0.10,-0.775%,1720388226.00,United States,2002,711403,Finance,Trusts Except Educational Religious and Charitable
RR,Richtech Robotics Inc. Class B Common Stock,$2.42,0.06,2.542%,888919855.00,United States,2023,8308601,Industrials,Industrial Machinery/Components
RRBI,Red River Bancshares Inc. Common Stock,$86.99,0.40,0.462%,587757417.00,United States,2019,51289,Consumer Discretionary,Hotels/Resorts
RRC,Range Resources Corporation Common Stock,$41.62,0.13,0.313%,9796557220.00,United States,,4162750,Energy,Oil & Gas Production
RRGB,Red Robin Gourmet Burgers Inc. Common Stock,$4.00,-0.15,-3.614%,72297888.00,United States,2002,309084,Consumer Discretionary,Restaurants
RRR,Red Rock Resorts Inc. Class A Common Stock,$58.09,0.39,0.676%,6101008671.00,United States,2016,1192569,Consumer Discretionary,Hotels/Resorts
RRX,Regal Rexnord Corporation Common Stock,$195.99,9.49,5.088%,13033253076.00,United States,1976,2052021,Consumer Discretionary,Metal Fabrications
RS,Reliance Inc. Common Stock,$302.58,-0.68,-0.224%,15653454955.00,United States,1994,341862,Industrials,Metal Fabrications
RSF,RiverNorth Capital and Income Fund Common Stock,$14.39,0.12,0.841%,48085293.00,,2019,19096,Finance,Investment Managers
RSG,Republic Services Inc. Common Stock,$230.14,-0.91,-0.394%,71068375796.00,United States,1998,1300410,Utilities,Environmental Services
RSI,Rush Street Interactive Inc. Class A Common Stock,$20.73,-0.14,-0.671%,4816640894.00,United States,2020,1079333,Consumer Discretionary,Services-Misc. Amusement & Recreation
RSKD,Riskified Ltd. Class A Ordinary Shares,$4.46,-0.02,-0.446%,721112790.00,,2021,906735,Real Estate,Real Estate
RSSS,Research Solutions Inc Common Stock,$2.35,-0.05,-2.083%,77327869.00,United States,,43768,Technology,EDP Services
RSVR,Reservoir Media Inc. Common Stock,$9.85,-0.15,-1.50%,646162157.00,United States,2021,155307,Consumer Discretionary,Services-Misc. Amusement & Recreation
RSVRW,Reservoir Media Inc. Warrant,$0.1823,0.0122,7.172%,11958920.00,United States,2021,1300,Consumer Discretionary,Services-Misc. Amusement & Recreation
RTAC,Renatus Tactical Acquisition Corp I Class A Ordinary Shares,$10.35,-0.01,-0.097%,0.00,United States,2025,166980,Finance,Blank Checks
RTACU,Renatus Tactical Acquisition Corp I Unit,$10.65,-0.11,-1.022%,0.00,United States,2025,9811,Finance,Blank Checks
RTACW,Renatus Tactical Acquisition Corp I Warrant,$0.6358,-0.0642,-9.171%,0.00,United States,2025,10088,Finance,Blank Checks
RTO,Rentokil Initial plc American Depositary Shares (each representing five (5) Ordinary Shares),$31.59,-0.27,-0.847%,7966998000.00,United States,2022,1432873,Consumer Discretionary,Other Consumer Services
RTX,RTX Corporation Common Stock,$208.23,-1.53,-0.729%,279504562773.00,United States,,8616000,Industrials,Aerospace
RUBI,Rubico Inc. Common Stock,$0.9025,-0.0521,-5.458%,3664081.00,Greece,,1610340,Consumer Discretionary,Marine Transportation
RUM,Rumble Inc. Class A Common Stock,$5.31,0.40,8.147%,2311074518.00,United States,2021,3386932,Technology,Computer Software: Programming Data Processing
RUMBW,Rumble Inc. Warrant,$1.2017,-0.0083,-0.686%,523016619.00,United States,2021,15727,Technology,Computer Software: Programming Data Processing
RUN,Sunrun Inc. Common Stock,$11.33,-0.01,-0.088%,2656798926.00,United States,2015,11724447,Miscellaneous,Industrial Machinery/Components
RUSHA,Rush Enterprises Inc. Common Stock Cl A,$65.10,-0.93,-1.408%,5008870493.00,United States,,426309,Consumer Discretionary,Retail-Auto Dealers and Gas Stations
RUSHB,Rush Enterprises Inc. Class B,$58.73,-1.34,-2.231%,4518755208.00,United States,,39549,Consumer Discretionary,Retail-Auto Dealers and Gas Stations
RVI,Robinhood Ventures Fund I Common Shares of Beneficial Interest,$22.02,1.02,4.857%,0.00,,2026,993573,,
RVLV,Revolve Group Inc. Class A Common Stock,$23.96,-1.27,-5.034%,1976849558.00,United States,2019,1050530,Consumer Discretionary,Catalog/Specialty Distribution
RVMD,Revolution Medicines Inc. Common Stock,$99.79,1.39,1.413%,19775723287.00,United States,2020,1498102,Health Care,Biotechnology: Biological Products (No Diagnostic Substances)
RVMDW,Revolution Medicines Inc. Warrant,$1.83,0.03,1.667%,362657317.00,United States,,23848,Health Care,Biotechnology: Biological Products (No Diagnostic Substances)
RVP,Retractable Technologies Inc. Common Stock,$0.66,-0.0386,-5.525%,19758525.00,United States,2001,87390,Health Care,Medical/Dental Instruments
RVPH,Reviva Pharmaceuticals Holdings Inc. Common Stock ,$2.88,-0.692,-19.373%,336527804.00,United States,2020,486759,Health Care,Biotechnology: Pharmaceutical Preparations
RVSB,Riverview Bancorp Inc Common Stock,$5.36,-0.03,-0.557%,111010429.00,United States,,55716,Finance,Savings Institutions
RVSN,Rail Vision Ltd. Ordinary Share,$8.05,-0.20,-2.424%,17647419.00,Israel,2022,23003,Industrials,Railroads
RVSNW,Rail Vision Ltd. Warrant,$0.0323,-0.0032,-9.014%,70809.00,Israel,2022,12791,Industrials,Railroads
RVT,Royce Small-Cap Trust Inc. Common Stock,$17.08,-0.22,-1.272%,1843900692.00,United States,1986,706319,Finance,Trusts Except Educational Religious and Charitable
RVTY,Revvity Inc. Common Stock,$92.11,0.77,0.843%,10297840339.00,United States,,1215425,Industrials,Biotechnology: Laboratory Analytical Instruments
RVYL,Ryvyl Inc. Common Stock,$5.52,0.07,1.284%,5727502.00,United States,,14845,Consumer Discretionary,Professional Services
RWAY,Runway Growth Finance Corp. Common Stock,$7.88,0.00,0.00%,284736212.00,United States,2021,521270,Finance,Finance: Consumer Services
RWAYI,Runway Growth Finance Corp. 7.25% Notes due 2031,$25.30,0.05,0.198%,0.00,United States,,12841,Finance,Finance: Consumer Services
RWAYL,Runway Growth Finance Corp. 7.50% Notes due 2027,$25.21,0.00,0.00%,913021293.00,United States,,8838,Finance,Finance: Consumer Services
RWT,Redwood Trust Inc. Common Stock,$5.99,-0.02,-0.333%,748686788.00,United States,1995,1764891,Real Estate,Real Estate Investment Trusts
RWT^A,Redwood Trust Inc. 10.00% Series A Fixed-Rate Reset Cumulative Redeemable Preferred Stock,$24.795,0.035,0.141%,,United States,,5581,,
RWTN,Redwood Trust Inc. 9.125% Senior Notes Due 2029,$24.95,-0.04,-0.16%,3224125427.00,United States,2024,5899,Real Estate,Real Estate Investment Trusts
RWTO,Redwood Trust Inc. 9.00% Senior Notes Due 2029,$24.9542,0.1342,0.541%,3224668165.00,United States,2024,1169,Real Estate,Real Estate Investment Trusts
RWTP,Redwood Trust Inc. 9.125% Senior Notes Due 2030,$24.55,0.05,0.204%,0.00,United States,2025,2260,Real Estate,Real Estate Investment Trusts
RWTQ,Redwood Trust Inc. 9.500% Senior Notes Due 2030,$24.57,-0.08,-0.325%,0.00,United States,2025,24294,Real Estate,Real Estate Investment Trusts
RXO,RXO Inc. Common Stock,$13.83,0.09,0.655%,2270802481.00,United States,2022,2100098,Consumer Discretionary,Transportation Services
RXRX,Recursion Pharmaceuticals Inc. Class A Common Stock,$3.51,0.05,1.445%,1851166969.00,United States,2021,12728473,Health Care,Biotechnology: Biological Products (No Diagnostic Substances)
RXST,RxSight Inc. Common Stock,$7.57,-0.12,-1.56%,312386156.00,United States,2021,1280599,Health Care,Ophthalmic Goods
RXT,Rackspace Technology Inc. Common Stock,$2.00,-0.07,-3.382%,487184240.00,United States,2020,8404016,Technology,Computer Software: Programming Data Processing
RY,Royal Bank Of Canada Common Stock,$163.44,-0.08,-0.049%,228248006774.00,Canada,,1446999,Finance,Commercial Banks
RYAAY,Ryanair Holdings plc American Depositary Shares,$63.05,-0.53,-0.834%,33179040396.00,Ireland,1997,1611647,Consumer Discretionary,Air Freight/Delivery Services
RYAM,Rayonier Advanced Materials Inc. Common Stock,$10.27,0.28,2.803%,688147440.00,United States,2014,1325042,Basic Materials,Paper
RYAN,Ryan Specialty Holdings Inc. Class A Common Stock,$37.84,-1.88,-4.733%,9996938286.00,United States,2021,1829764,Finance,Specialty Insurers
RYDE,Ryde Group Ltd. Class A Ordinary Shares,$0.61,-0.03,-4.688%,53867774.00,,2024,438984,Real Estate,Real Estate
RYET,Ruanyun Edai Technology Inc. Ordinary shares,$1.03,0.0054,0.527%,35380504.00,China,2025,5098,Technology,Computer Software: Prepackaged Software
RYM,RYTHM Inc. Common Stock,$17.86,-0.37,-2.03%,38383783.00,United States,2021,8283,Consumer Staples,Farming/Seeds/Milling
RYN,Rayonier Inc. REIT Common Stock,$21.10,-0.45,-2.088%,6378494721.00,United States,,4088323,Real Estate,Real Estate Investment Trusts
RYOJ,rYojbaba Co. Ltd. Common Shares,$2.23,0.01,0.45%,25087500.00,Japan,2025,4444,Consumer Discretionary,Professional Services
RYTM,Rhythm Pharmaceuticals Inc. Common Stock,$93.00,-0.52,-0.556%,6350508627.00,United States,2017,620215,Health Care,Biotechnology: Pharmaceutical Preparations
RYZ,Ryerson Holding Corporation Common Stock,$23.75,-1.26,-5.038%,1222714458.00,United States,2014,447349,Industrials,Metal Fabrications
RZB,Reinsurance Group of America Incorporated 5.75% Fixed-To-Floating Rate Subordinated Debentures due 2056,$24.91,-0.12,-0.479%,1633178639.00,United States,2016,10449,Finance,Life Insurance
RZC,Reinsurance Group of America Incorporated 7.125% Fixed-Rate Reset Subordinated Debentures due 2052,$25.58,-0.11,-0.428%,1677105965.00,United States,2022,231687,Finance,Life Insurance
RZLT,Rezolute Inc. Common Stock (NV),$3.26,0.15,4.823%,311974453.00,United States,,1983443,Health Care,Biotechnology: Pharmaceutical Preparations
RZLV,Rezolve AI PLC Ordinary Shares,$2.69,-0.04,-1.465%,1072846209.00,United Kingdom,,7202886,Technology,Computer Software: Programming Data Processing
RZLVW,Rezolve AI PLC Warrants,$0.97,-0.02,-2.02%,386862759.00,United Kingdom,,18530,Technology,Computer Software: Programming Data Processing
S,SentinelOne Inc. Class A Common Stock,$14.35,0.16,1.128%,4877120064.00,United States,2021,9115102,Technology,Computer Software: Prepackaged Software
SA,Seabridge Gold Inc. Ordinary Shares (Canada),$34.00,0.45,1.341%,3530635990.00,Canada,,720080,Basic Materials,Precious Metals
SAAQU,Space Asset Acquisition Corp. Units,$10.14,-0.01,-0.099%,0.00,United States,2026,2427,Finance,Blank Checks
SABA,Saba Capital Income & Opportunities Fund II Shares of Beneficial Interest,$8.15,-0.03,-0.367%,0.00,United States,,51334,,
SABR,Sabre Corporation Common Stock,$1.63,0.04,2.516%,644119004.00,United States,2014,10208903,Technology,Computer Software: Programming Data Processing
SABS,SAB Biotherapeutics Inc. Common Stock,$3.84,0.05,1.319%,182810308.00,United States,2021,175091,Health Care,Biotechnology: Biological Products (No Diagnostic Substances)
SABSW,SAB Biotherapeutics Inc. Warrant,$0.0318,0.00,0.00%,1513898.00,United States,2021,2881,Health Care,Biotechnology: Biological Products (No Diagnostic Substances)
SAC,Safeguard Acquisition Corp. Class A Ordinary Shares,$9.98,0.00,0.00%,0.00,,2026,664,Finance,Blank Checks
SACH,Sachem Capital Corp. Common Shares,$1.08,0.00,0.00%,51506411.00,United States,2017,185138,Real Estate,Real Estate Investment Trusts
SACH^A,Sachem Capital Corp. 7.75% Series A Cumulative Redeemable Preferred Stock,$18.4509,-0.087,-0.469%,,United States,,6221,,
SAFE,Safehold Inc. New Common Stock ,$15.21,-0.19,-1.234%,1091419879.00,United States,2023,256652,Real Estate,Real Estate Investment Trusts
SAFT,Safety Insurance Group Inc. Common Stock,$72.65,-2.28,-3.043%,1062991843.00,United States,2002,84266,Finance,Property-Casualty Insurers
SAFX,XCF Global Inc. Class A Common Stock,$0.3234,0.1022,46.203%,75246624.00,United States,,246025299,Industrials,Major Chemicals
SAGT,SAGTEC GLOBAL LIMITED Class A Ordinary shares,$1.846,-0.084,-4.352%,23167300.00,Malaysia,2025,17417,Technology,Computer Software: Prepackaged Software
SAH,Sonic Automotive Inc. Common Stock,$61.22,-0.04,-0.065%,2055514700.00,United States,1997,423472,Consumer Discretionary,Retail-Auto Dealers and Gas Stations
SAIA,Saia Inc. Common Stock,$368.78,9.00,2.502%,9835186323.00,United States,,1010877,Industrials,Trucking Freight/Courier Services
SAIC,Science Applications International Corporation Common Stock,$94.31,-1.09,-1.143%,4255966414.00,United States,,544168,Technology,EDP Services
SAIH,SAIHEAT Limited Class A Ordinary Shares,$7.48,-0.015,-0.20%,13112066.00,Singapore,2021,640,Technology,EDP Services
SAIL,SailPoint Inc. Common Stock,$15.42,0.03,0.195%,8660269219.00,United States,2025,2408866,Technology,Computer Software: Prepackaged Software
SAJ,Saratoga Investment Corp 8.00% Notes due 2027,$25.26,0.0762,0.303%,395776989.00,United States,2022,2702,Finance,Investment Managers
SAM,Boston Beer Company Inc. (The) Common Stock,$230.78,-1.42,-0.612%,2410816269.00,United States,,162583,Consumer Staples,Beverages (Production/Distribution)
SAMG,Silvercrest Asset Management Group Inc. Class A Common Stock,$14.86,-0.24,-1.589%,181863278.00,United States,2013,20165,Finance,Investment Managers
SAN,Banco Santander S.A. Sponsored ADR (Spain),$11.20,0.14,1.266%,164855302483.00,Spain,,21743898,Finance,Commercial Banks
SANA,Sana Biotechnology Inc. Common Stock,$3.33,0.18,5.714%,888666767.00,United States,2021,2905913,Health Care,Biotechnology: Biological Products (No Diagnostic Substances)
SANG,Sangoma Technologies Corporation Common Shares,$4.63,-0.02,-0.43%,153794622.00,Canada,,854,Technology,Computer Software: Programming Data Processing
SANM,Sanmina Corporation Common Stock,$125.22,2.22,1.805%,6837624075.00,United States,1993,662838,Technology,Electrical Products
SAP,SAP  SE ADS,$200.10,-2.15,-1.063%,245823696823.00,Germany,,3059123,Technology,Computer Software: Prepackaged Software
SAR,Saratoga Investment Corp New,$22.95,-0.27,-1.163%,371424131.00,United States,,168886,Finance,Investment Managers
SARO,StandardAero Inc. Common Stock,$28.59,-0.28,-0.97%,9510601132.00,United States,2024,4643900,Industrials,Aerospace
SAT,Saratoga Investment Corp 6.00% Notes due 2027,$24.69,0.04,0.162%,386846154.00,United States,2022,7405,Finance,Investment Managers
SATA,Strive Inc. Variable Rate Series A Perpetual Preferred Stock,$94.78,0.21,0.222%,5911603090.00,United States,,50904,,
SATL,Satellogic Inc. Class A Common Stock,$3.17,0.08,2.589%,460662615.00,Uruguay,,2921331,Technology,Radio And Television Broadcasting And Communications Equipment
SATLW,Satellogic Inc. Warrant,$0.5685,-0.0815,-12.538%,82614100.00,Uruguay,,7410,Technology,Radio And Television Broadcasting And Communications Equipment
SATS,EchoStar  Corporation Common Stock,$109.92,3.68,3.464%,31753234421.00,United States,,6321787,Consumer Discretionary,Telecommunications Equipment
SAV,Saratoga Investment Corp 7.50% Notes due 2031,$25.24,0.01,0.04%,0.00,United States,2026,2832,Finance,Investment Managers
SAVA,Cassava Sciences Inc. Common Stock,$2.12,0.09,4.433%,102412740.00,United States,,614157,Health Care,Biotechnology: Pharmaceutical Preparations
SAY,Saratoga Investment Corp 8.125% Notes due 2027,$25.11,0.00,0.00%,393426769.00,United States,2022,9441,Finance,Investment Managers
SAZ,Saratoga Investment Corp 8.50% Notes due 2028,$25.15,-0.0532,-0.211%,394053495.00,United States,2023,29834,Finance,Investment Managers
SB,Safe Bulkers Inc Common Stock ($0.001 par value),$6.34,0.24,3.934%,648231918.00,Monaco,2008,1003213,Consumer Discretionary,Marine Transportation
SB^C,Safe Bulkers Inc Cumulative Redeemable Perpetual Preferred Series C (Marshall Islands),$26.25,0.00,0.00%,,Monaco,,103,,
SB^D,Safe Bulkers Inc Perpetual Preferred Series D (Marshall Islands),$26.50,0.00,0.00%,,Monaco,,2444,,
SBAC,SBA Communications Corporation Class A Common Stock,$195.93,-0.65,-0.331%,20727158831.00,United States,1999,1188500,Real Estate,Real Estate Investment Trusts
SBC,SBC Medical Group Holdings Incorporated Common Stock,$3.86,0.14,3.763%,395947000.00,United States,2022,38544,Health Care,Medical/Nursing Services
SBCF,Seacoast Banking Corporation of Florida Common Stock,$30.65,0.36,1.189%,3002435197.00,United States,,960135,Finance,Major Banks
SBCWW,SBC Medical Group Holdings Incorporated Warrants,$0.2495,-0.059,-19.125%,25592947.00,United States,2022,8280,Health Care,Medical/Nursing Services
SBDS,Solo Brands Inc. Class A Common Stock,$7.35,0.02,0.273%,18192375.00,,,11875,Consumer Discretionary,Recreational Games/Products/Toys
SBET,Sharplink Inc. Common Stock,$7.60,0.24,3.261%,1494868252.00,United States,,6587500,Technology,Computer Software: Prepackaged Software
SBEV,Splash Beverage Group Inc. (NV) Common Stock,$0.5204,-0.0196,-3.63%,1512487.00,,2021,473905,Consumer Staples,Beverages (Production/Distribution)
SBFG,SB Financial Group Inc. Common Stock,$20.37,0.00,0.00%,127713769.00,United States,,13304,Finance,Major Banks
SBFM,Sunshine Biopharma Inc. Common Stock,$1.11,0.00,0.00%,5057099.00,Canada,,44343,Health Care,Biotechnology: Pharmaceutical Preparations
SBFMW,Sunshine Biopharma Inc. Warrant,$0.0898,-0.01,-10.02%,409124.00,Canada,,500,Health Care,Biotechnology: Pharmaceutical Preparations
SBGI,Sinclair Inc. Class A Common Stock,$14.84,-0.76,-4.872%,1062826450.00,United States,1995,832903,Industrials,Broadcasting
SBH,Sally Beauty Holdings Inc. (Name to be changed from Sally Holdings Inc.) Common Stock,$14.59,-0.20,-1.352%,1415358596.00,United States,,1998002,Consumer Discretionary,Other Specialty Stores
SBI,Western Asset Intermediate Muni Fund Inc Common Stock,$7.89,-0.0011,-0.014%,0.00,United States,1992,16377,Finance,Finance/Investors Services
SBLK,Star Bulk Carriers Corp. Common Shares,$23.72,0.43,1.846%,2778265035.00,Greece,,2584377,Consumer Discretionary,Marine Transportation
SBLX,StableX Technologies Inc. Common Stock,$2.53,0.15,6.303%,3683617.00,United States,,98662,Consumer Discretionary,Telecommunications Equipment
SBR,Sabine Royalty Trust Common Stock,$74.68,1.56,2.133%,1088785485.00,United States,,41446,Energy,Oil & Gas Production
SBRA,Sabra Health Care REIT Inc. Common Stock,$20.63,0.21,1.028%,5201766142.00,United States,,2516230,Real Estate,Real Estate Investment Trusts
SBS,Companhia de saneamento Basico Do Estado De Sao Paulo - Sabesp American Depositary Shares (Each repstg 250 Common Shares),$28.30,0.74,2.685%,19916793503.00,Brazil,2002,2319453,Utilities,Water Supply
SBSI,Southside Bancshares Inc. Common Stock,$30.37,-0.19,-0.622%,903067348.00,United States,,172433,Finance,Major Banks
SBSW,D/B/A Sibanye-Stillwater Limited ADS,$14.39,0.29,2.057%,10182965732.00,South Africa,,6118775,Basic Materials,Precious Metals
SBUX,Starbucks Corporation Common Stock,$99.77,0.78,0.788%,113664177921.00,United States,1992,9373203,Consumer Discretionary,Restaurants
SBXD,SilverBox Corp IV Class A Ordinary Shares,$10.75,0.06,0.561%,0.00,,2024,1299,,
SCAG,Scage Future American Depositary Shares,$1.74,-0.0199,-1.131%,126340817.00,China,,770,Consumer Discretionary,Construction/Ag Equipment/Trucks
SCAGW,Scage Future Warrants,$0.051,-0.001,-1.923%,3703093.00,China,,2110,Consumer Discretionary,Construction/Ag Equipment/Trucks
SCCD,Sachem Capital Corp. 6.00% Notes due 2026,$24.71,0.06,0.243%,1169827936.00,United States,,229,Real Estate,Real Estate Investment Trusts
SCCE,Sachem Capital Corp. 6.00% Notes due 2027,$23.4779,-0.0621,-0.264%,1111497503.00,United States,2022,850,Real Estate,Real Estate Investment Trusts
SCCF,Sachem Capital Corp. 7.125% Notes due 2027,$23.638,0.198,0.845%,1119077004.00,United States,2022,1556,Real Estate,Real Estate Investment Trusts
SCCG,Sachem Capital Corp. 8.00% Notes due 2027,$23.5001,0.0081,0.034%,1112548502.00,United States,2022,4899,Real Estate,Real Estate Investment Trusts
SCCO,Southern Copper Corporation Common Stock,$190.64,5.67,3.065%,156153811552.00,United States,,2390068,Basic Materials,Metal Mining
SCD,LMP Capital and Income Fund Inc. Common Stock,$15.35,-0.20,-1.286%,0.00,United States,2004,43018,Finance,Trusts Except Educational Religious and Charitable
SCE^G,SCE Trust II Trust Preferred Securities,$18.53,-0.08,-0.43%,,United States,,14606,,
SCE^K,Southern California Edison Company 5.45% Fixed-to-Floating Rate Trust Preference Securities,$25.32,-0.02,-0.079%,,United States,,5949,,
SCE^L,SCE TRUST VI,$18.41,0.22,1.209%,,United States,,48179,,
SCE^M,SCE Trust VII 7.50% Trust Preference Securities,$25.05,-0.06,-0.239%,,United States,,37074,,
SCE^N,SCE Trust VIII 6.95% Trust Preference Securities,$24.34,-0.11,-0.45%,,United States,,84342,,
SCHL,Scholastic Corporation Common Stock,$34.94,-1.11,-3.079%,888932753.00,United States,1992,321641,Consumer Discretionary,Books
SCHW,Charles Schwab Corporation (The) Common Stock,$94.38,-0.85,-0.893%,165373619912.00,United States,,8516411,Finance,Investment Bankers/Brokers/Service
SCHW^D,The Charles Schwab Corporation Depositary Shares each representing 1/40th interest in a share of 5.95% Non-Cumulative Perpetual Preferred Stock Series D,$24.98,-0.03,-0.12%,,United States,,39407,,
SCHW^J,The Charles Schwab Corporation Depositary Shares Each Representing a 1/40th Interest in a Share of 4.450% Non-Cumulative Perpetual Preferred Stock Series J,$18.47,-0.09,-0.485%,,United States,,117284,,
SCI,Service Corporation International Common Stock,$80.67,-0.88,-1.079%,11231173056.00,United States,,1205419,Consumer Discretionary,Other Consumer Services
SCII,SC II Acquisition Corp. Class A ordinary share,$9.99,0.00,0.00%,0.00,United States,2026,84,,
SCIIR,SC II Acquisition Corp. Rights,$0.24,0.0169,7.575%,0.00,United States,2026,3700,,
SCIIU,SC II Acquisition Corp. Units,$10.19,-0.01,-0.098%,0.00,United States,2025,694,,
SCKT,Socket Mobile Inc. Common Stock,$0.9645,-0.0135,-1.38%,7693298.00,United States,,1003214,Technology,Computer Manufacturing
SCL,Stepan Company Common Stock,$47.98,-0.02,-0.042%,1086040590.00,United States,,117505,Consumer Discretionary,Package Goods/Cosmetics
SCLX,Scilex Holding Company Common Stock,$8.58,0.10,1.179%,72855071.00,United States,2021,16897,Health Care,Biotechnology: Biological Products (No Diagnostic Substances)
SCLXW,Scilex Holding Company Warrant,$0.1348,0.0184,15.808%,1144623.00,United States,2021,1116,Health Care,Biotechnology: Biological Products (No Diagnostic Substances)
SCM,Stellus Capital Investment Corporation Common Stock,$9.42,-0.27,-2.786%,272683133.00,United States,2012,249474,Finance,Finance/Investors Services
SCNI,Scinai Immunotherapeutics Ltd. American Depositary Shares,$0.7408,-0.0392,-5.026%,2361433.00,Israel,2015,24678,Health Care,Biotechnology: Biological Products (No Diagnostic Substances)
SCNX,Scienture Holdings Inc. Common Stock,$0.3893,-0.0069,-1.742%,15817576.00,United States,,374001,Health Care,Other Pharmaceuticals
SCOR,comScore Inc. Common Stock,$7.29,0.04,0.552%,36564191.00,United States,2018,11161,Real Estate,Real Estate
SCPQU,Social Commerce Partners Corporation Unit,$10.04,0.00,0.00%,0.00,United States,2025,3500,,
SCPQW,Social Commerce Partners Corporation Warrant,$0.45,0.0501,12.528%,0.00,United States,2026,6143,,
SCSC,ScanSource Inc. Common Stock,$36.08,-0.11,-0.304%,775012291.00,United States,,211150,Technology,Retail: Computer Software & Peripheral Equipment
SCVL,Shoe Carnival Inc. Common Stock,$18.90,-0.47,-2.426%,517386895.00,United States,1993,297328,Consumer Discretionary,Clothing/Shoe/Accessory Stores
SCWO,374Water Inc. Common Stock,$2.50,-0.01,-0.398%,42312200.00,United States,,52728,Consumer Discretionary,Metal Fabrications
SCYX,SCYNEXIS Inc. Common Stock,$0.86,0.06,7.50%,38410896.00,United States,2014,651657,Health Care,Biotechnology: Pharmaceutical Preparations
SCZM,Santacruz Silver Mining Ltd. Common Shares,$10.10,0.07,0.698%,922595832.00,Canada,,882712,,
SD,SandRidge Energy Inc. Common Stock,$17.35,-0.07,-0.402%,638916578.00,United States,2016,521760,Energy,Oil & Gas Production
SDA,SunCar Technology Group Inc. Class A Ordinary Shares,$2.01,-0.29,-12.609%,197995167.00,Hong Kong,2021,908225,Consumer Discretionary,Automotive Aftermarket
SDAWW,SunCar Technology Group Inc. Warrant,$0.0737,0.0037,5.286%,7259823.00,Hong Kong,2021,602,Consumer Discretionary,Automotive Aftermarket
SDGR,Schrodinger Inc. Common Stock,$12.95,0.21,1.648%,956035058.00,United States,2020,1104891,Health Care,Biotechnology: Pharmaceutical Preparations
SDHC,Smith Douglas Homes Corp. Class A Common Stock,$13.83,-0.17,-1.214%,711602389.00,United States,2024,135140,Consumer Discretionary,Homebuilding
SDHI,Siddhi Acquisition Corp Class A Common stock,$10.33,0.04,0.389%,0.00,United States,2025,2575,Finance,Blank Checks
SDHIU,Siddhi Acquisition Corp Unit,$10.48,-0.02,-0.19%,0.00,United States,2025,117,Finance,Blank Checks
SDHY,PGIM Short Duration High Yield Opportunities Fund Common Shares,$16.06,-0.14,-0.864%,396249279.00,,2020,263762,Finance,Finance/Investors Services
SDOT,Sadot Group Inc. Common Stock,$2.02,0.06,3.061%,3735142.00,United States,2020,4516,Consumer Discretionary,Restaurants
SDRL,Seadrill Limited Common Shares,$43.29,1.27,3.022%,2703436561.00,Bermuda,2022,640880,Energy,Oil & Gas Production
SDST,Stardust Power Inc. Common Stock,$3.18,-0.01,-0.313%,31385194.00,United States,2021,81094,Industrials,Major Chemicals
SDSTW,Stardust Power Inc. Warrant,$0.2101,-0.0093,-4.239%,2073594.00,United States,2021,13468,Industrials,Major Chemicals
SE,Sea Limited American Depositary Shares each representing one Class A Ordinary Share,$90.10,-1.88,-2.044%,53340996053.00,United States,2017,6747746,Consumer Discretionary,Other Consumer Services
SEAL^A,Seapeak LLC 9.00% Series A Cumulative Redeemable Perpetual Preferred Units,$25.75,0.00,0.00%,,Bermuda,,4417,,
SEAL^B,Seapeak LLC 8.50% Series B Fixed-to-Floating Rate Cumulative Redeemable Perpetual Preferred Units,$25.90,0.04,0.155%,,Bermuda,,4846,,
SEAT,Vivid Seats Inc. Class A Common Stock,$7.16,-0.03,-0.417%,76793263.00,United States,,100146,Consumer Discretionary,Services-Misc. Amusement & Recreation
SEB,Seaboard Corporation Common Stock,$4862.36,-153.39,-3.058%,4657139234.00,United States,1996,34927,Industrials,Farming/Seeds/Milling
SEDG,SolarEdge Technologies Inc. Common Stock,$34.59,1.18,3.532%,2088070006.00,Israel,2015,3246672,Technology,Semiconductors
SEE,Sealed Air Corporation Common Stock,$42.03,0.05,0.119%,6194114425.00,United States,,2421979,Industrials,Major Chemicals
SEED,Origin Agritech Limited Common Stock,$1.14,0.10,9.615%,13593758.00,China,,521221,Consumer Staples,Farming/Seeds/Milling
SEER,Seer Inc. Class A Common Stock,$1.81,0.03,1.685%,109409691.00,United States,2020,455925,Industrials,Biotechnology: Laboratory Analytical Instruments
SEG,Seaport Entertainment Group Inc. Common Stock,$22.04,0.40,1.848%,282029350.00,United States,2024,83418,Consumer Discretionary,Services-Misc. Amusement & Recreation
SEGG,Sports Entertainment Gaming Global Corporation Common Stock,$0.9927,0.0919,10.202%,12551150.00,United States,2023,748236,Technology,Computer Software: Prepackaged Software
SEI,Solaris Energy Infrastructure Inc. Class A Common Stock,$49.45,0.49,1.001%,3385673370.00,United States,2017,2743443,Consumer Discretionary,Oil and Gas Field Machinery
SEIC,SEI Investments Company Common Stock,$81.16,-0.28,-0.344%,9921658393.00,United States,1981,1160267,Finance,Investment Bankers/Brokers/Service
SELF,Global Self Storage Inc. Common Stock,$5.16,0.02,0.389%,58502635.00,United States,,40577,Real Estate,Real Estate Investment Trusts
SELX,Semilux International Ltd. Ordinary Shares,$0.4834,-0.0566,-10.481%,18092866.00,Taiwan,,4027,Technology,Semiconductors
SEM,Select Medical Holdings Corporation Common Stock,$16.25,0.00,0.00%,2015297375.00,United States,2009,1574057,Health Care,Hospital/Nursing Management
SEMR,SEMrush Holdings Inc. Class A Common Stock,$11.94,0.01,0.084%,1802452944.00,United States,2021,1048876,Technology,Computer Software: Prepackaged Software
SENEA,Seneca Foods Corp. Class A Common Stock,$140.42,0.26,0.186%,950197426.00,United States,,117352,Consumer Staples,Packaged Foods
SENEB,Seneca Foods Corp. Class B Common Stock,$139.27,-0.14,-0.10%,942415578.00,United States,,588,Consumer Staples,Packaged Foods
SENS,Senseonics Holdings Inc. Common Stock,$6.31,0.35,5.872%,263571640.00,United States,,437808,Health Care,Medical/Dental Instruments
SEPN,Septerna Inc. Common Stock,$29.06,0.28,0.973%,1301138020.00,United States,2024,556553,Health Care,Biotechnology: Pharmaceutical Preparations
SER,Serina Therapeutics Inc. Common Stock,$1.59,0.06,3.922%,17149047.00,,2018,61004,Health Care,Biotechnology: Pharmaceutical Preparations
SERA,Sera Prognostics Inc. Class A Common Stock,$1.93,-0.02,-1.026%,74487950.00,United States,2021,41968,Health Care,Medical Specialities
SERV,Serve Robotics Inc. Common Stock,$9.49,0.05,0.53%,706848244.00,United States,,3386027,Consumer Discretionary,Industrial Specialties
SES,SES AI Corporation Class A Common Stock,$1.17,0.04,3.54%,428949834.00,United States,2021,8337514,Miscellaneous,Industrial Machinery/Components
SEV,Aptera Motors Corp. Class B Common Stock,$3.16,-0.12,-3.659%,88428072.00,United States,,2154134,Industrials,Auto Manufacturing
SEVN,Seven Hills Realty Trust Common Stock,$8.51,-0.09,-1.047%,192299542.00,United States,,107462,Real Estate,Real Estate Investment Trusts
SEZL,Sezzle Inc. Common Stock,$72.45,-1.02,-1.388%,2448931354.00,United States,,628193,Finance,Finance: Consumer Services
SF,Stifel Financial Corporation Common Stock,$73.05,-0.10,-0.137%,11307251931.00,United States,,1254700,Finance,Investment Bankers/Brokers/Service
SF^B,Stifel Financial Corporation Depositary Shares Each Representing 1/1000th  Interest in a Share of 6.25% Non-Cumulative  Preferred Stock Series B,$24.10,0.06,0.25%,,United States,,9633,,
SF^C,Stifel Financial Corporation Depositary Shares Each Representing 1/1000th Interest in a Share of 6.125% Non Cumulative Preferred Stock Series C,$23.44,0.02,0.085%,,United States,,16407,,
SF^D,Stifel Financial Corporation Depositary Shares Each Representing 1/1000th Interest in a Share of 4.50% Non-Cumulative Preferred Stock Series D,$17.05,-0.17,-0.987%,,United States,,17499,,
SFB,Stifel Financial Corporation 5.20% Senior Notes due 2047,$20.28,-0.01,-0.049%,2072076674.00,United States,2017,17148,Finance,Investment Bankers/Brokers/Service
SFBC,Sound Financial Bancorp Inc. Common Stock,$42.11,0.34,0.814%,108057166.00,United States,,7926,Finance,Savings Institutions
SFBS,ServisFirst Bancshares Inc. Common Stock,$75.72,0.39,0.518%,4137380553.00,United States,,715629,Finance,Major Banks
SFD,Smithfield Foods Inc. Common Stock,$24.25,-0.02,-0.082%,9532983242.00,United States,2025,954998,Consumer Staples,Meat/Poultry/Fish
SFHG,Samfine Creation Holdings Group Limited Class A Ordinary Share,$2.67,0.01,0.376%,10840200.00,Hong Kong,2024,14462,Consumer Discretionary,Publishing
SFIX,Stitch Fix Inc. Class A Common Stock,$3.29,0.06,1.858%,441514690.00,United States,2017,2720779,Consumer Discretionary,Catalog/Specialty Distribution
SFL,SFL Corporation Ltd,$10.90,0.15,1.395%,1510327686.00,Bermuda,,2126456,Consumer Discretionary,Marine Transportation
SFM,Sprouts Farmers Market Inc. Common Stock,$77.79,-2.46,-3.065%,7357097611.00,United States,2013,3535079,Consumer Staples,Food Chains
SFNC,Simmons First National Corporation Class A Common Stock,$19.35,-0.09,-0.463%,2803192820.00,United States,,1129717,Finance,Major Banks
SFST,Southern First Bancshares Inc. Common Stock,$52.60,0.14,0.267%,432961015.00,United States,,74297,Finance,Major Banks
SFWL,Shengfeng Development Limited Class A Ordinary Shares,$0.96,-0.0001,-0.01%,79197612.00,China,2023,938,Industrials,Trucking Freight/Courier Services
SG,Sweetgreen Inc. Class A Common Stock,$6.00,0.38,6.762%,712775886.00,United States,2021,4968193,Consumer Discretionary,Restaurants
SGA,Saga Communications Inc. Class A Common Stock (FL),$11.36,-0.13,-1.131%,74483215.00,United States,,2915,Consumer Discretionary,Broadcasting
SGC,Superior Group of Companies Inc. Common Stock,$10.48,0.27,2.644%,164587478.00,United States,,102923,Consumer Discretionary,Apparel
SGHC,Super Group (SGHC) Limited Ordinary Shares,$10.81,0.17,1.598%,5465942380.00,,2022,2553266,Consumer Discretionary,Services-Misc. Amusement & Recreation
SGHT,Sight Sciences Inc. Common Stock,$4.09,0.38,10.243%,220884475.00,United States,2021,619371,Health Care,Medical/Dental Instruments
SGI,Somnigroup International Inc. Common Stock,$80.71,0.71,0.888%,16976591763.00,United States,,2824134,Consumer Discretionary,Home Furnishings
SGLY,Singularity Future Technology Ltd. Common Stock,$0.384,-0.0156,-3.904%,2800701.00,United States,2008,66586,Industrials,Integrated Freight & Logistics
SGML,Sigma Lithium Corporation Common Shares,$12.31,-0.03,-0.243%,1371136781.00,Canada,,3062787,Basic Materials,Metal Mining
SGMO,Sangamo Therapeutics Inc. Common Stock,$0.4102,0.0327,8.662%,138030039.00,United States,2000,4274482,Health Care,Biotechnology: Biological Products (No Diagnostic Substances)
SGMT,Sagimet Biosciences Inc. Series A Common Stock,$5.38,-0.03,-0.555%,174966203.00,United States,2023,348340,Health Care,Biotechnology: Pharmaceutical Preparations
SGN,Signing Day Sports Inc. Common Stock,$0.54,0.0757,16.304%,2285702.00,,2023,12615869,Technology,EDP Services
SGP,SpyGlass Pharma Inc. Common Stock,$27.12,0.44,1.649%,865430768.00,United States,2026,187045,Health Care,Medical/Dental Instruments
SGRP,SPAR Group Inc. Common Stock,$0.7623,0.0065,0.86%,18257078.00,United States,,90236,Real Estate,Real Estate
SGRY,Surgery Partners Inc. Common Stock,$13.30,-0.06,-0.449%,1721283819.00,United States,2015,1453594,Health Care,Hospital/Nursing Management
SGU,Star Group L.P. Common Stock,$12.96,-0.06,-0.461%,426112553.00,United States,,25342,Consumer Discretionary,Other Specialty Stores
SHAK,Shake Shack Inc. Class A Common Stock,$95.67,2.22,2.376%,4084392527.00,United States,2015,1373618,Consumer Discretionary,Restaurants
SHAZ,SharonAI Holdings Inc. Class A Common Stock,$18.59,-0.91,-4.667%,222494508.00,United States,,131175,Technology,EDP Services
SHBI,Shore Bancshares Inc Common Stock,$17.92,-0.07,-0.389%,598852800.00,United States,,284639,Finance,Major Banks
SHC,Sotera Health Company Common Stock,$14.57,-0.09,-0.614%,4143592591.00,United States,2020,11002574,Health Care,Misc Health and Biotechnology Services
SHEL,Shell PLC American Depositary Shares (each representing two (2) Ordinary Shares) ,$85.59,0.89,1.051%,248700251612.00,Netherlands,2022,10223615,Energy,Oil & Gas Production
SHEN,Shenandoah Telecommunications Co Common Stock,$14.51,-0.77,-5.039%,802426912.00,United States,,268203,Telecommunications,Telecommunications Equipment
SHFS,SHF Holdings Inc. Class A Common Stock,$1.03,0.1465,16.582%,3173508.00,United States,2021,799690,Finance,Finance: Consumer Services
SHFSW,SHF Holdings Inc. Warrants,$0.0329,0.00,0.00%,101367.00,United States,2021,3380,Finance,Finance: Consumer Services
SHG,Shinhan Financial Group Co Ltd American Depositary Shares,$61.57,1.84,3.081%,30997128660.00,South Korea,,337144,Finance,Major Banks
SHIM,Shimmick Corporation Common Stock,$3.36,-0.20,-5.618%,120340009.00,United States,2023,27124,Industrials,Military/Government/Technical
SHIP,Seanergy Maritime Holdings Corp. Common Stock,$13.54,0.26,1.958%,283018022.00,Greece,,366697,Consumer Discretionary,Marine Transportation
SHLS,Shoals Technologies Group Inc. Class A Common Stock,$5.75,0.04,0.701%,962839363.00,United States,2021,4897719,Technology,Semiconductors
SHMD,SCHMID Group N.V. Class A Ordinary Shares,$6.38,0.41,6.868%,354746923.00,Germany,,2300252,Technology,Industrial Machinery/Components
SHMDW,SCHMID Group N.V. Warrants,$1.99,0.12,6.417%,110649902.00,Germany,,266567,Technology,Industrial Machinery/Components
SHO,Sunstone Hotel Investors Inc. Sunstone Hotel Investors Inc. Common Shares,$9.35,-0.03,-0.32%,1772007250.00,United States,2004,1949889,Consumer Discretionary,Hotels/Resorts
SHO^H,Sunstone Hotel Investors Inc. 6.125% Series H Cumulative Redeemable Preferred Stock,$20.50,-0.15,-0.726%,,United States,,11305,,
SHO^I,Sunstone Hotel Investors Inc. 5.70% Series I Cumulative Redeemable Preferred Stock,$19.39,-0.21,-1.071%,,United States,,3341,,
SHOO,Steven Madden Ltd. Common Stock,$33.62,-0.26,-0.767%,2451295086.00,United States,1993,2508298,Consumer Discretionary,Shoe Manufacturing
SHOP,Shopify Inc. Class A Subordinate Voting Shares,$133.50,3.30,2.535%,174098868296.00,Canada,,9325975,Technology,Computer Software: Prepackaged Software
SHPH,Shuttle Pharmaceuticals Holdings Inc. Common Stock,$0.99,0.073,7.961%,3221878.00,United States,2022,148137,Health Care,Biotechnology: Pharmaceutical Preparations
SHW,Sherwin-Williams Company (The) Common Stock,$333.40,3.52,1.067%,82470606823.00,United States,,2189576,Consumer Discretionary,RETAIL: Building Materials
SI,Shoulder Innovations Inc. Common Stock,$13.39,0.38,2.921%,275856549.00,,2025,68164,Health Care,Medical/Dental Instruments
SIBN,SI-BONE Inc. Common Stock,$14.03,0.20,1.446%,619638977.00,United States,2018,523228,Health Care,Medical/Dental Instruments
SID,Companhia Siderurgica Nacional S.A. Common Stock,$1.42,0.03,2.158%,1883053405.00,Brazil,,7071481,Industrials,Steel/Iron Ore
SIDU,Sidus Space Inc. Class A Common Stock,$2.00,0.10,5.263%,133039704.00,United States,2021,3669018,Telecommunications,Telecommunications Equipment
SIEB,Siebert Financial Corp. Common Stock,$1.84,-0.02,-1.075%,74385562.00,United States,,57915,Finance,Investment Bankers/Brokers/Service
SIF,SIFCO Industries Inc. Common Stock,$13.72,0.92,7.188%,85271556.00,United States,1969,38816,Industrials,Aerospace
SIFY,Sify Technologies Limited American Depositary Shares,$13.95,-0.21,-1.483%,1009288080.00,India,,50919,Technology,Computer Software: Programming Data Processing
SIG,Signet Jewelers Limited Common Shares,$91.61,0.84,0.925%,3727101732.00,Bermuda,,1213008,Consumer Discretionary,Consumer Specialties
SIGA,SIGA Technologies Inc. Common Stock,$5.60,-0.20,-3.448%,401023291.00,United States,,1095809,Health Care,Biotechnology: Pharmaceutical Preparations
SIGI,Selective Insurance Group Inc. Common Stock,$77.78,-2.30,-2.872%,4673174849.00,United States,,553235,Finance,Property-Casualty Insurers
SIGIP,Selective Insurance Group Inc. Depositary Shares each representing a 1/1000th interest in a share of 4.60% Non-Cumulative Preferred Stock Series B,$16.53,-0.07,-0.422%,993154799.00,United States,,5289,Finance,Property-Casualty Insurers
SII,Sprott Inc. Common Shares,$162.28,2.17,1.355%,4186824000.00,,2020,202094,Finance,Finance: Consumer Services
SILA,Sila Realty Trust Inc. Common Stock,$24.41,-0.09,-0.367%,1348564380.00,United States,2024,263988,Real Estate,Real Estate Investment Trusts
SILC,Silicom Ltd Ordinary Shares,$19.05,0.01,0.053%,108519563.00,Israel,,36005,Telecommunications,Computer Communications Equipment
SILO,Silo Pharma Inc. Common Stock,$0.3405,0.0128,3.906%,5580693.00,United States,,166507,Consumer Discretionary,Apparel
SIM,Grupo Simec S.A.B. de C.V. American Depositary Shares,$30.80,0.00,0.00%,4732983332.00,Mexico,1998,132,Industrials,Steel/Iron Ore
SIMA,SIM Acquisition Corp. I Class A Ordinary Shares,$10.67,-0.11,-1.02%,0.00,United States,2024,266,Miscellaneous,Industrial Machinery/Components
SIMAW,SIM Acquisition Corp. I Warrant,$0.3995,-0.0305,-7.093%,0.00,United States,2024,3432,Finance,Blank Checks
SIMO,Silicon Motion Technology Corporation American Depositary Shares,$121.63,3.28,2.771%,4133433782.00,Taiwan,2005,515561,Technology,Semiconductors
SINT,SiNtx Technologies Inc. Common Stock,$2.75,0.03,1.103%,11053969.00,United States,2014,34772,Health Care,Medical/Dental Instruments
SION,Sionna Therapeutics Inc. Common Stock,$37.53,1.60,4.453%,1688777680.00,United States,2025,318213,Health Care,Biotechnology: Pharmaceutical Preparations
SIRI,SiriusXM Holdings Inc. Common Stock,$21.70,-0.55,-2.472%,7264571431.00,United States,,5094174,Consumer Discretionary,Broadcasting
SITC,SITE Centers Corp. Common Stock,$6.05,-0.08,-1.305%,317397157.00,United States,,1888236,Real Estate,Real Estate Investment Trusts
SITE,SiteOne Landscape Supply Inc. Common Stock,$134.09,3.21,2.453%,5961549682.00,United States,2016,995847,Consumer Discretionary,Professional and commerical equipment
SITM,SiTime Corporation Common Stock,$356.34,28.99,8.856%,9371711711.00,United States,2019,774939,Technology,Semiconductors
SJ,Scienjoy Holding Corporation Class A Ordinary Shares ,$1.165,0.0062,0.535%,48933959.00,China,2019,9743,Technology,EDP Services
SJM,The J.M. Smucker Company Common Stock,$108.96,-2.25,-2.023%,11620400838.00,United States,,1576768,Consumer Staples,Packaged Foods
SJT,San Juan Basin Royalty Trust Common Stock,$5.11,0.15,3.024%,238170948.00,United States,,511231,Energy,Oil & Gas Production
SKBL,Skyline Builders Group Holding Limited Class A Ordinary Shares,$2.99,0.04,1.356%,416224774.00,Hong Kong,2025,157920,Consumer Discretionary,Engineering & Construction
SKE,Skeena Resources Limited Common Shares,$33.50,-0.24,-0.711%,4056626723.00,,2021,848474,Basic Materials,Precious Metals
SKIL,Skillsoft Corp. Class A Common Stock,$4.37,-0.21,-4.585%,38274711.00,United States,2019,108802,Technology,Computer Software: Prepackaged Software
SKIN,The Beauty Health Company Class A Common Stock,$1.18,0.04,3.509%,150453610.00,United States,2020,686347,Health Care,Medical/Dental Instruments
SKK,SKK Holdings Limited Class A Ordinary Shares,$0.2659,-0.0141,-5.036%,4985625.00,Singapore,2024,44346,Industrials,Water Sewer Pipeline Comm & Power Line Construction
SKLZ,Skillz Inc. Class A Common Stock,$3.38,0.00,0.00%,51065479.00,United States,2020,35675,Technology,EDP Services
SKM,SK Telecom Co. Ltd. Common Stock,$29.69,0.98,3.413%,11388490200.00,South Korea,,1377459,Telecommunications,Telecommunications Equipment
SKT,Tanger Inc. Common Stock,$35.91,-0.09,-0.25%,4111972836.00,United States,1993,960975,Real Estate,Real Estate Investment Trusts
SKWD,Skyward Specialty Insurance Group Inc. Common Stock,$46.26,-2.45,-5.03%,2057047306.00,United States,2023,539110,Finance,Property-Casualty Insurers
SKY,Champion Homes Inc. Common Stock,$79.83,-2.59,-3.142%,4414760336.00,United States,,976922,Consumer Discretionary,Homebuilding
SKYE,Skye Bioscience Inc. Common Stock,$0.724,0.0036,0.50%,23209602.00,United States,,195383,Health Care,Biotechnology: Pharmaceutical Preparations
SKYH,Sky Harbour Group Corporation Class A Common Stock,$9.04,0.03,0.333%,688104333.00,United States,2022,149775,Finance,Real Estate
SKYQ,Sky Quarry Inc. Common Stock,$0.3464,0.0014,0.406%,8825010.00,United States,2024,3048672,Industrials,Environmental Services
SKYT,SkyWater Technology Inc. Common Stock,$28.82,-0.10,-0.346%,1398000560.00,United States,2021,595777,Technology,Semiconductors
SKYW,SkyWest Inc. Common Stock,$93.20,1.17,1.271%,3765901830.00,United States,1986,499958,Consumer Discretionary,Air Freight/Delivery Services
SKYX,SKYX Platforms Corp. Common Stock,$1.92,0.04,2.128%,252509007.00,United States,2022,821958,Consumer Discretionary,Building Products
SLAB,Silicon Laboratories Inc. Common Stock,$203.42,0.72,0.355%,6703895077.00,United States,2000,641024,Technology,Semiconductors
SLAI,SOLAI Limited American Depositary Shares (each representing one hundred (100) Class A Ordinary Shares),$0.82,-0.0129,-1.549%,15316399.00,,2013,17492,Technology,EDP Services
SLB,SLB Limited Common Shares,$47.19,0.29,0.618%,70905879733.00,France,,21091220,Energy,Oilfield Services/Equipment
SLDB,Solid Biosciences Inc. Common Stock,$8.02,1.27,18.815%,624840117.00,United States,2018,4931299,Health Care,Biotechnology: Biological Products (No Diagnostic Substances)
SLDE,Slide Insurance Holdings Inc. Common Stock,$17.70,-0.78,-4.221%,2200453486.00,United States,2025,2983314,Finance,Property-Casualty Insurers
SLDP,Solid Power Inc. Class A Common Stock,$3.20,0.08,2.564%,705850646.00,United States,2021,4899103,Miscellaneous,Industrial Machinery/Components
SLDPW,Solid Power Inc. Warrant,$0.307,0.021,7.343%,67717546.00,United States,2021,49507,Miscellaneous,Industrial Machinery/Components
SLE,Super League Enterprise Inc. Common Stock,$4.46,0.13,3.002%,4271213.00,United States,2019,8902,Consumer Discretionary,Services-Misc. Amusement & Recreation
SLF,Sun Life Financial Inc. Common Stock,$63.53,-1.34,-2.066%,35187575387.00,Canada,,549995,Finance,Life Insurance
SLG,SL Green Realty Corp Common Stock,$39.14,0.39,1.006%,2780160503.00,United States,1997,1375744,Real Estate,Real Estate Investment Trusts
SLG^I,SL Green Realty Corporation Preferred Series I,$21.675,-0.18,-0.824%,,United States,,7728,,
SLGB,Smart Logistics Global Limited Ordinary Shares,$1.15,-0.01,-0.862%,47150000.00,Hong Kong,2025,39592,Industrials,Integrated Freight & Logistics
SLGL,Sol-Gel Technologies Ltd. Ordinary Shares,$84.99,3.345,4.097%,236761912.00,Israel,2018,32085,Health Care,Biotechnology: Pharmaceutical Preparations
SLGN,Silgan Holdings Inc. Common Stock,$44.18,-0.23,-0.518%,4658426279.00,United States,2022,989733,Industrials,Containers/Packaging
SLI,Standard Lithium Ltd. Common Shares,$4.45,0.15,3.488%,1060332775.00,Canada,2021,1612927,Industrials,Major Chemicals
SLM,SLM Corporation Common Stock,$19.98,0.89,4.662%,3959129427.00,United States,,7350788,Finance,Finance: Consumer Services
SLMBP,SLM Corporation Floating Rate Non-Cumulative Preferred Stock Series B,$74.825,0.325,0.436%,14826919890.00,United States,,2387,Finance,Finance: Consumer Services
SLMT,Brera Holdings PLC Class B Ordinary Shares,$1.16,0.065,5.936%,95113927.00,Ireland,2023,633893,Consumer Discretionary,Services-Misc. Amusement & Recreation
SLN,Silence Therapeutics Plc American Depository Share,$6.19,-0.04,-0.642%,289692000.00,United Kingdom,,329295,Health Care,Biotechnology: Pharmaceutical Preparations
SLND,Southland Holdings Inc. Common Stock,$0.945,-0.019,-1.971%,51136819.00,United States,,104112,Industrials,Military/Government/Technical
SLNG,Stabilis Solutions Inc. Common Stock,$3.66,-0.10,-2.66%,68062462.00,United States,,58569,Utilities,Oil/Gas Transmission
SLNH,Soluna Holdings Inc. Common Stock,$0.7501,-0.0193,-2.508%,73940708.00,United States,,2751352,Technology,EDP Services
SLNHP,Soluna Holdings Inc 9.0% Series A Cumulative Perpetual Preferred Stock ,$9.20,-0.29,-3.056%,906885106.00,United States,,6679,Technology,EDP Services
SLNO,Soleno Therapeutics Inc. Common Stock,$39.77,0.09,0.227%,2053101752.00,United States,2014,1276332,Health Care,Biotechnology: Electromedical & Electrotherapeutic Apparatus
SLP,Simulations Plus Inc. Common Stock,$12.43,0.21,1.718%,250422052.00,United States,,171684,Technology,EDP Services
SLQT,SelectQuote Inc. Common Stock,$0.7576,0.0025,0.331%,133557049.00,United States,2020,819347,Finance,Specialty Insurers
SLRC,SLR Investment Corp. Common Stock,$14.45,-0.04,-0.276%,788314461.00,United States,2010,308923,Finance,Finance/Investors Services
SLS,SELLAS Life Sciences Group Inc. Common Stock,$5.96,0.43,7.776%,848955744.00,United States,,9743431,Health Care,Biotechnology: Pharmaceutical Preparations
SLSN,Solesence Inc. Common Stock,$1.01,0.00,0.00%,71242213.00,United States,,29364,Consumer Discretionary,Package Goods/Cosmetics
SLSR,Solaris Resources Inc. Common Shares,$9.23,-0.11,-1.178%,1540458719.00,,2024,126557,,
SLVM,Sylvamo Corporation Common Stock,$42.99,-0.69,-1.58%,1698461258.00,United States,2021,346552,Basic Materials,Paper
SLXN,Silexion Therapeutics Corp Ordinary Shares,$1.96,0.23,13.295%,6528339.00,Israel,,83620,Health Care,Biotechnology: Biological Products (No Diagnostic Substances)
SLXNW,Silexion Therapeutics Corp Warrant,$0.0334,-0.0002,-0.595%,111248.00,Israel,,975,Health Care,Biotechnology: Biological Products (No Diagnostic Substances)
SM,SM Energy Company Common Stock,$26.02,0.05,0.193%,6202105499.00,United States,,10524249,Energy,Oil & Gas Production
SMA,SmartStop Self Storage REIT Inc. Common Stock,$31.86,0.05,0.157%,1763679659.00,United States,2025,1019032,Real Estate,Real Estate Investment Trusts
SMBC,Southern Missouri Bancorp Inc. Common Stock,$61.65,-0.30,-0.484%,684825400.00,United States,,80065,Finance,Banks
SMBK,SmartFinancial Inc. Common Stock,$38.17,-0.22,-0.573%,649958798.00,United States,,59731,Finance,Major Banks
SMC,Summit Midstream Corporation Common Stock,$31.70,0.08,0.253%,595529546.00,United States,2012,75385,Utilities,Natural Gas Distribution
SMCI,Super Micro Computer Inc. Common Stock,$31.98,0.67,2.14%,19155681907.00,United States,2020,27629420,Technology,Computer Manufacturing
SMFG,Sumitomo Mitsui Financial Group Inc Unsponsored American Depositary Shares (Japan),$20.33,0.25,1.245%,131617960262.00,Japan,,2637873,Finance,Commercial Banks
SMG,Scotts Miracle-Gro Company (The) Common Stock,$64.32,-0.61,-0.939%,3733116913.00,United States,1992,857422,Industrials,Agricultural Chemicals
SMHI,SEACOR Marine Holdings Inc. Common Stock ,$7.33,0.02,0.274%,197556591.00,United States,2017,89010,Consumer Discretionary,Marine Transportation
SMID,Smith-Midland Corporation Common Stock,$34.54,-0.86,-2.429%,183221091.00,United States,,6148,Industrials,Building Materials
SMJF,SMJ International Holdings Inc. Class A Ordinary Shares,$2.96,-0.44,-12.941%,74000000.00,,2025,48097,Consumer Discretionary,RETAIL: Building Materials
SMMT,Summit Therapeutics Inc. Common Stock ,$15.72,0.61,4.037%,12188858844.00,United States,2015,2718142,Health Care,Biotechnology: Pharmaceutical Preparations
SMP,Standard Motor Products Inc. Common Stock,$36.88,-0.54,-1.443%,816742230.00,United States,,128208,Consumer Discretionary,Auto Parts:O.E.M.
SMPL,The Simply Good Foods Company Common Stock,$15.49,-0.50,-3.127%,1433990700.00,United States,,2035447,Consumer Staples,Packaged Foods
SMR,NuScale Power Corporation Class A Common Stock,$12.16,0.49,4.199%,4110278548.00,United States,2022,19542120,Industrials,Metal Fabrications
SMRT,SmartRent Inc. Class A Common Stock,$1.78,0.01,0.565%,342158312.00,United States,,949650,Technology,EDP Services
SMSI,Smith Micro Software Inc. Common Stock,$0.6862,0.0343,5.262%,17678584.00,United States,1995,304967,Technology,Computer Software: Prepackaged Software
SMTC,Semtech Corporation Common Stock,$85.14,3.12,3.804%,7878860453.00,United States,,2059766,Technology,Semiconductors
SMTI,Sanara MedTech Inc. Common Stock,$20.74,1.87,9.91%,185325526.00,United States,,170790,Health Care,Industrial Specialties
SMTK,SmartKem Inc. Common Stock,$0.27,0.0005,0.186%,1846716.00,United Kingdom,,165313,Technology,Semiconductors
SMWB,Similarweb Ltd. Ordinary Shares,$2.73,-0.08,-2.847%,237418414.00,,2021,603651,Technology,Computer Software: Programming Data Processing
SMX,SMX (Security Matters) Public Limited Company Ordinary Shares,$29.24,-2.96,-9.193%,65031690.00,Ireland,,99450,Technology,Industrial Machinery/Components
SMXT,Solarmax Technology Inc. Common Stock,$0.7158,0.0408,6.044%,38870052.00,United States,2024,107226,Consumer Discretionary,Engineering & Construction
SMXWW,SMX (Security Matters) Public Limited Company Warrant,$0.056,0.005,9.804%,124548.00,Ireland,,16720,Technology,Industrial Machinery/Components
SN,SharkNinja Inc. Ordinary Shares,$111.36,0.26,0.234%,15728804778.00,United States,2023,2617473,Consumer Discretionary,Consumer Electronics/Appliances
SNA,Snap-On Incorporated Common Stock,$373.57,1.43,0.384%,19393184612.00,United States,,358446,Consumer Discretionary,Industrial Machinery/Components
SNAL,Snail Inc. Class A Common Stock,$0.6575,-0.0165,-2.448%,24818855.00,United States,2022,61712,Technology,Computer Software: Prepackaged Software
SNAP,Snap Inc. Class A Common Stock,$5.13,-0.03,-0.581%,8664323709.00,United States,2017,34387307,Technology,Computer Software: Programming Data Processing
SNBR,Sleep Number Corporation Common Stock,$5.30,0.01,0.189%,120787000.00,United States,,750799,Consumer Discretionary,Home Furnishings
SNCY,Sun Country Airlines Holdings Inc. Common Stock,$16.60,0.36,2.217%,883506813.00,United States,2021,1219958,Consumer Discretionary,Air Freight/Delivery Services
SND,Smart Sand Inc. Common Stock,$3.81,-0.28,-6.846%,165880500.00,United States,2016,500765,Industrials,Mining & Quarrying of Nonmetallic Minerals (No Fuels)
SNDA,Sonida Senior Living Inc. Common Stock,$36.83,0.19,0.519%,691284515.00,United States,,87495,Health Care,Hospital/Nursing Management
SNDK,Sandisk Corporation Common Stock,$588.73,61.40,11.644%,86897120246.00,United States,,21094229,Technology,Electronic Components
SNDL,SNDL Inc. Common Shares,$1.54,0.03,1.987%,396550000.00,Canada,2019,1266194,Health Care, Medicinal Chemicals and Botanical Products 
SNDR,Schneider National Inc. Common Stock,$25.79,0.15,0.585%,4521928748.00,United States,2017,1397594,Industrials,Trucking Freight/Courier Services
SNDX,Syndax Pharmaceuticals Inc. Common Stock,$23.88,1.81,8.201%,2106230232.00,United States,2016,2553666,Health Care,Biotechnology: Pharmaceutical Preparations
SNES,SenesTech Inc. Common Stock,$2.12,-0.05,-2.304%,11072792.00,United States,2016,17069,Industrials,Agricultural Chemicals
SNEX,StoneX Group Inc. Common Stock,$109.04,0.98,0.907%,5720599977.00,United States,,478230,Finance,Investment Bankers/Brokers/Service
SNFCA,Security National Financial Corporation Class A Common Stock,$8.93,-0.07,-0.778%,232051131.00,United States,,21125,Finance,Finance: Consumer Services
SNGX,Soligenix Inc. Common Stock,$1.20,0.01,0.84%,12103356.00,United States,,91521,Health Care,Biotechnology: Pharmaceutical Preparations
SNN,Smith & Nephew SNATS Inc. Common Stock,$34.08,-0.23,-0.67%,14479297301.00,United Kingdom,,798860,Health Care,Industrial Specialties
SNOA,Sonoma Pharmaceuticals Inc. Common Stock,$2.50,0.12,5.042%,4326533.00,United States,2007,10402,Health Care,Biotechnology: Pharmaceutical Preparations
SNOW,Snowflake Inc. Common Stock,$182.84,2.36,1.308%,62567848000.00,United States,2020,4828448,Technology,Computer Software: Prepackaged Software
SNPS,Synopsys Inc. Common Stock,$437.22,-0.19,-0.043%,83754749445.00,United States,1992,2602819,Technology,Computer Software: Prepackaged Software
SNSE,Sensei Biotherapeutics Inc. Common Stock,$29.50,-0.50,-1.667%,37208055.00,United States,2021,165042,Health Care,Biotechnology: Pharmaceutical Preparations
SNT,Senstar Technologies Corporation Common Shares,$3.02,-0.03,-0.984%,70446492.00,Canada,,13383,Telecommunications,Telecommunications Equipment
SNTG,Sentage Holdings Inc. Class A Ordinary Shares,$1.915,-0.015,-0.777%,5372197.00,China,2021,7684,Finance,Finance: Consumer Services
SNTI,Senti Biosciences Inc. Common Stock,$0.9727,0.0078,0.808%,25573098.00,United States,2021,228418,Health Care,Biotechnology: Biological Products (No Diagnostic Substances)
SNWV,SANUWAVE Health Inc. Common Stock,$22.47,-0.70,-3.021%,192706405.00,United States,,122947,Health Care,Medical/Dental Instruments
SNX,TD SYNNEX Corporation Common Stock,$155.84,-0.53,-0.339%,12564816618.00,United States,2003,541058,Technology,Retail: Computer Software & Peripheral Equipment
SNY,Sanofi ADS,$44.35,-0.20,-0.449%,108163183415.00,France,,4223833,Health Care,Biotechnology: Pharmaceutical Preparations
SNYR,Synergy CHC Corp. Common Stock,$1.31,-0.03,-2.239%,12515352.00,United States,2024,23945,Health Care,Other Pharmaceuticals
SO,Southern Company (The) Common Stock,$97.25,-0.23,-0.236%,108860803050.00,United States,,5191921,Utilities,Electric Utilities: Central
SOAR,Volato Group Inc. Class A Common Stock,$0.3206,-0.0481,-13.046%,5004677.00,,2022,47960623,Consumer Discretionary,Transportation Services
SOBO,South Bow Corporation Common Shares,$33.38,-0.07,-0.209%,6951402091.00,Canada,2024,1475359,Energy,Natural Gas Distribution
SOBR,SOBR Safe Inc. Common Stock,$0.7301,0.0051,0.703%,1377155.00,United States,,28936,Consumer Discretionary,Newspapers/Magazines
SOC,Sable Offshore Corp. Common Stock,$14.17,-0.20,-1.392%,2086448699.00,United States,2021,8728453,Energy,Oil & Gas Production
SOCA,Solarius Capital Acquisition Corp. Class A Ordinary Share,$10.11,-0.03,-0.296%,0.00,United States,2025,5762,,
SOCAW,Solarius Capital Acquisition Corp. Warrant,$0.2693,0.00,0.00%,0.00,United States,2025,110,,
SOFI,SoFi Technologies Inc. Common Stock  ,$18.79,-0.11,-0.582%,23962207742.00,United States,,75397194,Finance,Finance: Consumer Services
SOGP,Sound Group Inc. American Depositary Shares,$13.925,0.165,1.199%,68727868.00,China,2020,20254,Technology,Computer Software: Programming Data Processing
SOHOB,Sotherly Hotels Inc. 8.0% Series B Cumulative Redeemable Perpetual Preferred Stock,$18.58,0.00,0.00%,380713509.00,United States,,22868,Real Estate,Real Estate Investment Trusts
SOHON,Sotherly Hotels Inc. 8.25% Series D Cumulative Redeemable Perpetual Preferred Stock,$16.55,-0.03,-0.181%,339117792.00,United States,,33343,Real Estate,Real Estate Investment Trusts
SOHOO,Sotherly Hotels Inc. 7.875% Series C Cumulative Redeemable Perpetual Preferred Stock,$19.11,0.03,0.157%,391573474.00,United States,,14428,Real Estate,Real Estate Investment Trusts
SOHU,Sohu.com Limited American Depositary Shares,$16.29,0.23,1.432%,489765366.00,China,,34211,Technology,EDP Services
SOJC,Southern Company (The) Series 2017B 5.25% Junior Subordinated Notes due December 1 2077,$22.00,-0.14,-0.632%,24201042954.00,United States,2017,26776,Utilities,Electric Utilities: Central
SOJD,Southern Company (The) Series 2020A 4.95% Junior Subordinated Notes due January 30 2080,$20.76,-0.09,-0.432%,22836984169.00,United States,2020,62056,Utilities,Electric Utilities: Central
SOJE,Southern Company (The) Series 2020C 4.20% Junior Subordinated Notes due October 15 2060,$18.15,-0.08,-0.439%,19866368127.00,United States,2020,44764,Basic Materials,Metal Mining
SOJF,Southern Company (The) Series 2025A 6.50% Junior Subordinated Notes due March 15 2085,$25.92,-0.06,-0.231%,0.00,United States,2025,37432,Basic Materials,Metal Mining
SOLS,Solstice Advanced Materials Inc. Common Stock ,$73.87,1.70,2.356%,11726681149.00,United States,,3540297,Industrials,Aerospace
SOLV,Solventum Corporation Common Stock,$68.60,-0.81,-1.167%,11901620143.00,United States,2024,1338434,Health Care,Medical/Dental Instruments
SOMN,Southern Company (The) 2025 Series A Corporate Units,$53.54,-0.18,-0.335%,59932209720.00,United States,,18309,Basic Materials,Metal Mining
SON,Sonoco Products Company Common Stock,$53.40,0.06,0.112%,5267590401.00,United States,,987962,Consumer Discretionary,Containers/Packaging
SONM,DNA X Inc. Common Stock,$4.37,-0.27,-5.819%,4495388.00,United States,2019,21092,Utilities,Telecommunications Equipment
SONO,Sonos Inc. Common Stock,$14.20,-0.07,-0.491%,1716391729.00,United States,2018,2267325,Consumer Staples,Consumer Electronics/Appliances
SONY,Sony Group Corporation American Depositary Shares ,$21.62,0.14,0.652%,130260549618.00,Japan,,6445797,Consumer Staples,Consumer Electronics/Appliances
SOPA,Society Pass Incorporated Common Stock,$0.6569,0.0169,2.641%,4996069.00,United States,2021,191512,Real Estate,Real Estate
SOPH,SOPHiA GENETICS SA Ordinary Shares,$4.46,0.11,2.529%,319642411.00,Switzerland,2021,83563,Health Care,Biotechnology: Biological Products (No Diagnostic Substances)
SOR,Source Capital Inc. Cmn Shs of BI,$47.00,-0.26,-0.55%,392190701.00,United States,,8989,Finance,Investment Managers
SORA,AsiaStrategy Ordinary Shares,$1.82,-0.05,-2.674%,45252480.00,Hong Kong,2025,12151,Industrials,Other Specialty Stores
SORN,Soren Acquisition Corp. Class A Ordinary Shares,$9.85,0.01,0.102%,0.00,United States,2026,26706,Finance,Blank Checks
SORNU,Soren Acquisition Corp. Unit,$9.95,-0.01,-0.10%,0.00,United States,2026,20018,Finance,Blank Checks
SORNW,Soren Acquisition Corp. Warrant,$0.25,0.0499,24.938%,0.00,United States,2026,205952,Finance,Blank Checks
SOS,SOS Limited Class A Ordinary Shares,$1.37,0.13,10.484%,9307607.00,China,,74579,Finance,Finance: Consumer Services
SOTK,Sono-Tek Corporation Common Stock,$3.85,-0.10,-2.532%,60484998.00,United States,,87552,Technology,Industrial Machinery/Components
SOUL,Soulpower Acquisition Corporation Class A Ordinary Shares,$10.24,-0.03,-0.292%,0.00,,2025,15373,Consumer Discretionary,Publishing
SOUN,SoundHound AI Inc Class A Common Stock,$8.22,0.15,1.859%,3475532683.00,United States,,24355927,Technology,Computer Software: Prepackaged Software
SOUNW,SoundHound AI Inc. Warrant,$2.73,-0.11,-3.873%,1154282752.00,United States,2021,38910,Technology,Computer Software: Prepackaged Software
SOWG,Sow Good Inc. Common Stock,$0.3784,-0.0127,-3.247%,5043493.00,United States,,36750,Consumer Staples,Packaged Foods
SPAI,Safe Pro Group Inc. Common Stock,$4.99,0.00,0.00%,104656617.00,United States,2024,228220,Health Care,Industrial Specialties
SPB,Spectrum Brands Holdings Inc. Common Stock,$76.23,-0.30,-0.392%,1768443609.00,United States,,371904,Miscellaneous,Industrial Machinery/Components
SPCB,SuperCom Ltd. Ordinary Shares (Israel),$8.20,0.20,2.50%,36476060.00,Israel,,45313,Technology,Semiconductors
SPCE,Virgin Galactic Holdings Inc. Common Stock,$2.54,0.02,0.794%,185748544.00,United States,2017,1349710,Consumer Discretionary,Transportation Services
SPE,Special Opportunities Fund Inc Common Stock,$14.18,-0.34,-2.342%,0.00,United States,,179559,Finance,Finance/Investors Services
SPE^C,Special Opportunities Fund Inc. 2.75% Convertible Preferred Stock Series C,$24.98,-0.02,-0.08%,,United States,,27521,,
SPEG,Silver Pegasus Acquisition Corp Class A Ordinary Shares,$10.13,0.00,0.00%,0.00,United States,2025,551,,
SPEGR,Silver Pegasus Acquisition Corp Rights.,$0.24,0.00,0.00%,0.00,United States,2025,8,,
SPEGU,Silver Pegasus Acquisition Corp Unit,$10.30,0.00,0.00%,0.00,United States,2025,196,,
SPFI,South Plains Financial Inc. Common Stock,$40.44,-0.55,-1.342%,660442706.00,United States,2019,103927,Finance,Major Banks
SPG,Simon Property Group Inc. Common Stock,$192.83,-2.00,-1.027%,62660739825.00,United States,,2370341,Real Estate,Real Estate Investment Trusts
SPG^J,Simon Property Group Inc. Simon Property Group 8 3/8% Series J Cumulative Redeemable Preferred Stock,$54.1599,0.0599,0.111%,,United States,,1354,,
SPGI,S&P Global Inc. Common Stock,$445.28,-7.08,-1.565%,133049664000.00,United States,,2154582,Finance,Finance: Consumer Services
SPH,Suburban Propane Partners L.P. Common Stock,$20.53,0.28,1.383%,1361785305.00,United States,1996,106439,Consumer Discretionary,Other Specialty Stores
SPHL,Springview Holdings Ltd Class A Ordinary Shares,$3.06,0.16,5.517%,37521659.00,Singapore,2024,76038,Consumer Discretionary,Homebuilding
SPHR,Sphere Entertainment Co. Class A Common Stock,$117.74,4.92,4.361%,4180019609.00,United States,2020,1704768,Consumer Discretionary,Services-Misc. Amusement & Recreation
SPIR,Spire Global Inc. Class A Common Stock,$10.35,0.80,8.377%,358188505.00,United States,2020,676622,Consumer Discretionary,Telecommunications Equipment
SPKL,Spark I Acquisition Corp. Class A Ordinary Share,$11.34,0.00,0.00%,0.00,United States,2023,16,,
SPKLW,Spark I Acquisition Corp. Warrant,$0.2202,-0.03,-11.99%,0.00,United States,2023,9882,,
SPMA,Sound Point Meridian Capital Inc. 8.00% Series A Preferred Shares Due 2029,$25.21,0.09,0.358%,0.00,,,9994,,
SPMC,Sound Point Meridian Capital Inc. Common Stock,$10.23,-0.64,-5.888%,0.00,,2024,43584,,
SPME,Sound Point Meridian Capital Inc. 7.875% Series B Preferred Shares due 2030,$25.33,0.03,0.119%,0.00,,,6461,,
SPNT,SiriusPoint Ltd. Common Shares,$20.71,-0.19,-0.909%,2422868864.00,Bermuda,2013,763390,Finance,Property-Casualty Insurers
SPOK,Spok Holdings Inc. Common Stock,$12.26,-0.28,-2.233%,254154128.00,United States,,147752,Telecommunications,Telecommunications Equipment
SPOT,Spotify Technology S.A. Ordinary Shares,$544.88,-20.31,-3.593%,112154027312.00,Luxembourg,2018,3043748,Consumer Discretionary,Broadcasting
SPPL,SIMPPLE LTD. Ordinary Shares,$2.245,-0.085,-3.648%,9989936.00,Singapore,2023,5249,Consumer Discretionary,Diversified Commercial Services
SPRB,Spruce Biosciences Inc. Common Stock,$62.11,6.24,11.169%,66480681.00,United States,2020,77135,Health Care,Biotechnology: Pharmaceutical Preparations
SPRC,SciSparc Ltd. Ordinary Shares,$5.61,0.04,0.718%,3172455.00,Israel,,30855,Health Care,Biotechnology: Pharmaceutical Preparations
SPRO,Spero Therapeutics Inc. Common Stock,$2.32,0.02,0.87%,130707164.00,United States,2017,376413,Health Care,Biotechnology: Pharmaceutical Preparations
SPRU,Spruce Power Holding Corporation Class A Common Stock,$3.63,0.17,4.913%,65952973.00,United States,2019,61911,Consumer Discretionary,Auto Parts:O.E.M.
SPRY,ARS Pharmaceuticals Inc. Common Stock,$9.05,-0.01,-0.11%,894579930.00,United States,2020,1702961,Health Care,Biotechnology: Pharmaceutical Preparations
SPSC,SPS Commerce Inc. Common Stock,$62.17,-1.55,-2.433%,2324590574.00,United States,2010,633686,Technology,Computer Software: Prepackaged Software
SPT,Sprout Social Inc Class A Common Stock,$6.25,-0.20,-3.101%,372251856.00,United States,2019,2193484,Technology,Computer Software: Prepackaged Software
SPWH,Sportsman's Warehouse Holdings Inc. Common Stock,$1.39,0.00,0.00%,53488722.00,United States,2014,153190,Consumer Discretionary,Other Specialty Stores
SPWR,SunPower Inc. Common Stock,$1.27,0.04,3.252%,144271522.00,United States,,1520604,Technology,Semiconductors
SPWRW,SunPower Inc. Warrants,$0.18,-0.0575,-24.211%,20447932.00,United States,,150,Technology,Semiconductors
SPXC,SPX Technologies Inc. Common Stock,$209.80,5.18,2.532%,10464170893.00,United States,,354283,Industrials,Industrial Machinery/Components
SPXX,Nuveen S&P 500 Dynamic Overwrite Fund,$17.20,-0.10,-0.578%,0.00,United States,,94861,Finance,Trusts Except Educational Religious and Charitable
SQFT,Presidio Property Trust Inc. Class A Common Stock,$2.76,-0.08,-2.817%,3971913.00,United States,2020,5975,Real Estate,Real Estate Investment Trusts
SQFTP,Presidio Property Trust Inc. 9.375% Series D Cumulative Redeemable Perpetual Preferred Stock $0.01 par value per share,$5.88,-0.13,-2.163%,8461902.00,United States,,2952,Real Estate,Real Estate Investment Trusts
SQFTW,Presidio Property Trust Inc. Series A Common Stock Purchase Warrants,$0.0204,0.0004,2.00%,29358.00,United States,,1624,Real Estate,Real Estate Investment Trusts
SQM,Sociedad Quimica y Minera S.A. Common Stock,$75.00,4.61,6.549%,21422835600.00,Chile,1993,1135065,Industrials,Mining & Quarrying of Nonmetallic Minerals (No Fuels)
SQNS,Sequans Communications S.A. American Depositary Shares (each representing one hundred (100) Ordinary Shares),$3.10,-0.04,-1.274%,44430570.00,France,,78569,Technology,Semiconductors
SR,Spire Inc. Common Stock,$91.87,0.16,0.174%,5429203540.00,United States,,302942,Utilities,Oil/Gas Transmission
SRAD,Sportradar Group AG Class A Ordinary Shares,$18.84,0.29,1.563%,5641825006.00,Switzerland,2021,1809096,Technology,Computer Software: Programming Data Processing
SRBK,SR Bancorp Inc. Common stock,$16.85,0.13,0.778%,140452636.00,United States,2023,41547,Finance,Banks
SRCE,1st Source Corporation Common Stock,$67.29,-0.15,-0.222%,1637175592.00,United States,,183571,Finance,Major Banks
SRE,DBA Sempra Common Stock,$93.51,0.88,0.95%,61088599931.00,United States,,4064830,Utilities,Natural Gas Distribution
SREA,DBA Sempra 5.750% Junior Subordinated Notes due 2079,$22.41,-0.22,-0.972%,14188799059.00,United States,2019,51859,Utilities,Natural Gas Distribution
SRFM,Surf Air Mobility Inc. Common Stock,$1.88,0.00,0.00%,118860086.00,United States,2023,1697125,Consumer Discretionary,Transportation Services
SRG,Seritage Growth Properties Class A Common Stock,$2.83,-0.07,-2.414%,159398638.00,United States,2015,203132,Finance,Real Estate
SRG^A,Seritage Growth Properties 7.00% Series A Cumulative Redeemable Preferred Shares of Beneficial Interest,$23.95,0.02,0.084%,,United States,,5105,,
SRI,Stoneridge Inc. Common Stock,$7.61,0.12,1.602%,213208845.00,United States,1997,292986,Consumer Discretionary,Auto Parts:O.E.M.
SRJN,Spire Inc. 6.375% Junior Subordinated Notes due 2086,$24.88,-0.03,-0.12%,0.00,United States,,29766,Utilities,Oil/Gas Transmission
SRL,Scully Royalty Ltd.,$8.98,0.10,1.126%,136732632.00,Canada,,4017,Finance,Commercial Banks
SRPT,Sarepta Therapeutics Inc. Common Stock (DE),$17.64,0.93,5.566%,1852019578.00,United States,,3723836,Health Care,Biotechnology: Pharmaceutical Preparations
SRRK,Scholar Rock Holding Corporation Common Stock,$44.23,-1.06,-2.34%,5081279336.00,United States,2018,1055398,Health Care,Biotechnology: Biological Products (No Diagnostic Substances)
SRTA,Strata Critical Medical Inc. Class A Common Stock,$4.57,0.03,0.661%,397540384.00,United States,2019,895852,Consumer Discretionary,Transportation Services
SRTAW,Strata Critical Medical Inc. Warrants,$0.035,-0.0014,-3.846%,3044620.00,United States,2019,10630,Consumer Discretionary,Transportation Services
SRTS,Sensus Healthcare Inc. Common Stock,$4.35,0.10,2.353%,71609957.00,United States,2016,56178,Health Care,Medical/Dental Instruments
SRV,NXG Cushing Midstream Energy Fund Common Shares of Beneficial Interest,$42.85,-0.26,-0.603%,0.00,United States,,60171,Finance,Finance Companies
SRXH,SRX Health Solutions Inc. Common Stock,$0.1234,0.0034,2.833%,36798828.00,,2021,14820327,Consumer Staples,Beverages (Production/Distribution)
SRZN,Surrozen Inc. Common Stock,$27.40,0.36,1.331%,234856935.00,United States,,49160,Health Care,Biotechnology: Biological Products (No Diagnostic Substances)
SRZNW,Surrozen Inc. Warrant,$0.017,-0.0028,-14.141%,145714.00,United States,,8308,Health Care,Biotechnology: Biological Products (No Diagnostic Substances)
SSAC,SPACSphere Acquisition Corp. Class A Ordinary Shares,$9.875,-0.005,-0.051%,0.00,United States,2026,497178,Finance,Blank Checks
SSACR,SPACSphere Acquisition Corp. Rights,$0.19,-0.01,-5.00%,0.00,United States,2026,71100,Finance,Blank Checks
SSACU,SPACSphere Acquisition Corp. Unit,$10.10,0.01,0.099%,0.00,United States,2026,5796,Finance,Blank Checks
SSACW,SPACSphere Acquisition Corp. Warrant,$0.09,0.00,0.00%,0.00,United States,2026,10300,Finance,Blank Checks
SSB,SouthState Bank Corporation Common Stock,$93.89,-0.71,-0.751%,9226320740.00,United States,,722894,Finance,Major Banks
SSBI,Summit State Bank Common Stock,$12.80,-0.29,-2.215%,85416064.00,United States,2006,849,Finance,Major Banks
SSD,Simpson Manufacturing Company Inc. Common Stock,$185.11,-0.91,-0.489%,7663930699.00,United States,,284018,Consumer Discretionary,Industrial Machinery/Components
SSEA,Starry Sea Acquisition Corp	Ordinary Shares,$10.11,0.00,0.00%,0.00,United States,2025,8,,
SSEAU,Starry Sea Acquisition Corp Unit,$10.23,0.08,0.788%,0.00,United States,2025,200,Finance,Blank Checks
SSII,SS Innovations International Inc. Common Stock,$4.68,0.24,5.405%,962411023.00,India,,43658,Health Care,Medical/Dental Instruments
SSL,Sasol Ltd. American Depositary Shares,$9.35,0.39,4.353%,6071657222.00,South Africa,,3346280,Energy,Oil & Gas Production
SSM,Sono Group N.V. Ordinary Shares,$7.19,0.12,1.697%,,Germany,,508,,
SSNC,SS&C Technologies Holdings Inc. Common Stock,$74.40,-1.39,-1.834%,17967993874.00,United States,2010,2589798,Technology,Computer Software: Prepackaged Software
SSP,E.W. Scripps Company (The) Class A Common Stock,$4.60,0.03,0.656%,409532669.00,United States,,1141972,Industrials,Broadcasting
SSRM,SSR Mining Inc. Common Stock,$30.14,-0.39,-1.277%,6118454329.00,Canada,,4521618,Industrials,Precious Metals
SSSS,SuRo Capital Corp. Common Stock,$9.14,0.25,2.812%,229588492.00,United States,2011,541724,Finance,Finance: Consumer Services
SSSSL,SuRo Capital Corp. 6.00% Notes due 2026,$25.23,-0.02,-0.079%,602696940.00,United States,,1495,Finance,Finance: Consumer Services
SST,System1 Inc. Class A Common Stock,$2.90,-0.17,-5.537%,28993991.00,United States,2020,14825,Technology,Computer Software: Programming Data Processing
SSTI,SoundThinking Inc. Common Stock,$6.95,-0.25,-3.472%,88254248.00,United States,2017,134382,Technology,Computer Software: Prepackaged Software
SSTK,Shutterstock Inc. Common Stock,$16.77,-0.75,-4.281%,596119081.00,United States,2012,460555,Technology,EDP Services
SSYS,Stratasys Ltd. Ordinary Shares (Israel),$8.59,-0.17,-1.941%,740222110.00,United States,1994,2566348,Technology,Computer peripheral equipment
ST,Sensata Technologies Holding plc Ordinary Shares,$33.12,0.14,0.424%,4828880897.00,Netherlands,2010,2422545,Industrials,Industrial Machinery/Components
STAA,STAAR Surgical Company Common Stock,$18.32,-0.14,-0.758%,907073562.00,United States,,941346,Health Care,Ophthalmic Goods
STAG,Stag Industrial Inc. Common Stock,$38.36,0.26,0.682%,7328152660.00,United States,2011,993356,Real Estate,Real Estate Investment Trusts
STAK,STAK Inc. Class A Ordinary Shares,$0.7601,-0.1829,-19.396%,10041186.00,China,2025,2337484,Consumer Discretionary,Oil and Gas Field Machinery
STBA,S&T Bancorp Inc. Common Stock,$40.30,-0.43,-1.056%,1472909870.00,United States,,279257,Finance,Major Banks
STC,Stewart Information Services Corporation Common Stock,$65.88,-1.12,-1.672%,2004031060.00,United States,,225845,Finance,Specialty Insurers
STE,STERIS plc (Ireland) Ordinary Shares,$227.72,-2.79,-1.21%,22333644693.00,United States,,1185738,Health Care,Industrial Specialties
STEL,Stellar Bancorp Inc. Common Stock,$36.61,-0.39,-1.054%,1858770828.00,United States,,345773,Finance,Major Banks
STEM,Stem Inc. Class A Common Stock,$11.27,-0.84,-6.936%,96008837.00,United States,2020,306057,Miscellaneous,Industrial Machinery/Components
STEP,StepStone Group Inc. Class A Common Stock,$45.25,-0.41,-0.898%,5392065930.00,United States,2020,1528533,Finance,Investment Managers
STEW,SRH Total Return Fund Inc. Common Stock,$17.46,-0.11,-0.626%,0.00,United States,,92854,Finance,Investment Managers
STEX,Streamex Corp. Common Stock,$2.11,0.12,6.03%,376676489.00,United States,,1990209,Health Care,Biotechnology: Electromedical & Electrotherapeutic Apparatus
STFS,Star Fashion Culture Holdings Limited Class A Ordinary Shares,$0.1002,0.00,0.00%,4784550.00,China,2024,815923,Consumer Discretionary,Advertising
STG,Sunlands Technology Group American Depositary Shares representing Class A ordinary shares,$4.51,-0.0166,-0.367%,60958278.00,,2018,800,Real Estate,Other Consumer Services
STGW,Stagwell Inc. Class A Common Stock,$5.24,0.00,0.00%,1321099604.00,Canada,,1905464,Consumer Discretionary,Advertising
STHO,Star Holdings Shares of Beneficial Interest,$8.03,-0.33,-3.947%,97072823.00,United States,,44138,Real Estate,Real Estate
STI,Solidion Technology Inc. Common Stock,$3.85,-0.02,-0.517%,29820880.00,United States,2022,23575,Miscellaneous,Industrial Machinery/Components
STIM,Neuronetics Inc. Common Stock,$1.32,-0.06,-4.348%,90401417.00,United States,2018,1224482,Health Care,Medical/Dental Instruments
STK,Columbia Seligman Premium Technology Growth Fund Inc,$38.94,0.22,0.568%,0.00,United States,2009,59946,Finance,Investment Managers
STKE,Sol Strategies Inc. Common Shares,$1.47,0.08,5.755%,32467941.00,Canada,,307283,,
STKH,Steakholder Foods Ltd. American Depositary Shares,$1.20,-0.03,-2.439%,1656719.00,Israel,2021,1758,Consumer Staples,Packaged Foods
STKL,SunOpta Inc. Common Stock,$6.46,0.00,0.00%,763681284.00,Canada,,3578809,Industrials,Farming/Seeds/Milling
STKS,The ONE Group Hospitality Inc. Common Stock,$1.97,-0.02,-1.005%,61276419.00,United States,,42346,Consumer Discretionary,Restaurants
STLA,Stellantis N.V. Common Shares,$7.07,-0.08,-1.119%,20485206196.00,United Kingdom,2014,23281968,Industrials,Auto Manufacturing
STLD,Steel Dynamics Inc.,$182.36,0.75,0.413%,26420754646.00,United States,1996,1286106,Industrials,Steel/Iron Ore
STM,STMicroelectronics N.V. Common Stock,$33.53,2.17,6.92%,29800396137.00,Switzerland,,13787667,Technology,Semiconductors
STN,Stantec Inc Common Stock,$91.27,0.80,0.884%,10410894634.00,Canada,,456945,Consumer Discretionary,Military/Government/Technical
STNE,StoneCo Ltd. Class A Common Shares,$13.87,0.15,1.093%,3766288802.00,Brazil,2018,5550657,Technology,EDP Services
STNG,Scorpio Tankers Inc. Common Shares,$76.28,-0.57,-0.742%,3807633824.00,Monaco,2010,1543489,Consumer Discretionary,Marine Transportation
STOK,Stoke Therapeutics Inc. Common Stock,$38.31,2.83,7.976%,2188158017.00,United States,2019,748304,Health Care,Biotechnology: Pharmaceutical Preparations
STRA,Strategic Education Inc. Common Stock,$82.18,0.32,0.391%,1867983532.00,United States,1996,333451,Real Estate,Other Consumer Services
STRC,Strategy Inc Variable Rate Series A Perpetual Stretch Preferred Stock,$100.06,0.04,0.04%,33395295962.00,United States,,2996129,Technology,Computer Software: Prepackaged Software
STRD,Strategy Inc 10.00% Series A Perpetual Stride Preferred Stock,$78.83,0.01,0.013%,26309725972.00,United States,,153590,Technology,Computer Software: Prepackaged Software
STRF,Strategy Inc 10.00% Series A Perpetual Strife Preferred Stock,$101.48,1.46,1.46%,33869224808.00,United States,,130638,Technology,Computer Software: Prepackaged Software
STRK,Strategy Inc 8.00% Series A Perpetual Strike Preferred Stock,$78.75,-0.22,-0.279%,26283025755.00,United States,,269900,Technology,Computer Software: Prepackaged Software
STRL,Sterling Infrastructure Inc. Common Stock,$411.38,16.27,4.118%,12606373972.00,United States,,619348,Industrials,Military/Government/Technical
STRO,Sutro Biopharma Inc. Common Stock,$24.98,-0.31,-1.226%,410478130.00,United States,2018,302799,Health Care,Biotechnology: Biological Products (No Diagnostic Substances)
STRR,Star Equity Holdings Inc. Common Stock,$9.945,-0.125,-1.241%,34170055.00,United States,,5400,Consumer Discretionary,Professional Services
STRRP,Star Equity Holdings Inc. 10% Series A Cumulative Perpetual Preferred Stock,$9.6675,-0.1325,-1.352%,33216592.00,United States,,1045,,
STRS,Stratus Properties Inc. Common Stock,$31.99,0.91,2.928%,255751925.00,United States,,10880,Real Estate,Homebuilding
STRT,STRATTEC SECURITY CORPORATION Common Stock,$78.71,-1.74,-2.163%,328990326.00,United States,,41891,Consumer Discretionary,Auto Parts:O.E.M.
STRW,Strawberry Fields REIT Inc. Common Stock,$12.85,-0.01,-0.078%,168593221.00,,2023,16607,Real Estate,Real Estate Investment Trusts
STRZ,Starz Entertainment Corp. Common Shares,$14.91,-0.39,-2.549%,249459896.00,United States,,246283,Consumer Discretionary,Movies/Entertainment
STSS,Sharps Technology Inc. Common Stock,$1.79,0.00,0.00%,51901770.00,United States,2022,107110,Health Care,Medical/Dental Instruments
STSSW,Sharps Technology Inc. Warrant,$0.0329,0.0103,45.575%,953949.00,United States,2022,6156,Finance,Finance: Consumer Services
STT,State Street Corporation Common Stock,$121.93,0.89,0.735%,33985330767.00,United States,,2393665,Finance,Major Banks
STT^G,State Street Corporation Depositary shares each representing a 1/4000th ownership interest in a share of Fixed-to-Floating Rate Non-Cumulative,$22.35,-0.08,-0.357%,,United States,,32473,,
STTK,Shattuck Labs Inc. Common Stock,$6.02,0.03,0.501%,430816586.00,United States,2020,836877,Health Care,Biotechnology: Pharmaceutical Preparations
STUB,StubHub Holdings Inc. Class A Common Stock,$8.23,-0.12,-1.437%,2935839499.00,,2025,9514447,Consumer Discretionary,Services-Misc. Amusement & Recreation
STVN,Stevanato Group S.p.A. Ordinary Shares,$15.58,0.17,1.103%,4718286711.00,,2021,599973,Health Care,Medical/Dental Instruments
STWD,STARWOOD PROPERTY TRUST INC. Starwood Property Trust Inc.,$17.89,-0.06,-0.334%,6629707812.00,United States,2009,4041037,Real Estate,Real Estate Investment Trusts
STX,Seagate Technology Holdings PLC Ordinary Shares (Ireland),$374.33,21.53,6.103%,81631291170.00,Ireland,2002,2925813,Technology,Electronic Components
STXS,Stereotaxis Inc. Common Stock,$2.07,0.02,0.976%,193182259.00,United States,,556166,Health Care,Biotechnology: Electromedical & Electrotherapeutic Apparatus
STZ,Constellation Brands Inc. Common Stock,$148.96,2.49,1.70%,25827373740.00,United States,,2129688,Consumer Staples,Beverages (Production/Distribution)
SU,Suncor Energy  Inc. Common Stock,$57.40,0.56,0.985%,68128688358.00,Canada,,10516936,Energy,Integrated oil Companies
SUGP,SU Group Holdings Limited Ordinary Shares,$5.27,0.13,2.529%,7719348.00,Hong Kong,2024,6810,Consumer Discretionary,Diversified Commercial Services
SUI,Sun Communities Inc. Common Stock,$135.44,-1.27,-0.929%,16684126558.00,United States,1993,981157,Real Estate,Real Estate Investment Trusts
SUIG,Sui Group Holdings Limited Common Stock,$1.39,0.10,7.752%,106755992.00,United States,,313602,Finance,Finance Companies
SUIS,Canary Staked SUIS ETF Shares of Beneficial Interest,$25.1758,1.7641,7.535%,25679316.00,United States,,1971,,
SUN,Sunoco LP Common Units representing limited partner interests,$63.29,-0.73,-1.14%,12963230708.00,United States,2012,507940,Energy,Integrated oil Companies
SUNB,Sunbelt Rentals Holdings Inc. Common Stock,$75.52,1.09,1.464%,31604797076.00,,2026,10738927,Consumer Discretionary,Diversified Commercial Services
SUNC,SunocoCorp LLC Common Units representing limited liability company interests,$59.55,-0.47,-0.783%,3067849141.00,,2025,514705,Energy,Integrated oil Companies
SUNE,SUNation Energy Inc. Common Stock,$1.15,-0.09,-7.258%,3917606.00,United States,,114076,Utilities,Telecommunications Equipment
SUNS,Sunrise Realty Trust Inc. Common Stock,$9.27,-0.14,-1.488%,124412540.00,United States,,68869,Real Estate,Real Estate Investment Trusts
SUPN,Supernus Pharmaceuticals Inc. Common Stock,$54.17,0.30,0.557%,3112470717.00,United States,2012,801132,Health Care,Biotechnology: Pharmaceutical Preparations
SUPV,Grupo Supervielle S.A. American Depositary Shares each Representing five Class B shares,$8.63,0.34,4.101%,788302724.00,,2016,994402,Finance,Commercial Banks
SUPX,SuperX AI Technology Limited Ordinary Shares,$10.90,0.21,1.964%,363037885.00,Hong Kong,2024,186148,,
SURG,SurgePays Inc. Common Stock,$0.7936,0.0089,1.134%,17009258.00,United States,,67797,Consumer Discretionary,Advertising
SUUN,PowerBank Corporation Common Stock,$0.71,0.01,1.429%,28710908.00,Canada,,486953,Utilities,Power Generation
SUZ,Suzano S.A. American Depositary Shares (each representing One Ordinary Share),$10.67,0.27,2.596%,13488134952.00,Brazil,2018,6141004,Basic Materials,Paper
SVAC,Spring Valley Acquisition Corp. III Class A Ordinary Shares,$10.20,0.02,0.196%,0.00,United States,2025,29820,Finance,Blank Checks
SVACU,Spring Valley Acquisition Corp. III Unit,$10.58,-0.02,-0.189%,0.00,United States,2025,1620,Finance,Blank Checks
SVACW,Spring Valley Acquisition Corp. III Warrant,$1.24,0.08,6.897%,0.00,United States,2025,14300,Finance,Blank Checks
SVAQ,Silicon Valley Acquisition Corp. Class A Ordinary Shares,$9.90,0.01,0.101%,0.00,United States,2026,935,Finance,Blank Checks
SVAQU,Silicon Valley Acquisition Corp. Units,$10.01,0.00,0.00%,0.00,United States,2025,241,Finance,Blank Checks
SVAQW,Silicon Valley Acquisition Corp. Warrants,$0.30,0.00,0.00%,0.00,United States,2026,21118,Finance,Blank Checks
SVC,Service Properties Trust Common Stock,$2.16,-0.05,-2.262%,363011823.00,United States,,1624514,Real Estate,Real Estate Investment Trusts
SVCC,Stellar V Capital Corp. Class A Ordinary Shares,$10.41,0.00,0.00%,0.00,United States,2025,117,,
SVCCW,Stellar V Capital Corp. Warrant,$0.1909,-0.0693,-26.633%,0.00,United States,2025,1800,Finance,Blank Checks
SVCO,Silvaco Group Inc. Common Stock,$3.29,0.06,1.858%,100998878.00,United States,2024,136012,Technology,Computer Software: Prepackaged Software
SVIV,Spring Valley Acquisition Corp. IV Class A Ordinary Shares,$9.88,0.00,0.00%,0.00,United States,2026,204,Finance,Blank Checks
SVIVU,Spring Valley Acquisition Corp. IV Units,$10.135,0.035,0.347%,0.00,United States,2026,347,Finance,Blank Checks
SVIVW,Spring Valley Acquisition Corp. IV Warrants,$0.7599,0.0799,11.75%,0.00,United States,2026,28947,Finance,Blank Checks
SVM,Silvercorp Metals Inc. Common Shares,$11.57,-0.26,-2.198%,2548601523.00,Canada,,6658306,Basic Materials,Precious Metals
SVRA,Savara Inc. Common Stock,$5.43,0.16,3.036%,1104830398.00,United States,,1261408,Health Care,Biotechnology: Pharmaceutical Preparations
SVRE,SaverOne 2014 Ltd. American Depositary Shares,$2.50,-0.26,-9.42%,1583700.00,Israel,2022,34462,Technology,EDP Services
SVREW,SaverOne 2014 Ltd. Warrant,$0.0086,0.0001,1.176%,235350490.00,Israel,2022,7560,Technology,EDP Services
SVRN,OceanPal Inc. Common Stock,$0.5236,0.0196,3.889%,57339849.00,Greece,,3339057,Consumer Discretionary,Marine Transportation
SVV,Savers Value Village Inc. Common Stock,$8.48,-0.25,-2.864%,1314880943.00,United States,2023,1358522,Consumer Discretionary,Other Specialty Stores
SW,Smurfit WestRock plc Ordinary Shares,$42.09,-0.76,-1.774%,22065839706.00,Ireland,2024,8727764,Consumer Discretionary,Containers/Packaging
SWAG,Stran & Company Inc. Common Stock,$1.73,0.05,2.976%,31638513.00,United States,2021,30096,Consumer Discretionary,Advertising
SWAGW,Stran & Company Inc. Warrant,$0.07,-0.0099,-12.39%,1280171.00,United States,2021,120,Consumer Discretionary,Advertising
SWBI,Smith & Wesson Brands Inc. Common Stock,$14.24,0.25,1.787%,633590929.00,United States,,1448520,Industrials,Ordnance And Accessories
SWIM,Latham Group Inc. Common Stock,$6.31,0.01,0.159%,736799309.00,United States,2021,1008514,Industrials,Plastic Products
SWK,Stanley Black & Decker Inc. Common Stock,$75.62,-0.46,-0.605%,11727109370.00,United States,,2781442,Consumer Discretionary,Industrial Machinery/Components
SWKH,SWK Holdings Corporation Common Stock,$16.91,0.10,0.595%,204541770.00,United States,,4051,Finance,Diversified Financial Services
SWKHL,SWK Holdings Corporation 9.00% Senior Notes due 2027,$25.6999,0.0087,0.034%,312186734.00,United States,,4667,,
SWKS,Skyworks Solutions Inc. Common Stock,$55.28,0.47,0.858%,8312653271.00,United States,,3942985,Technology,Semiconductors
SWVL,Swvl Holdings Corp Class A Common Shares,$1.56,0.00,0.00%,15441685.00,United Arab Emirates,,14600,Real Estate,Real Estate
SWVLW,Swvl Holdings Corp Warrant,$0.0074,0.00,0.00%,73249.00,United Arab Emirates,,842,Real Estate,Real Estate
SWX,Southwest Gas Holdings Inc. Common Stock (DE),$87.71,0.09,0.103%,6338724954.00,United States,,601250,Utilities,Oil & Gas Production
SWZ,Total Return Securities Fund Common Stock,$5.99,0.06,1.012%,0.00,United States,,57916,Finance,Finance Companies
SXC,SunCoke Energy Inc. Common Stock,$5.84,-0.08,-1.351%,494446573.00,United States,2011,3086132,Industrials,Steel/Iron Ore
SXI,Standex International Corporation Common Stock,$260.44,9.55,3.806%,3156202823.00,United States,,193892,Industrials,Industrial Machinery/Components
SXT,Sensient Technologies Corporation Common Stock,$91.32,-0.20,-0.219%,3881711844.00,United States,,243688,Industrials,Major Chemicals
SXTC,China SXT Pharmaceuticals Inc. Ordinary Shares,$2.13,0.09,4.412%,4942761.00,China,2019,19669,Health Care,Biotechnology: Pharmaceutical Preparations
SXTP,60 Degrees Pharmaceuticals Inc. Common Stock,$1.93,-0.12,-5.854%,3052646.00,United States,2023,49530,Health Care,Biotechnology: Pharmaceutical Preparations
SXTPW,60 Degrees Pharmaceuticals Inc. Warrant,$0.038,-0.002,-5.00%,60104.00,United States,2023,425,Health Care,Biotechnology: Pharmaceutical Preparations
SY,So-Young International Inc. American Depository Shares,$3.09,0.04,1.311%,311153566.00,China,2019,306197,Technology,EDP Services
SYBT,Stock Yards Bancorp Inc. Common Stock,$64.43,-0.20,-0.309%,1899327460.00,United States,,234094,Finance,Major Banks
SYF,Synchrony Financial Common Stock,$67.12,0.45,0.675%,23330662246.00,United States,2014,3798292,Finance,Finance: Consumer Services
SYF^A,Synchrony Financial Depositary Shares each Representing a 1/40th Interest in a Share of 5.625% Fixed Rate Non-Cumulative Perpetual Preferred Stock Series A,$19.40,-0.01,-0.052%,,United States,,45147,,
SYF^B,Synchrony Financial Depositary Shares Each Representing a 1/40th Interest in a Share of 8.250% Fixed Rate Reset Non-Cumulative Perpetual Preferred Stock Series B,$25.82,-0.10,-0.386%,,United States,,41221,,
SYK,Stryker Corporation Common Stock,$365.92,1.36,0.373%,140033439956.00,United States,,1842859,Health Care,Medical/Dental Instruments
SYM,Symbotic Inc. Class A Common Stock,$50.24,1.63,3.353%,30253110830.00,United States,2021,1910983,Industrials,Industrial Machinery/Components
SYNA,Synaptics Incorporated Common Stock $0.001 Par Value,$74.44,2.44,3.389%,2883041920.00,United States,2002,894230,Technology,Semiconductors
SYNX,Silynxcom Ltd. Ordinary Shares,$1.22,-0.36,-22.785%,6450118.00,,2024,2143645,Consumer Staples,Consumer Electronics/Appliances
SYPR,Sypris Solutions Inc. Common Stock,$3.45,-0.17,-4.696%,79453397.00,United States,,102557,Industrials,Industrial Machinery/Components
SYRE,Spyre Therapeutics Inc. Common Stock,$41.07,0.92,2.291%,3225644535.00,United States,2016,882164,Health Care,Biotechnology: Pharmaceutical Preparations
SYY,Sysco Corporation Common Stock,$84.70,-0.53,-0.622%,40565425970.00,United States,,3190780,Consumer Discretionary,Food Distributors
SZZL,Sizzle Acquisition Corp. II Class A ordinary shares,$10.26,-0.03,-0.292%,0.00,United States,2025,347,Finance,Blank Checks
SZZLR,Sizzle Acquisition Corp. II Right,$0.2016,-0.0184,-8.364%,0.00,United States,2025,23235,Finance,Blank Checks
SZZLU,Sizzle Acquisition Corp. II Unit,$10.40,0.00,0.00%,0.00,United States,2025,5,Finance,Blank Checks
T,AT&T Inc.,$27.53,-1.11,-3.876%,192725890344.00,United States,,52132914,Telecommunications,Telecommunications Equipment
T^A,AT&T Inc. Depositary Shares each representing a 1/1000th interest in a share of 5.000% Perpetual Preferred Stock Series A,$20.39,-0.08,-0.391%,,United States,,67513,,
T^C,AT&T Inc. Depositary Shares each representing a 1/1000th interest in a share of 4.750% Perpetual Preferred Stock Series C,$19.095,-0.145,-0.754%,,United States,,102652,,
TAC,TransAlta Corporation Ordinary Shares,$12.65,-0.07,-0.55%,3754520000.00,Canada,,2525550,Utilities,Electric Utilities: Central
TACH,Titan Acquisition Corp. Class A Ordinary Shares,$10.34,-0.01,-0.097%,0.00,United States,2025,1601,Finance,Blank Checks
TACHW,Titan Acquisition Corp. Warrants,$0.3155,0.00,0.00%,0.00,United States,2025,13,Finance,Blank Checks
TACO,Berto Acquisition Corp. Ordinary Shares,$10.22,0.01,0.098%,372439611.00,United States,2025,2521,Finance,Blank Checks
TACOU,Berto Acquisition Corp. Unit,$10.30,0.00,0.00%,0.00,United States,2025,26,Finance,Blank Checks
TACOW,Berto Acquisition Corp. Warrant,$0.2949,-0.0051,-1.70%,0.00,United States,2025,50530,Finance,Blank Checks
TACT,TransAct Technologies Incorporated Common Stock,$3.36,-0.10,-2.89%,33978286.00,United States,1996,39131,Technology,Computer peripheral equipment
TAK,Takeda Pharmaceutical Company Limited American Depositary Shares (each representing 1/2 of a share of Common Stock),$18.07,0.19,1.063%,56871698206.00,Japan,2018,2734227,Health Care,Biotechnology: Pharmaceutical Preparations
TAL,TAL Education Group American Depositary Shares,$10.74,0.10,0.94%,6551632940.00,China,,3837115,Real Estate,Other Consumer Services
TALK,Talkspace Inc. Common Stock,$5.12,0.36,7.563%,848159355.00,United States,2020,54561565,Health Care,Medical/Nursing Services
TALKW,Talkspace Inc. Warrant,$0.0054,-0.0216,-80.00%,894543.00,United States,2020,834885,Health Care,Medical/Nursing Services
TALO,Talos Energy Inc. Common Stock,$13.22,-0.05,-0.377%,2227764109.00,United States,2018,2506769,Energy,Oil & Gas Production
TANH,Tantech Holdings Ltd. Class A Common Shares,$0.7571,-0.0307,-3.897%,1028398.00,China,2015,21036,Industrials,Major Chemicals
TAOP,Taoping Inc. Ordinary Shares ,$1.30,-0.105,-7.473%,12010293.00,Hong Kong,,2447,Technology,Computer Software: Prepackaged Software
TAOX,Tao Synergies Inc. Common Stock,$4.58,0.61,15.365%,34113411.00,United States,,138001,Health Care,Biotechnology: Pharmaceutical Preparations
TAP,Molson Coors Beverage Company Class B Common Stock,$46.01,-0.63,-1.351%,8646593276.00,Canada,,2417696,Consumer Staples,Beverages (Production/Distribution)
TARA,Protara Therapeutics Inc.  Common Stock,$5.75,-0.15,-2.542%,296876749.00,United States,2014,1173508,Health Care,Biotechnology: Biological Products (No Diagnostic Substances)
TARS,Tarsus Pharmaceuticals Inc. Common Stock,$74.49,1.23,1.679%,3170107579.00,United States,2020,476067,Health Care,Biotechnology: Biological Products (No Diagnostic Substances)
TASK,TaskUs Inc. Class A Common Stock,$10.60,-0.32,-2.93%,959949271.00,United States,2021,506408,Technology,EDP Services
TATT,TAT Technologies Ltd. Ordinary Shares,$58.93,1.21,2.096%,740476547.00,Israel,,202123,Industrials,Aerospace
TAVI,Tavia Acquisition Corp. Ordinary Shares,$10.51,0.00,0.00%,0.00,United States,2024,2,Finance,Blank Checks
TAVIR,Tavia Acquisition Corp. Right,$0.1801,-0.0099,-5.211%,0.00,United States,2024,5446,Finance,Blank Checks
TAYD,Taylor Devices Inc. Common Stock,$83.47,0.98,1.188%,263190676.00,United States,,42389,Industrials,Industrial Machinery/Components
TBB,AT&T Inc. 5.350% Global Notes due 2066,$22.26,-0.08,-0.358%,159167580785.00,United States,2017,91454,Telecommunications,Telecommunications Equipment
TBBB,BBB Foods Inc. Class A Common Shares,$33.50,0.39,1.178%,3844687968.00,Mexico,2024,633545,Consumer Staples,Food Chains
TBBK,The Bancorp Inc Common Stock,$52.98,0.32,0.608%,2235429113.00,United States,2004,602386,Finance,Major Banks
TBCH,Turtle Beach Corporation Common Stock,$13.33,0.38,2.934%,257415817.00,United States,,249314,Telecommunications,Telecommunications Equipment
TBH,Brag House Holdings Inc. Common Stock,$0.255,0.0149,6.206%,5342598.00,United States,2025,176018,Consumer Discretionary,Services-Misc. Amusement & Recreation
TBHC,The Brand House Collective Inc. Common Stock,$1.02,0.0204,2.041%,22910611.00,United States,2002,58561,Consumer Discretionary,Other Specialty Stores
TBI,TrueBlue Inc. Common Stock,$3.86,-0.38,-8.962%,116041794.00,United States,,402303,Consumer Discretionary,Professional Services
TBLA,Taboola.com Ltd. Ordinary Shares,$3.29,-0.01,-0.303%,913298881.00,Israel,,6255444,Technology,Computer Software: Programming Data Processing
TBLAW,Taboola.com Ltd. Warrant,$0.011,-0.0027,-19.708%,3053583.00,Israel,,5100,Technology,Computer Software: Programming Data Processing
TBLD,Thornburg Income Builder Opportunities Trust Common Stock,$21.29,-0.305,-1.412%,683023289.00,United States,2021,60127,Finance,Investment Managers
TBMC,Trailblazer Merger Corporation I Class A Common Stock,$9.949,0.00,0.00%,0.00,United States,2023,370,Finance,Blank Checks
TBN,Tamboran Resources Corporation Common stock,$30.96,-0.04,-0.129%,700919322.00,,2024,85884,Energy,Oil & Gas Production
TBPH,Theravance Biopharma Inc. Ordinary Shares,$14.00,0.43,3.169%,709414034.00,Cayman Islands,,1205347,Health Care,Biotechnology: Pharmaceutical Preparations
TBRG,TruBridge Inc. Common Stock,$18.47,-0.32,-1.703%,277215971.00,United States,2002,81940,Technology,EDP Services
TC,Token Cat Limited American Depositary Shares,$11.046,0.1265,1.158%,21957007.00,China,2018,1492,Real Estate,Real Estate
TCBI,Texas Capital Bancshares Inc. Common Stock,$92.19,0.29,0.316%,4072662603.00,United States,2003,450080,Finance,Major Banks
TCBIO,Texas Capital Bancshares Inc. Depositary Shares 5.75% Fixed Rate Non-Cumulative Perpetual Preferred Stock Series B,$22.50,0.0284,0.126%,993978833.00,United States,,32246,Finance,Major Banks
TCBK,TriCo Bancshares Common Stock,$47.25,0.00,0.00%,1519117362.00,United States,,227560,Finance,Major Banks
TCBS,Texas Community Bancshares Inc. Common Stock,$16.51,-0.04,-0.242%,48122407.00,United States,2021,629,Finance,Banks
TCBX,Third Coast Bancshares Inc. Common Stock,$38.27,-0.32,-0.829%,630910877.00,United States,,73141,Finance,Banks
TCI,Transcontinental Realty Investors Inc. Common Stock,$36.83,0.35,0.959%,318186008.00,United States,,5739,Real Estate,Real Estate Investment Trusts
TCMD,Tactile Systems Technology Inc. Common Stock,$28.96,0.15,0.521%,649831297.00,United States,2016,393268,Health Care,Medical/Dental Instruments
TCOM,Trip.com Group Limited American Depositary Shares,$53.74,-0.26,-0.481%,35106768332.00,China,2003,4280013,Real Estate,Real Estate
TCPA,TransCanada PipeLines Limited 6.250% Junior Subordinated Notes due 2085,$24.53,-0.15,-0.608%,0.00,Canada,2025,39476,Utilities,Natural Gas Distribution
TCPC,BlackRock TCP Capital Corp. Common Stock,$3.80,-0.02,-0.524%,320457941.00,United States,2012,1596729,Finance,Finance/Investors Services
TCRT,Alaunos Therapeutics Inc. Common Stock,$3.65,0.04,1.108%,8146176.00,United States,,10541,Health Care,Biotechnology: Pharmaceutical Preparations
TCRX,TScan Therapeutics Inc. Common Stock,$1.24,0.12,10.714%,70558013.00,United States,2021,1351264,Health Care,Biotechnology: Biological Products (No Diagnostic Substances)
TCX,Tucows Inc. Class A Common Stock,$17.81,0.07,0.395%,197760797.00,Canada,,39070,Technology,EDP Services
TD,Toronto Dominion Bank (The) Common Stock,$95.32,-0.27,-0.282%,159306218960.00,Canada,,1958188,Finance,Commercial Banks
TDAC,Translational Development Acquisition Corp. Ordinary Shares,$10.54,0.00,0.00%,0.00,United States,2025,139,,
TDACW,Translational Development Acquisition Corp. Warrants,$0.17,-0.01,-5.556%,0.00,United States,2025,4350,,
TDAY,USA TODAY Co. Inc. Common Stock,$6.51,0.15,2.358%,957669513.00,United States,2014,2334321,Consumer Discretionary,Newspapers/Magazines
TDC,Teradata Corporation Common Stock,$28.54,0.52,1.856%,2631388000.00,United States,,2053872,Technology,Computer Software: Prepackaged Software
TDF,Templeton Dragon Fund Inc. Common Stock,$11.18,0.01,0.09%,0.00,United States,,103359,Finance,Finance/Investors Services
TDG,Transdigm Group Incorporated Common Stock,$1277.93,-16.60,-1.282%,72169260365.00,United States,2006,401226,Industrials,Military/Government/Technical
TDIC,Dreamland Limited Class A Ordinary Shares,$0.156,-0.008,-4.878%,4836000.00,Hong Kong,2025,332575,Consumer Discretionary,Other Consumer Services
TDOC,Teladoc Health Inc. Common Stock,$5.30,0.22,4.331%,945501100.00,United States,2015,5981709,Health Care,Medical/Nursing Services
TDOG,21Shares Dogecoin ETF Common Shares of Beneficial Interest,$18.4238,0.0515,0.28%,1665088.00,United States,,1131,,
TDOT,21shares Polkadot ETF Shares of Beneficial Interest,$18.1322,0.2092,1.167%,0.00,,,2639,,
TDS,Telephone and Data Systems Inc. Common Shares,$44.86,-0.05,-0.111%,5100582000.00,United States,,659166,Telecommunications,Telecommunications Equipment
TDS^U,Telephone and Data Systems Inc. Depositary Shares Each Representing a 1/1000th Interest in a 6.625% Series UU Cumulative Redeemable Perpetual Preferred Stock,$22.05,-0.28,-1.254%,,United States,,80665,,
TDS^V,Telephone and Data Systems Inc. Depositary Shares Each Representing a 1/1000th Interest in a 6.000% Series VV Cumulative Redeemable Perpetual Preferred Stock,$19.82,-0.41,-2.027%,,United States,,134250,,
TDTH,Trident Digital Tech Holdings Ltd American Depository Shares,$0.2066,0.0058,2.888%,23778756.00,Singapore,2024,398968,Real Estate,Real Estate
TDUP,ThredUp Inc. Class A Common Stock,$3.73,0.08,2.192%,473847533.00,United States,2021,3229691,Consumer Discretionary,Catalog/Specialty Distribution
TDW,Tidewater Inc. Common Stock,$81.00,3.21,4.126%,4015455120.00,United States,2017,1445380,Consumer Discretionary,Marine Transportation
TDWD,Tailwind 2.0 Acquisition Corp. Class A Ordinary Shares,$9.93,0.00,0.00%,0.00,United States,2025,24,Finance,Blank Checks
TDWDR,Tailwind 2.0 Acquisition Corp. Rights,$0.163,-0.017,-9.444%,0.00,United States,2025,359,Finance,Blank Checks
TDWDU,Tailwind 2.0 Acquisition Corp. Unit,$10.10,0.00,0.00%,0.00,United States,2025,4,Finance,Blank Checks
TDY,Teledyne Technologies Incorporated Common Stock,$654.06,6.42,0.991%,30286451713.00,United States,,209846,Industrials,Industrial Machinery/Components
TE,T1 Energy Inc. Common Stock,$7.16,0.44,6.548%,1850756595.00,Luxembourg,2021,9730750,Miscellaneous,Industrial Machinery/Components
TEAD,Teads Holding Co. Common Stock,$0.7887,-0.0463,-5.545%,75297840.00,United States,2021,1137364,Technology,Computer Software: Programming Data Processing
TEAM,Atlassian Corporation Class A Common Stock,$82.04,-1.58,-1.89%,21637563831.00,Australia,2015,5367642,Technology,Computer Software: Prepackaged Software
TECH,Bio-Techne Corp Common Stock,$54.87,0.98,1.819%,8584592132.00,United States,,2677877,Health Care,Biotechnology: Biological Products (No Diagnostic Substances)
TECK,Teck Resources Ltd Ordinary Shares,$50.95,0.41,0.811%,24873790000.00,Canada,,6989256,Industrials,Mining & Quarrying of Nonmetallic Minerals (No Fuels)
TECX,Tectonic Therapeutic Inc. Common Stock,$34.00,-1.87,-5.213%,638405284.00,United States,2018,726897,Health Care,Biotechnology: Biological Products (No Diagnostic Substances)
TEI,Templeton Emerging Markets Income Fund Inc. Common Stock,$6.30,-0.09,-1.408%,0.00,United States,1993,520021,Finance,Finance Companies
TEL,TE Connectivity plc Ordinary Shares,$206.24,0.39,0.189%,60517884464.00,Ireland,,1948889,Technology,Electronic Components
TELA,TELA Bio Inc. Common Stock,$0.8851,-0.0115,-1.283%,35706293.00,United States,2019,85353,Health Care,Medical/Dental Instruments
TELO,Telomir Pharmaceuticals Inc. Common Stock,$1.33,0.08,6.40%,45726691.00,United States,2024,52223,Health Care,Biotechnology: Pharmaceutical Preparations
TEM,Tempus AI Inc. Class A Common Stock,$52.32,0.06,0.115%,9353439461.00,United States,2024,4623228,Technology,Computer Software: Programming Data Processing
TEN,Tsakos Energy Navigation Ltd Common Shares,$37.09,2.34,6.734%,1117432795.00,Greece,,1497293,Consumer Discretionary,Marine Transportation
TEN^E,Tsakos Energy Navigation Ltd Series E Fixed-to-Floating Rate Cumulative Redeemable Perpetual Preferred Shares par value $1.00,$26.68,-0.12,-0.448%,,Greece,,9155,,
TEN^F,Tsakos Energy Navigation Ltd Series F Fixed-to-Floating Rate Cumulative Redeemable Perpetual Preferred Shares par value $1.00,$27.50,-0.02,-0.073%,,Greece,,30144,,
TENB,Tenable Holdings Inc. Common Stock,$21.02,-0.02,-0.095%,2414937730.00,United States,2018,2509270,Technology,Computer Software: Prepackaged Software
TENX,Tenax Therapeutics Inc. Common Stock,$11.02,0.33,3.087%,68804197.00,United States,,531592,Health Care,Biotechnology: Pharmaceutical Preparations
TEO,Telecom Argentina SA,$11.12,0.13,1.183%,4789802134.00,Argentina,,203901,Telecommunications,Telecommunications Equipment
TER,Teradyne Inc. Common Stock,$296.44,23.39,8.566%,46409445818.00,United States,,6530559,Industrials,Electrical Products
TERN,Terns Pharmaceuticals Inc. Common Stock,$44.29,1.47,3.433%,4595595506.00,United States,2021,1545339,Health Care,Biotechnology: Pharmaceutical Preparations
TEVA,Teva Pharmaceutical Industries Limited American Depositary Shares,$31.50,0.45,1.449%,36219106287.00,Israel,,11112975,Health Care,Biotechnology: Pharmaceutical Preparations
TEX,Terex Corporation Common Stock,$61.53,-0.52,-0.838%,6995961000.00,United States,,1689046,Industrials,Construction/Ag Equipment/Trucks
TFC,Truist Financial Corporation Common Stock,$46.75,0.26,0.559%,58398619054.00,United States,,9819013,Finance,Major Banks
TFC^I,Truist Financial Corporation Depositary Shares,$19.27,0.02,0.104%,,United States,,16001,,
TFC^O,Truist Financial Corporation Depositary Shares Each Representing a 1/1000th Interest in a Share of Series O Non-Cumulative Perpetual Preferred Stock,$21.65,-0.14,-0.642%,,United States,,43348,,
TFC^R,Truist Financial Corporation Depositary Shares each representing 1/1000th interest in a share of Series R Non-Cumulative Perpetual Preferred Stock,$19.13,-0.04,-0.209%,,United States,,74029,,
TFII,TFI International Inc. Common Shares,$110.88,0.29,0.262%,9108906428.00,Canada,,452787,Industrials,Trucking Freight/Courier Services
TFIN,Triumph Financial Inc. Common Stock,$58.38,-0.65,-1.101%,1389091677.00,United States,,241925,Finance,Major Banks
TFIN^,Triumph Financial Inc. Depositary Shares Each Representing a 1/40th Interest in a Share of 7.125% Series C Fixed-Rate Non-Cumulative Perpetual Preferred Stock,$22.20,0.10,0.452%,,United States,,1194,,
TFPM,Triple Flag Precious Metals Corp. Common Shares,$38.97,0.25,0.646%,8050056906.00,Canada,2022,1035199,Industrials,Precious Metals
TFSA,Terra Income Fund 6 LLC 7.00% Notes due 2026,$24.73,-0.17,-0.683%,208693725.00,,2021,1710,,
TFSL,TFS Financial Corporation Common Stock,$13.87,-0.03,-0.216%,3891516982.00,United States,2007,1051332,Finance,Savings Institutions
TFX,Teleflex Incorporated Common Stock,$113.61,0.30,0.265%,5021625849.00,United States,,919253,Health Care,Medical/Dental Instruments
TG,Tredegar Corporation Common Stock,$8.22,-0.58,-6.591%,286965896.00,United States,,221219,Industrials,Metal Fabrications
TGB,Taseko Mines Ltd. Common Stock,$7.19,-0.01,-0.139%,2621165909.00,Canada,,8505783,Basic Materials,Precious Metals
TGE,The Generation Essentials Group Class A Ordinary Shares,$1.45,0.10,7.407%,70268552.00,,2025,23268,Consumer Discretionary,Newspapers/Magazines
TGEN,Tecogen Inc. Common Stock,$2.92,-0.06,-2.013%,87151719.00,United States,2025,206800,Industrials,Industrial Machinery/Components
TGHL,The GrowHub Limited Class A Ordinary Shares,$0.3651,-0.0343,-8.588%,9236961.00,Singapore,2025,9534,Technology,EDP Services
TGL,Treasure Global Inc. Common Stock,$4.17,-0.02,-0.477%,6987773.00,United States,2022,33094,Real Estate,Real Estate
TGLS,Tecnoglass Inc. Ordinary Shares,$42.45,0.85,2.043%,1899116469.00,Colombia,2022,1103815,Consumer Discretionary,Electronic Components
TGNA,TEGNA Inc,$20.91,0.25,1.21%,3385490216.00,United States,,4115517,Industrials,Broadcasting
TGS,Transportadora de Gas del Sur SA TGS Common Stock,$29.21,0.17,0.585%,4397630113.00,Argentina,,251889,Utilities,Natural Gas Distribution
TGT,Target Corporation Common Stock,$120.14,-0.65,-0.538%,54400163059.00,United States,,6004978,Consumer Discretionary,Department/Specialty Retail Stores
TGTX,TG Therapeutics Inc. Common Stock,$29.19,-0.08,-0.273%,4661300193.00,United States,,1654630,Health Care,Biotechnology: Pharmaceutical Preparations
TH,Target Hospitality Corp. Common Stock,$7.90,0.07,0.894%,788258303.00,United States,2018,316971,Consumer Discretionary,Hotels/Resorts
THC,Tenet Healthcare Corporation Common Stock,$240.59,3.64,1.536%,20922428170.00,United States,,1095439,Health Care,Hospital/Nursing Management
THCH,TH International Limited Ordinary shares,$2.02,-0.1201,-5.612%,67152036.00,China,,1284,Consumer Discretionary,Restaurants
THFF,First Financial Corporation Common Stock,$61.90,0.12,0.194%,736108362.00,United States,,83690,Finance,Major Banks
THG,Hanover Insurance Group Inc,$174.43,-3.26,-1.835%,6131095190.00,United States,,263753,Finance,Property-Casualty Insurers
THH,TryHard Holdings Limited Ordinary Shares,$0.4601,0.0189,4.284%,24682640.00,Japan,2025,234469,Consumer Discretionary,Services-Misc. Amusement & Recreation
THM,International Tower Hill Mines Ltd. Ordinary Shares (Canada),$2.88,-0.17,-5.574%,683036562.00,Canada,,1692985,Basic Materials,Metal Mining
THO,Thor Industries Inc. Common Stock,$85.89,-0.41,-0.475%,4517464685.00,United States,,866113,Industrials,Homebuilding
THQ,abrdn Healthcare Opportunities Fund Shares of Beneficial Interest,$18.25,-0.09,-0.491%,0.00,United States,2014,126172,Finance,Finance Companies
THR,Thermon Group Holdings Inc. Common Stock,$44.50,-0.77,-1.701%,1461752554.00,United States,2011,936889,Energy,Industrial Machinery/Components
THRM,Gentherm Inc Common Stock,$29.06,-0.39,-1.324%,887099073.00,United States,,259205,Consumer Discretionary,Auto Parts:O.E.M.
THRY,Thryv Holdings Inc. Common Stock,$3.15,-0.03,-0.943%,139119822.00,United States,,1237414,Consumer Discretionary,Advertising
THW,abrdn World Healthcare Fund Shares of Beneficial Interest,$12.10,0.04,0.332%,0.00,United States,2015,130750,Finance,Finance Companies
TIC,TIC Solutions Inc. Common Stock,$8.80,0.00,0.00%,1946645237.00,United States,2025,2429264,Real Estate,Real Estate
TIGO,Millicom International Cellular S.A. Common Stock,$70.17,0.89,1.285%,12075997722.00,Luxembourg,,1296118,Telecommunications,Telecommunications Equipment
TIGR,UP Fintech Holding Ltd American Depositary Share representing fifteen Class A Ordinary Shares,$7.31,0.11,1.528%,1300187894.00,China,2019,1946626,Finance,Investment Bankers/Brokers/Service
TII,Titan Mining Corporation Common Shares,$3.54,-0.08,-2.21%,323873789.00,,2025,369542,,
TIL,Instil Bio Inc. Common Stock,$8.90,0.03,0.338%,60359586.00,United States,2021,30209,Health Care,Biotechnology: Biological Products (No Diagnostic Substances)
TILE,Interface Inc. Common Stock,$27.59,-0.55,-1.955%,1599212634.00,United States,,422392,Consumer Discretionary,Home Furnishings
TIMB,TIM S.A. American Depositary Shares (Each representing 5 Common Shares) ,$26.00,0.55,2.161%,12588182880.00,Brazil,2020,509040,Telecommunications,Telecommunications Equipment
TIPT,Tiptree Inc. Common Stock,$16.17,-0.84,-4.938%,606377700.00,United States,,345438,Finance,Property-Casualty Insurers
TISI,Team Inc. Common Stock,$14.40,-0.36,-2.439%,65192256.00,United States,,7554,Consumer Discretionary,Other Consumer Services
TITN,Titan Machinery Inc. Common Stock,$17.84,-0.21,-1.163%,416923904.00,United States,2007,174841,Consumer Discretionary,Other Specialty Stores
TIVC,Tivic Health Systems Inc. Common Stock,$0.8457,-0.0046,-0.541%,2136050.00,United States,2021,2033497,Health Care,Biotechnology: Electromedical & Electrotherapeutic Apparatus
TJGC,TJGC Group Limited Ordinary Shares,$0.809,0.009,1.125%,12377700.00,Hong Kong,2025,30046,Consumer Discretionary,Advertising
TJX,TJX Companies Inc. (The) Common Stock,$158.14,-1.19,-0.747%,175609266403.00,United States,,4620552,Consumer Discretionary,Clothing/Shoe/Accessory Stores
TK,Teekay Corporation Ltd. Common Stock,$12.55,0.34,2.785%,1048421202.00,Bermuda,,559062,Consumer Discretionary,Marine Transportation
TKC,Turkcell Iletisim Hizmetleri AS Common Stock,$6.14,0.06,0.987%,5403200000.00,Turkey,,1447656,Telecommunications,Telecommunications Equipment
TKLF,Tokyo Lifestyle Co. Ltd. American Depositary Shares,$2.87,0.0294,1.035%,12148081.00,Japan,2022,2032,Consumer Discretionary,Other Specialty Stores
TKNO,Alpha Teknova Inc. Common Stock,$2.12,0.01,0.474%,113605843.00,United States,2021,140792,Health Care,Biotechnology: In Vitro & In Vivo Diagnostic Substances
TKO,TKO Group Holdings Inc. Class A Common Stock,$204.07,1.39,0.686%,39615079159.00,United States,2023,1229481,Consumer Discretionary,Services-Misc. Amusement & Recreation
TKR,Timken Company (The) Common Stock,$100.58,0.90,0.903%,6994765593.00,United States,,1130336,Industrials,Metal Fabrications
TLF,Tandy Leather Factory Inc. Common Stock,$2.43,0.01,0.413%,19617086.00,United States,,39562,Consumer Discretionary,Apparel
TLIH,Ten-League International Holdings Limited Ordinary Shares,$0.3163,-0.0161,-4.844%,9300593.00,Singapore,2025,66687,,
TLK,PT Telekomunikasi Indonesia Tbk,$19.15,-0.08,-0.416%,18970414479.00,Indonesia,,868043,Telecommunications,Telecommunications Equipment
TLN,Talen Energy Corporation Common Stock,$335.11,14.55,4.539%,15312853796.00,United States,,1033599,Utilities,Electric Utilities: Central
TLNC,Talon Capital Corp. Class A Ordinary Shares,$10.11,0.00,0.00%,0.00,United States,2025,646,,
TLNCU,Talon Capital Corp. Units,$10.27,0.00,0.00%,0.00,United States,2025,6,Finance,Blank Checks
TLNCW,Talon Capital Corp. Warrants,$0.45,0.00,0.00%,0.00,United States,2025,7,,
TLPH,Talphera Inc. Common Stock,$0.8913,0.0238,2.744%,41543153.00,United States,2011,126529,Health Care,Biotechnology: Pharmaceutical Preparations
TLRY,Tilray Brands Inc. Common Stock ,$7.35,0.14,1.942%,856441110.00,United States,2018,3285286,Health Care, Medicinal Chemicals and Botanical Products 
TLS,Telos Corporation Common Stock,$4.36,0.06,1.395%,321568874.00,United States,2020,563404,Technology,EDP Services
TLSA,Tiziana Life Sciences Ltd. Common Shares,$1.38,-0.01,-0.719%,175617601.00,United Kingdom,2018,80146,Health Care,Biotechnology: Pharmaceutical Preparations
TLSI,TriSalus Life Sciences Inc. Common Stock,$4.615,0.15,3.359%,282929207.00,United States,2021,272163,Health Care,Medical Specialities
TLSIW,TriSalus Life Sciences Inc. Warrant,$1.30,-0.26,-16.667%,79698368.00,United States,2021,632,Health Care,Medical Specialities
TLX,Telix Pharmaceuticals Limited American Depositary Shares,$7.49,-0.03,-0.399%,2537440097.00,Australia,,149815,Health Care,Biotechnology: Pharmaceutical Preparations
TLYS,Tilly's Inc. Common Stock,$1.57,0.08,5.369%,47843662.00,United States,2012,70695,Consumer Discretionary,Clothing/Shoe/Accessory Stores
TM,Toyota Motor Corporation Common Stock,$219.53,0.39,0.178%,286463155241.00,Japan,,310709,Industrials,Auto Manufacturing
TMC,TMC the metals company Inc. Common Stock,$6.27,0.54,9.424%,2592595122.00,Canada,,6394531,Basic Materials,Metal Mining
TMCI,Treace Medical Concepts Inc. Common Stock,$1.65,0.22,15.385%,106574330.00,United States,2021,3886171,Health Care,Medical/Dental Instruments
TMCWW,TMC the metals company Inc. Warrants,$0.84,0.13,18.31%,347333318.00,Canada,,238435,Basic Materials,Metal Mining
TMDE,TMD Energy Limited Ordinary Shares,$2.15,-0.77,-26.37%,50664750.00,,2025,4289523,Energy,Oil Refining/Marketing
TMDX,TransMedics Group Inc. Common Stock,$134.77,5.16,3.981%,4622941321.00,United States,2019,1159409,Health Care,Biotechnology: Electromedical & Electrotherapeutic Apparatus
TME,Tencent Music Entertainment Group American Depositary Shares each representing two Class A Ordinary Shares,$13.73,0.11,0.808%,21266458840.00,United States,2018,4634306,Consumer Discretionary,Broadcasting
TMHC,Taylor Morrison Home Corporation Common Stock,$61.00,-0.25,-0.408%,5876353748.00,United States,2013,1276602,Consumer Discretionary,Homebuilding
TMO,Thermo Fisher Scientific Inc Common Stock,$509.97,8.00,1.594%,189445819913.00,United States,,2210510,Industrials,Industrial Machinery/Components
TMP,Tompkins Financial Corporation Common Stock,$74.65,-0.45,-0.599%,1076305566.00,United States,1997,76659,Finance,Major Banks
TMQ,Trilogy Metals Inc. Common Stock,$4.01,0.01,0.25%,691908012.00,Canada,,2469664,Basic Materials,Precious Metals
TMTSU,Spartacus Acquisition Corp. II Unit,$10.04,0.025,0.25%,0.00,United States,2026,256181,Finance,Blank Checks
TMUS,T-Mobile US Inc. Common Stock,$217.50,-4.07,-1.837%,239655145733.00,United States,,5228540,Telecommunications,Telecommunications Equipment
TMUSI,T-Mobile US Inc. 5.500% Senior Notes due June 2070,$22.49,-0.20,-0.881%,0.00,United States,,25054,Telecommunications,Telecommunications Equipment
TMUSL,T-Mobile US Inc. 6.250% Senior Notes due 2069,$24.82,-0.02,-0.081%,0.00,United States,,40712,Telecommunications,Telecommunications Equipment
TMUSZ,T-Mobile US Inc. 5.500% Senior Notes due March 2070,$22.46,-0.40,-1.75%,0.00,United States,,15175,Telecommunications,Telecommunications Equipment
TNC,Tennant Company Common Stock,$61.84,0.39,0.635%,1103638753.00,United States,,354524,Industrials,Industrial Machinery/Components
TNDM,Tandem Diabetes Care Inc. Common Stock,$20.88,-0.26,-1.23%,1426645356.00,United States,2013,2097760,Health Care,Medical/Dental Instruments
TNET,TriNet Group Inc. Common Stock,$37.20,-1.81,-4.64%,1759529719.00,United States,2014,429524,Real Estate,Real Estate
TNGX,Tango Therapeutics Inc.,$16.45,-0.50,-2.95%,2347231599.00,United States,2020,3535397,Health Care,Biotechnology: Pharmaceutical Preparations
TNK,Teekay Tankers Ltd.,$74.38,2.57,3.579%,2557346697.00,Bermuda,2007,557845,Consumer Discretionary,Marine Transportation
TNL,Travel   Leisure Co. Common  Stock,$71.47,-1.68,-2.297%,4459566049.00,United States,,1131640,Consumer Discretionary,Hotels/Resorts
TNMG,TNL Mediagene Ordinary Shares,$2.57,-0.05,-1.908%,6569961.00,Taiwan,,8422,Consumer Discretionary,Advertising
TNON,Tenon Medical Inc. Common Stock,$0.7875,0.0234,3.062%,8746325.00,United States,2022,102741,Health Care,Medical/Dental Instruments
TNXP,Tonix Pharmaceuticals Holding Corp. Common Stock,$13.94,0.49,3.643%,169692233.00,United States,,312497,Health Care,Biotechnology: Pharmaceutical Preparations
TNYA,Tenaya Therapeutics Inc. Common Stock,$0.9576,0.0696,7.838%,204681767.00,United States,2021,13763844,Health Care,Biotechnology: Biological Products (No Diagnostic Substances)
TOI,The Oncology Institute Inc. Common Stock,$2.73,-0.05,-1.799%,268581058.00,United States,2020,1665742,Health Care,Medical/Nursing Services
TOL,Toll Brothers Inc. Common Stock,$147.13,-0.55,-0.372%,13934240910.00,United States,,1335063,Consumer Discretionary,Homebuilding
TOMZ,TOMI Environmental Solutions Inc. Common Stock,$0.678,0.0249,3.813%,16453855.00,United States,,44643,Industrials,Major Chemicals
TONX,TON Strategy Company Common Stock,$2.75,0.02,0.733%,162498933.00,United States,,365792,Consumer Discretionary,Other Consumer Services
TOON,Kartoon Studios Inc. Common Stock,$0.5598,-0.0091,-1.60%,30176409.00,United States,,111695,Consumer Discretionary,Movies/Entertainment
TOP,TOP Financial Group Limited Class A Ordinary Shares,$1.00,0.00,0.00%,37068205.00,Hong Kong,2022,18809,Finance,Investment Bankers/Brokers/Service
TOPP,Toppoint Holdings Inc. Common Stock,$0.8299,0.0225,2.787%,16100060.00,,2025,6494,Industrials,Trucking Freight/Courier Services
TOPS,TOP Ships Inc. Common Stock,$3.96,-0.44,-10.00%,18319740.00,Greece,,110382,Consumer Discretionary,Marine Transportation
TORO,Toro Corp. Common Stock,$3.74,-0.04,-1.058%,71411010.00,Cyprus,,65092,Consumer Discretionary,Marine Transportation
TOST,Toast Inc. Class A Common Stock,$29.49,-0.80,-2.641%,17369610000.00,United States,2021,12201039,Technology,EDP Services
TOUR,Tuniu Corporation American Depositary Shares,$0.7119,-0.0481,-6.329%,82599183.00,China,2014,78798,Consumer Discretionary,Transportation Services
TOVX,Theriva Biologics Inc. Common Stock,$0.1831,0.0023,1.272%,8402948.00,United States,,1061167,Health Care,Biotechnology: Pharmaceutical Preparations
TOWN,TowneBank Common Stock,$33.22,-0.09,-0.27%,2478787703.00,United States,,540831,Finance,Major Banks
TOYO,TOYO Co. Ltd Ordinary Shares,$7.44,0.11,1.501%,281038538.00,Japan,,93756,Consumer Discretionary,Miscellaneous manufacturing industries
TPB,Turning Point Brands Inc. Common Stock,$92.88,1.22,1.331%,1777835399.00,United States,2016,586092,Consumer Discretionary,Tobacco
TPC,Tutor Perini Corporation Common Stock,$72.04,-0.78,-1.071%,3803096130.00,United States,1970,930998,Consumer Discretionary,General Bldg Contractors - Nonresidential Bldgs
TPCS,TechPrecision Corporation Common stock,$3.75,0.07,1.902%,37542495.00,United States,,71960,Industrials,Metal Fabrications
TPET,Trio Petroleum Corp. Common Stock,$1.70,-0.23,-11.917%,44992438.00,,2023,122726803,Energy,Oil & Gas Production
TPG,TPG Inc. Class A Common Stock,$42.70,-0.37,-0.859%,16122133531.00,United States,2022,4065183,Finance,Investment Managers
TPGXL,TPG Operating Group II L.P. 6.950% Fixed-Rate Junior Subordinated Notes due 2064,$24.63,0.05,0.203%,8985658838.00,United States,,30664,,
TPH,Tri Pointe Homes Inc. Common Stock,$46.30,-0.02,-0.043%,3911411731.00,United States,2013,3443494,Consumer Discretionary,Homebuilding
TPL,Texas Pacific Land Corporation Common Stock,$539.79,14.76,2.811%,37213961434.00,United States,,560116,Energy,Oil & Gas Production
TPR,Tapestry Inc. Common Stock,$145.50,1.35,0.937%,29458544447.00,United States,,2253222,Consumer Discretionary,Apparel
TPST,Tempest Therapeutics Inc. Common Stock,$2.39,0.08,3.463%,11775915.00,United States,,73753,Health Care,Biotechnology: Pharmaceutical Preparations
TPTA,Terra Property Trust Inc. 6.00% Notes due 2026,$22.39,-0.1499,-0.665%,544962233.00,,2021,2622,Real Estate,Real Estate Investment Trusts
TPVG,TriplePoint Venture Growth BDC Corp. Common Stock,$5.26,-0.01,-0.19%,212983423.00,United States,2014,624674,Consumer Discretionary,Other Consumer Services
TR,Tootsie Roll Industries Inc. Common Stock,$42.34,0.38,0.906%,3182960816.00,United States,,163640,Consumer Staples,Specialty Foods
TRAK,ReposiTrak Inc. Common Stock,$8.67,0.07,0.814%,157823565.00,United States,,151398,Technology,EDP Services
TRAW,Traws Pharma Inc. Common Stock,$1.67,0.07,4.375%,13344748.00,United States,2013,32546,Health Care,Biotechnology: Pharmaceutical Preparations
TRC,Tejon Ranch Co Common Stock,$17.88,-0.04,-0.223%,480863915.00,United States,2000,128228,Finance,Real Estate
TRDA,Entrada Therapeutics Inc. Common Stock,$12.70,0.12,0.954%,486210775.00,United States,2021,204331,Health Care,Biotechnology: Pharmaceutical Preparations
TREE,LendingTree Inc. Common Stock,$42.65,-0.25,-0.583%,583055184.00,United States,,365551,Finance,Finance: Consumer Services
TREX,Trex Company Inc. Common Stock,$37.33,-0.21,-0.559%,3947175835.00,United States,,2479016,Basic Materials,Forest Products
TRGP,Targa Resources Inc. Common Stock,$234.74,-2.46,-1.037%,50457785063.00,United States,2010,2154931,Utilities,Natural Gas Distribution
TRGSU,TRG Latin America Acquisitions Corp. Units,$9.96,0.00,0.00%,0.00,United States,2026,30641,,
TRI,Thomson Reuters Corporation Common Shares,$111.52,0.06,0.054%,49600264507.00,United States,,3083867,Consumer Discretionary,Publishing
TRIB,Trinity Biotech plc American Depositary Shares,$0.7009,-0.0279,-3.828%,13244115.00,Ireland,1992,85990,Health Care,Biotechnology: In Vitro & In Vivo Diagnostic Substances
TRIN,Trinity Capital Inc. Common Stock,$14.86,-0.05,-0.335%,1235979207.00,United States,2021,1526547,Finance,Finance: Consumer Services
TRINI,Trinity Capital Inc. 7.875% Notes Due 2029,$25.50,0.07,0.275%,1793011080.00,United States,,13390,Finance,Finance: Consumer Services
TRINZ,Trinity Capital Inc. 7.875% Notes due 2029,$25.45,0.0542,0.213%,1789495372.00,United States,,9416,Finance,Finance: Consumer Services
TRIP,TripAdvisor Inc. Common Stock,$10.61,0.19,1.823%,1217552895.00,United States,,3365949,Technology,Computer Software: Programming Data Processing
TRMB,Trimble Inc. Common Stock,$70.45,0.37,0.528%,16480326794.00,United States,1990,1800940,Industrials,Industrial Machinery/Components
TRMD,TORM plc Class A Common Stock,$28.67,0.43,1.523%,2905208710.00,United Kingdom,,1253094,Consumer Discretionary,Marine Transportation
TRMK,Trustmark Corporation Common Stock,$41.78,-0.24,-0.571%,2458744143.00,United States,,613936,Finance,Major Banks
TRN,Trinity Industries Inc. Common Stock,$31.81,-0.08,-0.251%,2539701493.00,United States,,646173,Industrials,Railroads
TRNO,Terreno Realty Corporation Common Stock,$62.69,0.13,0.208%,5516454257.00,United States,2010,522218,Finance,Real Estate
TRNR,Interactive Strength Inc. Common Stock,$1.45,-0.13,-8.228%,761697.00,United States,2023,140466,Technology,Consumer Electronics/Appliances
TRNS,Transcat Inc. Common Stock,$71.88,1.21,1.712%,670797673.00,United States,,139402,Industrials,Electrical Products
TRON,Tron Inc. Common Stock,$1.50,0.04,2.74%,411573096.00,United States,2023,848510,Consumer Discretionary,Recreational Games/Products/Toys
TROO,TROOPS Inc. Ordinary Shares ,$2.75,0.07,2.612%,309402957.00,China,,94812,Finance,Diversified Financial Services
TROW,T. Rowe Price Group Inc. Common Stock,$90.55,0.15,0.166%,19746501186.00,United States,1986,2450435,Finance,Investment Bankers/Brokers/Service
TROX,Tronox Holdings plc Ordinary Shares (UK),$6.86,0.32,4.893%,1087706906.00,United States,,3144923,Industrials,Major Chemicals
TRP,TC Energy Corporation Common Stock,$63.35,-0.37,-0.581%,63350000000.00,Canada,,3162266,Utilities,Natural Gas Distribution
TRS,TriMas Corporation Common Stock,$36.75,-0.69,-1.843%,1383733087.00,United States,2007,717777,Industrials,Industrial Specialties
TRSG,Tungray Technologies Inc Class A Ordinary Shares,$1.1299,0.00,0.00%,18477803.00,Singapore,2024,7,Industrials,Industrial Machinery/Components
TRST,TrustCo Bank Corp NY Common Stock,$43.81,-0.02,-0.046%,807156272.00,United States,,171873,Finance,Major Banks
TRT,Trio-Tech International Common Stock,$5.75,0.28,5.119%,50310292.00,United States,1998,57997,Technology,Industrial Machinery/Components
TRTN^A,Triton International Limited 8.50% Series A Cumulative Redeemable Perpetual  Preference Shares,$25.76,-0.17,-0.656%,,United States,,16724,,
TRTN^B,Triton International Limited 8.00% Series B Cumulative Redeemable Perpetual Preference Shares,$25.10,-0.43,-1.684%,,United States,,18087,,
TRTN^C,Triton International Limited 7.375% Series C Cumulative Redeemable Perpetual Preference Shares,$24.46,-0.51,-2.042%,,United States,,8402,,
TRTN^D,Triton International Limited 6.875% Series D Cumulative Redeemable Perpetual Preference Shares,$23.48,-0.41,-1.716%,,United States,,12349,,
TRTN^E,Triton International Limited 5.75% Series E Cumulative Redeemable Perpetual Preference Shares,$19.98,-0.495,-2.418%,,United States,,12728,,
TRTN^F,Triton International Limited 7.625% Series F Cumulative Redeemable Perpetual Preference Shares,$24.43,-0.27,-1.093%,,United States,,29022,,
TRTN^G,Triton International Limited 7.500% Series G Cumulative Redeemable Perpetual Preference Shares,$24.03,-0.48,-1.958%,,United States,,13409,,
TRTX,TPG RE Finance Trust Inc. Common Stock,$8.29,-0.08,-0.956%,649555091.00,United States,2017,865317,Real Estate,Real Estate Investment Trusts
TRTX^C,TPG RE Finance Trust Inc. 6.25% Series C Cumulative Redeemable Preferred Stock $0.001 par value per share,$19.305,0.015,0.078%,,United States,,12797,,
TRU,TransUnion Common Stock,$76.05,-1.33,-1.719%,14647230000.00,United States,2015,2508401,Finance,Finance: Consumer Services
TRUG,TruGolf Holdings Inc. Class A Common Stock,$0.7345,0.0246,3.465%,3714693.00,United States,2021,53119,Consumer Discretionary,Recreational Games/Products/Toys
TRUP,Trupanion Inc. Common Stock,$26.47,-0.97,-3.535%,1149596573.00,United States,,432894,Health Care,Medical Specialities
TRV,The Travelers Companies Inc. Common Stock,$303.19,-3.12,-1.019%,65561169507.00,United States,,1735324,Finance,Property-Casualty Insurers
TRVG,trivago N.V. American Depositary Shares,$2.92,-0.07,-2.341%,206209448.00,Germany,2016,29357,Technology,EDP Services
TRVI,Trevi Therapeutics Inc. Common Stock,$11.70,-1.60,-12.03%,1500292568.00,United States,2019,1863045,Health Care,Biotechnology: Pharmaceutical Preparations
TRX,TRX Gold Corporation Common Stock,$1.79,0.14,8.485%,516115315.00,Canada,,8055945,Basic Materials,Precious Metals
TS,Tenaris S.A. American Depositary Shares,$53.22,0.69,1.314%,28852483029.00,Luxembourg,,2374072,Industrials,Steel/Iron Ore
TSAT,Telesat Corporation Class A Common Shares and Class B Variable Voting Shares ,$32.81,1.97,6.388%,1186674541.00,Canada,,94256,Industrials,Metal Fabrications
TSBK,Timberland Bancorp Inc. Common Stock,$38.51,0.16,0.417%,303625394.00,United States,,24674,Finance,Banks
TSCO,Tractor Supply Company Common Stock,$50.67,0.51,1.017%,26670219662.00,United States,1994,8927280,Consumer Discretionary,RETAIL: Building Materials
TSEM,Tower Semiconductor Ltd. Ordinary Shares,$115.46,4.87,4.404%,12903419692.00,Israel,1994,2149429,Technology,Semiconductors
TSHA,Taysha Gene Therapies Inc. Common Stock,$4.59,0.02,0.438%,1257289922.00,United States,2020,2974932,Health Care,Biotechnology: Biological Products (No Diagnostic Substances)
TSI,TCW Strategic Income Fund Inc. Common Stock,$4.64,0.01,0.216%,0.00,United States,,264235,Finance,Investment Managers
TSLA,Tesla Inc. Common Stock,$398.68,1.95,0.492%,1496019583381.00,United States,2010,66813328,Industrials,Auto Manufacturing
TSLX,Sixth Street Specialty Lending Inc. Common Stock,$18.39,0.06,0.327%,1741627709.00,,2014,1247020,Finance,Investment Managers
TSM,Taiwan Semiconductor Manufacturing Company Ltd.,$348.70,9.81,2.895%,1808548816158.00,Taiwan,1997,19101652,Technology,Semiconductors
TSN,Tyson Foods Inc. Common Stock,$61.33,-0.10,-0.163%,21593002985.00,United States,,3506436,Consumer Staples,Meat/Poultry/Fish
TSOL,21Shares Solana ETF Shares of Beneficial Interest,$8.32,0.11,1.34%,,,2025,487,,
TSQ,Townsquare Media Inc. Class A Common Stock,$7.25,-0.01,-0.138%,119339466.00,United States,2014,110656,Consumer Discretionary,Broadcasting
TSSI,TSS Inc. Common Stock,$9.99,0.93,10.265%,288161920.00,United States,,920513,Consumer Discretionary,Professional Services
TSUI,21shares Sui ETF Common Shares of Beneficial Interest Shares,$19.4197,1.3109,7.239%,0.00,United States,,10952,,
TT,Trane Technologies plc,$427.52,4.39,1.038%,94623816026.00,Ireland,,1639579,Industrials,Auto Parts:O.E.M.
TTAM,Titan America SA Common Shares,$15.99,-0.07,-0.436%,2947955815.00,,2025,252242,Industrials,Mining & Quarrying of Nonmetallic Minerals (No Fuels)
TTAN,ServiceTitan Inc. Class A Common Stock,$80.67,-2.28,-2.749%,7554473965.00,United States,2024,1093779,Technology,Computer Software: Prepackaged Software
TTC,Toro Company (The) Common Stock,$99.77,0.30,0.302%,9670999524.00,United States,,1344060,Consumer Discretionary,Tools/Hardware
TTD,The Trade Desk Inc. Class A Common Stock,$28.56,-0.72,-2.459%,13593904462.00,United States,2016,16060170,Technology,Computer Software: Programming Data Processing
TTE,TotalEnergies SE Ordinary Shares,$80.29,1.52,1.93%,175181684243.00,France,,3167275,Energy,Oil & Gas Production
TTEC,TTEC Holdings Inc. Common Stock,$2.49,-0.23,-8.456%,120928215.00,United States,1996,570473,Consumer Discretionary,Professional Services
TTEK,Tetra Tech Inc. Common Stock,$35.14,0.27,0.774%,9164777694.00,United States,1991,1769742,Consumer Discretionary,Military/Government/Technical
TTGT,TechTarget Inc. Common Stock,$3.72,-0.12,-3.125%,268427410.00,United States,,403035,Telecommunications,Telecommunications Equipment
TTI,Tetra Technologies Inc. Common Stock,$8.33,0.17,2.083%,1117869940.00,United States,,1487671,Energy,Oil & Gas Production
TTMI,TTM Technologies Inc. Common Stock,$96.80,8.89,10.113%,10009596740.00,United States,2000,2229875,Technology,Electrical Products
TTRX,Turn Therapeutics Inc. Common Stock,$3.47,-0.03,-0.857%,102174785.00,United States,,25222,Health Care,Biotechnology: Pharmaceutical Preparations
TTWO,Take-Two Interactive Software Inc. Common Stock,$214.63,3.13,1.48%,39744208121.00,United States,1997,1876267,Consumer Discretionary,Services-Misc. Amusement & Recreation
TU,Telus Corporation Ordinary Shares,$13.67,-0.03,-0.219%,21338870000.00,Canada,,8828763,Telecommunications,Telecommunications Equipment
TULP,Bloomia Holdings Inc. Common Stock,$4.02,0.16,4.145%,7127938.00,United States,,11317,Consumer Staples,Farming/Seeds/Milling
TURB,Turbo Energy S.A. American Depositary Shares,$5.05,1.27,33.598%,55636557.00,Spain,2023,23540404,Miscellaneous,Industrial Machinery/Components
TUSK,Mammoth Energy Services Inc. Common Stock,$2.20,0.08,3.774%,106026877.00,United States,2016,334544,Energy,Oilfield Services/Equipment
TUYA,Tuya Inc. American Depositary Shares each representing one Class A Ordinary Share,$2.47,0.05,2.066%,1506013214.00,China,2021,1515758,Technology,Computer Software: Prepackaged Software
TV,Grupo Televisa S.A.B. Common Stock,$2.95,0.11,3.873%,5634500000.00,Mexico,1993,1357722,Industrials,Broadcasting
TVA,Texas Ventures Acquisition III Corp Class A Ordinary Share,$10.39,0.00,0.00%,0.00,United States,2025,69099,,
TVACU,Texas Ventures Acquisition III Corp Unit,$11.00,0.00,0.00%,0.00,United States,2025,1011,Finance,Blank Checks
TVACW,Texas Ventures Acquisition III Corp Warrants,$0.66,-0.018,-2.655%,0.00,United States,2025,17808,,
TVAI,Thayer Ventures Acquisition Corporation II Class A Ordinary Shares,$10.19,0.00,0.00%,0.00,United States,2025,420,,
TVAIR,Thayer Ventures Acquisition Corporation II Rights,$0.20,0.01,5.263%,0.00,United States,2025,300,,
TVAIU,Thayer Ventures Acquisition Corporation II Unit,$10.35,0.00,0.00%,0.00,United States,2025,31,Finance,Blank Checks
TVC,Tennessee Valley Authority Common Stock,$24.19,0.02,0.083%,0.00,United States,,8680,Utilities,Electric Utilities: Central
TVE,Tennessee Valley Authority,$24.12,0.10,0.416%,0.00,United States,,5452,Utilities,Electric Utilities: Central
TVGN,Tevogen Bio Holdings Inc. Common Stock,$7.75,0.44,6.019%,31374565.00,United States,2022,65940,Health Care,Biotechnology: Biological Products (No Diagnostic Substances)
TVGNW,Tevogen Bio Holdings Inc. Warrant,$0.0349,0.00,0.00%,141287.00,United States,2022,1037,Health Care,Biotechnology: Biological Products (No Diagnostic Substances)
TVRD,Tvardi Therapeutics Inc. Common Stock,$3.98,0.05,1.272%,37337749.00,United States,2014,25999,Health Care,Biotechnology: Pharmaceutical Preparations
TVTX,Travere Therapeutics Inc. Common Stock,$28.98,1.74,6.388%,2673160119.00,United States,,1273296,Health Care,Biotechnology: Pharmaceutical Preparations
TW,Tradeweb Markets Inc. Class A Common Stock,$126.57,1.98,1.589%,29825953817.00,United States,2019,1891949,Finance,Investment Bankers/Brokers/Service
TWAV,TaoWeave Inc. Common Stock,$1.085,0.045,4.327%,3479823.00,United States,,12992,Technology,Computer Software: Programming Data Processing
TWFG,TWFG Inc. Class A Common Stock,$20.00,-0.805,-3.869%,1124002840.00,United States,2024,424339,Finance,Specialty Insurers
TWG,Top Wealth Group Holding Limited Class A Ordinary Shares,$3.73,-0.05,-1.323%,96656299.00,Hong Kong,2024,30650,Consumer Staples,Packaged Foods
TWI,Titan International Inc. (DE) Common Stock,$8.44,-0.22,-2.54%,540363024.00,United States,,1523088,Industrials,Steel/Iron Ore
TWIN,Twin Disc Incorporated Common Stock,$16.615,-0.575,-3.345%,239615848.00,United States,,31842,Industrials,Industrial Machinery/Components
TWLO,Twilio Inc. Class A Common Stock,$126.66,-1.37,-1.07%,19190763113.00,United States,2016,1992234,Technology,Computer Software: Prepackaged Software
TWLV,Twelve Seas Investment Company III Class A Ordinary Shares,$9.92,0.02,0.202%,0.00,United States,2026,1702,Finance,Blank Checks
TWLVR,Twelve Seas Investment Company III Rights,$0.1853,0.00,0.00%,0.00,United States,2026,10,Finance,Blank Checks
TWN,Taiwan Fund Inc. (The) Common Stock,$60.70,0.11,0.182%,0.00,United States,1986,51677,Finance,Trusts Except Educational Religious and Charitable
TWO,Two Harbors Investment Corp,$9.33,0.07,0.756%,980052944.00,United States,,3388422,Real Estate,Real Estate Investment Trusts
TWO^A,Two Harbors Investments Corp 8.125% Series A Fixed-to-Floating Rate Cumulative Redeemable Preferred Stock ($25.00 liquidation preference per share),$24.57,-0.0529,-0.215%,,United States,,8574,,
TWO^B,Two Harbors Investments Corp 7.625% Series B Fixed-to-Floating Rate Cumulative Redeemable Preferred Stock,$24.30,-0.26,-1.059%,,United States,,31533,,
TWO^C,Two Harbors Investments Corp 7.25% Series C Fixed-to-Floating Rate Cumulative Redeemable Preferred Stock,$24.88,-0.06,-0.241%,,United States,,46289,,
TWOD,Two Harbors Investments Corp 9.375% Senior Notes due 2030,$25.58,0.04,0.157%,0.00,United States,2025,11235,Real Estate,Real Estate Investment Trusts
TWST,Twist Bioscience Corporation Common Stock,$48.33,1.39,2.961%,2963194654.00,United States,2018,1240845,Health Care,Biotechnology: Biological Products (No Diagnostic Substances)
TX,Ternium S.A. Ternium S.A. American Depositary Shares (each representing ten shares USD1.00 par value),$39.55,0.43,1.099%,7928760305.00,Luxembourg,,175747,Industrials,Steel/Iron Ore
TXG,10x Genomics Inc. Class A Common Stock,$20.91,0.10,0.481%,2671299631.00,United States,2019,1657191,Industrials,Biotechnology: Laboratory Analytical Instruments
TXMD,TherapeuticsMD Inc. Common Stock,$2.30,0.05,2.222%,26621033.00,United States,,13093,Health Care,Biotechnology: Pharmaceutical Preparations
TXN,Texas Instruments Incorporated Common Stock,$196.20,2.97,1.537%,178632914567.00,United States,,7597503,Technology,Semiconductors
TXNM,TXNM Energy Inc. Common Stock,$58.82,-0.06,-0.102%,6406754160.00,United States,,1103200,Utilities,Electric Utilities: Central
TXO,TXO Partners L.P. Common Units Representing Limited Partner Interests,$12.67,0.05,0.396%,699922564.00,United States,2023,301568,Energy,Oil & Gas Production
TXRH,Texas Roadhouse Inc. Common Stock,$172.50,0.96,0.56%,11372087513.00,United States,2004,1242938,Consumer Discretionary,Restaurants
TXT,Textron Inc. Common Stock,$94.14,-0.82,-0.864%,16395651819.00,United States,,1369361,Industrials,Aerospace
TY,Tri Continental Corporation Common Stock,$32.24,-0.23,-0.708%,1752274144.00,United States,,71013,Finance,Finance Companies
TY^,Tri Continental Corporation Preferred Stock,$44.10,-0.0001,0.00%,,United States,,103,,
TYG,Tortoise Energy Infrastructure Corporation Common Stock,$47.49,-1.29,-2.645%,566456113.00,United States,2004,136001,Finance,Investment Managers
TYGO,Tigo Energy Inc. Common Stock,$3.72,0.35,10.386%,261710363.00,United States,2021,559232,Technology,Semiconductors
TYL,Tyler Technologies Inc. Common Stock,$367.35,-7.24,-1.933%,15790664649.00,United States,,548547,Technology,Computer Software: Prepackaged Software
TYRA,Tyra Biosciences Inc. Common Stock,$33.75,-1.29,-3.682%,1818015131.00,United States,2021,1280148,Health Care,Biotechnology: Pharmaceutical Preparations
TZOO,Travelzoo Common Stock,$6.64,-0.08,-1.19%,72590718.00,United States,,190834,Consumer Discretionary,Advertising
U,Unity Software Inc. Common Stock,$21.25,1.40,7.053%,9200986734.00,United States,2020,17969187,Technology,Computer Software: Prepackaged Software
UA,Under Armour Inc. Class C Common Stock,$6.26,-0.15,-2.34%,2666071406.00,United States,2016,5401585,Consumer Discretionary,Apparel
UAA,Under Armour Inc. Class A Common Stock,$6.48,-0.11,-1.669%,2759767206.00,United States,,15331030,Consumer Discretionary,Apparel
UAC,United Acquisition Corp. I Class A Ordinary Shares,$9.79,-0.02,-0.204%,0.00,,2026,457,Finance,Blank Checks
UAL,United Airlines Holdings Inc. Common Stock,$94.52,2.45,2.661%,30570643204.00,United States,,18347112,Consumer Discretionary,Air Freight/Delivery Services
UAMY,United States Antimony Corporation Common Stock,$9.60,0.03,0.313%,1344341798.00,United States,,11551249,Industrials,Metal Fabrications
UAN,CVR Partners LP Common Units representing Limited Partner Interests,$116.65,-10.10,-7.968%,1232948156.00,United States,2011,253413,Industrials,Agricultural Chemicals
UAVS,AgEagle Aerial Systems Inc. Common Stock,$1.05,-0.04,-3.67%,42076217.00,United States,,4558176,Industrials,Aerospace
UBCP,United Bancorp Inc. Common Stock,$15.71,0.47,3.084%,90709713.00,United States,,19830,Finance,Major Banks
UBER,Uber Technologies Inc. Common Stock,$73.84,-1.29,-1.717%,151971284185.00,United States,2019,21197458,Real Estate,Real Estate
UBFO,United Security Bancshares Common Stock,$10.34,-0.03,-0.289%,181734320.00,United States,,17324,Finance,Major Banks
UBS,UBS Group AG Registered Ordinary Shares,$38.63,0.19,0.494%,122643499446.00,Switzerland,2014,3693948,Finance,Major Banks
UBSI,United Bankshares Inc. Common Stock,$39.93,-0.21,-0.523%,5567020036.00,United States,,865189,Finance,Major Banks
UBXG,U-BX Technology Ltd. Class A Ordinary Shares,$1.83,0.09,5.172%,55419980.00,China,2024,1989,Technology,Computer Software: Programming Data Processing
UCAR,U Power Limited Class A Ordinary Shares,$1.33,-0.07,-5.00%,6612075.00,China,2023,71146,Consumer Discretionary,Auto Parts:O.E.M.
UCB,United Community Banks Inc. Common Stock,$30.59,-0.34,-1.099%,3658967054.00,United States,2024,1189340,Finance,Major Banks
UCL,uCloudlink Group Inc. American Depositary Shares,$1.6402,-0.0124,-0.75%,61725063.00,Hong Kong,2020,6983,Consumer Discretionary,Telecommunications Equipment
UCTT,Ultra Clean Holdings Inc. Common Stock,$52.90,2.34,4.628%,2406423010.00,United States,2004,1253360,Technology,Semiconductors
UDMY,Udemy Inc. Common Stock,$4.86,-0.01,-0.205%,706748539.00,United States,2021,1291247,Real Estate,Other Consumer Services
UDR,UDR Inc. Common Stock,$37.21,-0.04,-0.107%,12226162818.00,United States,,3590462,Real Estate,Real Estate Investment Trusts
UE,Urban Edge Properties Common Shares of Beneficial Interest,$20.32,-0.16,-0.781%,2559427688.00,United States,2015,813215,Finance,Real Estate
UEC,Uranium Energy Corp. Common Stock,$13.56,0.63,4.872%,6554597571.00,Canada,,15435048,Basic Materials,Other Metals and Minerals
UEIC,Universal Electronics Inc. Common Stock,$3.69,-0.14,-3.655%,49320931.00,United States,1993,130097,Consumer Staples,Consumer Electronics/Appliances
UFCS,United Fire Group Inc. Common Stock,$36.90,-0.89,-2.355%,941763682.00,United States,,105933,Finance,Property-Casualty Insurers
UFG,Uni-Fuels Holdings Limited Class A Ordinary Shares,$1.06,-0.12,-10.169%,34412900.00,Singapore,2025,364957,Energy,Oil Refining/Marketing
UFI,Unifi Inc. New Common Stock,$3.89,-0.08,-2.015%,72280288.00,United States,,28290,Consumer Discretionary,Textiles
UFPI,UFP Industries Inc. Common Stock,$93.36,-0.58,-0.617%,5283702478.00,United States,1993,271533,Basic Materials,Forest Products
UFPT,UFP Technologies Inc. Common Stock,$215.00,6.08,2.91%,1658359500.00,United States,1993,173120,Health Care,Medical/Dental Instruments
UG,United-Guardian Inc. Common Stock,$6.405,0.095,1.506%,29426613.00,United States,,4764,Consumer Discretionary,Package Goods/Cosmetics
UGI,UGI Corporation Common Stock,$36.73,-0.02,-0.054%,7883592658.00,United States,,2051747,Utilities,Natural Gas Distribution
UGP,Ultrapar Participacoes S.A. (New) American Depositary Shares (Each representing one Common Share),$5.16,0.17,3.407%,5583494580.00,Brazil,,5964311,Utilities,Oil/Gas Transmission
UGRO,urban-gro Inc. Common Stock,$2.54,0.11,4.527%,1909120.00,United States,,88650,Consumer Discretionary,Industrial Specialties
UHAL,U-Haul Holding Company Common Stock,$48.49,-1.35,-2.709%,9507816401.00,United States,2022,250075,Consumer Discretionary,Rental/Leasing Companies
UHG,United Homes Group Inc Class A Common Stock,$1.17,0.01,0.862%,68811956.00,United States,2021,213945,Consumer Discretionary,Homebuilding
UHGWW,United Homes Group Inc. Warrant,$0.1785,-0.0037,-2.031%,10498234.00,United States,2021,559311,Consumer Discretionary,Homebuilding
UHS,Universal Health Services Inc. Common Stock,$190.53,-2.12,-1.10%,11638837519.00,United States,,1157724,Health Care,Hospital/Nursing Management
UHT,Universal Health Realty Income Trust Common Stock,$43.22,0.01,0.023%,599662070.00,United States,,77664,Real Estate,Real Estate Investment Trusts
UI,Ubiquiti Inc. Common Stock,$752.49,3.09,0.412%,45541292277.00,United States,,79693,Technology,Radio And Television Broadcasting And Communications Equipment
UIS,Unisys Corporation New Common Stock,$2.35,-0.02,-0.844%,169966958.00,United States,,692277,Technology,EDP Services
UK,Ucommune International Ltd Ordinary Shares,$0.5366,0.0328,6.511%,1137524.00,United States,2019,15279,Real Estate,Real Estate
UL,Unilever PLC American Depositary Shares (each representing One Ordinary Share),$66.36,-0.46,-0.688%,148157353344.00,United Kingdom,2025,4779170,Consumer Discretionary,Package Goods/Cosmetics
ULBI,Ultralife Corporation Common Stock,$5.325,0.075,1.429%,88655643.00,United States,1992,56807,Miscellaneous,Industrial Machinery/Components
ULCC,Frontier Group Holdings Inc. Common Stock,$3.78,0.16,4.42%,867924734.00,United States,2021,5502533,Consumer Discretionary,Air Freight/Delivery Services
ULH,Universal Logistics Holdings Inc. Common Stock,$15.645,0.235,1.525%,411933757.00,United States,2005,47141,Industrials,Trucking Freight/Courier Services
ULS,UL Solutions Inc. Class A Common Stock,$82.49,1.42,1.752%,16583971985.00,United States,2024,725013,Health Care,Precision Instruments
ULTA,Ulta Beauty Inc. Common Stock,$642.22,-4.12,-0.637%,28490274102.00,United States,2007,610006,Consumer Discretionary,Other Specialty Stores
ULY,Urgent.ly Inc. Common Stock,$2.0701,0.0001,0.005%,4535475.00,United States,,4870,Technology,EDP Services
UMAC,Unusual Machines Inc. Common Stock,$17.28,0.83,5.046%,637209487.00,United States,2024,7377377,Technology,Radio And Television Broadcasting And Communications Equipment
UMBF,UMB Financial Corporation Common Stock,$113.96,0.47,0.414%,8676399415.00,United States,,603776,Finance,Major Banks
UMBFO,UMB Financial Corporation Depositary Shares Each Representing a 1/400th Interest in a Share of 7.750% Fixed-Rate Reset Non-Cumulative Perpetual Preferred Stock Series B,$26.875,0.005,0.019%,2046141052.00,United States,,6659,Finance,Major Banks
UMC,United Microelectronics Corporation (NEW) Common Stock,$9.73,0.13,1.354%,24443154124.00,Taiwan,,14962053,Technology,Semiconductors
UMH,UMH Properties Inc. Common Stock,$14.92,0.09,0.607%,1268440525.00,United States,1994,553283,Real Estate,Real Estate Investment Trusts
UMH^D,UMH Properties Inc. 6.375% Series D Cumulative Redeemable Preferred Stock Liquidation Preference $25 per share,$21.80,-0.11,-0.502%,,United States,,17284,,
UNB,Union Bankshares Inc. Common Stock,$24.00,0.56,2.389%,109978152.00,United States,,8606,Finance,Major Banks
UNCY,Unicycive Therapeutics Inc. Common Stock,$7.05,0.46,6.98%,151514342.00,United States,2021,541516,Health Care,Biotechnology: Pharmaceutical Preparations
UNF,Unifirst Corporation Common Stock,$262.64,3.47,1.339%,4746570067.00,United States,,381370,Consumer Discretionary,Other Consumer Services
UNFI,United Natural Foods Inc. Common Stock,$38.84,2.37,6.498%,2366591772.00,United States,2019,1623053,Consumer Discretionary,Food Distributors
UNH,UnitedHealth Group Incorporated Common Stock (DE),$285.17,-1.31,-0.457%,258841919008.00,United States,,10345050,Health Care,Medical Specialities
UNIT,Uniti Group Inc. Common Stock,$8.24,0.19,2.36%,1969963358.00,United States,,2506483,Real Estate,Real Estate Investment Trusts
UNM,Unum Group Common Stock,$72.94,-0.58,-0.789%,11944203485.00,United States,,1856974,Finance,Accident &Health Insurance
UNMA,Unum Group 6.250% Junior Subordinated Notes due 2058,$23.36,0.02,0.086%,3978517286.00,United States,2018,75601,Finance,Accident &Health Insurance
UNP,Union Pacific Corporation Common Stock,$253.61,-0.50,-0.197%,150490008171.00,United States,,2858609,Industrials,Railroads
UNTY,Unity Bancorp Inc. Common Stock,$50.41,-0.67,-1.312%,504928085.00,United States,,45757,Finance,Major Banks
UOKA,MDJM LTD Class A Ordinary Shares,$0.0727,0.0009,1.253%,3161572.00,China,2019,55406259,Finance,Real Estate
UONE,Urban One Inc. Class A Common Stock,$9.96,-0.06,-0.599%,44774672.00,United States,,11520,Consumer Discretionary,Broadcasting
UONEK,Urban One Inc. Class D Common Stock,$7.70,0.00,0.00%,34614957.00,United States,,601,Consumer Discretionary,Broadcasting
UP,Wheels Up Experience Inc. Class A Common Stock,$0.5287,-0.0152,-2.795%,381566945.00,Singapore,2020,4062276,Consumer Discretionary,Transportation Services
UPB,Upstream Bio Inc. Common Stock,$8.06,0.40,5.222%,435551043.00,United States,2024,1194631,Health Care,Biotechnology: Pharmaceutical Preparations
UPBD,Upbound Group Inc. Common Stock,$19.08,-0.58,-2.95%,1108883903.00,United States,,1046024,Consumer Discretionary,Diversified Commercial Services
UPC,Universe Pharmaceuticals Inc. Class A Ordinary Shares,$2.65,-0.07,-2.574%,1492846.00,China,2021,36513,Health Care,Biotechnology: Pharmaceutical Preparations
UPLD,Upland Software Inc. Common Stock,$0.5981,-0.0641,-9.68%,17415582.00,United States,2014,616049,Technology,Computer Software: Prepackaged Software
UPS,United Parcel Service Inc. Common Stock,$99.94,-2.42,-2.364%,84859225297.00,United States,1999,10346164,Industrials,Trucking Freight/Courier Services
UPST,Upstart Holdings Inc. Common stock,$27.92,0.14,0.504%,2737870826.00,United States,2020,4398554,Finance,Finance: Consumer Services
UPWK,Upwork Inc. Common Stock,$13.33,0.08,0.604%,1737968239.00,United States,2018,2271275,Technology,EDP Services
UPXI,Upexi Inc. Common Stock,$0.9696,0.0696,7.733%,67639859.00,United States,2021,8541018,Health Care, Medicinal Chemicals and Botanical Products 
URBN,Urban Outfitters Inc. Common Stock,$64.48,0.42,0.656%,5782497987.00,United States,1993,2348447,Consumer Discretionary,Clothing/Shoe/Accessory Stores
URG,Ur Energy Inc Common Shares (Canada),$1.44,0.02,1.408%,541747621.00,Canada,,4161862,Basic Materials,Precious Metals
URGN,UroGen Pharma Ltd. Ordinary Shares,$19.91,-0.55,-2.688%,969264195.00,Israel,2017,878849,Health Care,Biotechnology: Pharmaceutical Preparations
URI,United Rentals Inc. Common Stock,$820.68,11.08,1.369%,51701319280.00,United States,1997,1007214,Consumer Discretionary,Diversified Commercial Services
UROY,Uranium Royalty Corp. Common Stock,$3.69,0.13,3.652%,510521496.00,Canada,,2160441,Finance,Investment Bankers/Brokers/Service
USA,Liberty All-Star Equity Fund Common Stock,$5.83,-0.01,-0.171%,0.00,United States,1986,1981878,Finance,Finance Companies
USAC,USA Compression Partners LP Common Units Representing Limited Partner Interests,$27.48,-0.33,-1.187%,3983840398.00,United States,2013,288602,Utilities,Natural Gas Distribution
USAR,USA Rare Earth Inc. Class A Common Stock,$18.71,1.26,7.221%,4077669337.00,United States,2023,11371289,Basic Materials,Metal Mining
USAS,Americas Gold and Silver Corporation Common Shares no par value,$8.17,-0.04,-0.487%,2235553857.00,Canada,2017,6168563,Basic Materials,Metal Mining
USAU,U.S. Gold Corp. Common Stock,$17.57,0.08,0.457%,289116476.00,United States,,183806,Basic Materials,Metal Mining
USB,U.S. Bancorp Common Stock,$52.13,-0.24,-0.458%,80994162002.00,United States,,11260560,Finance,Major Banks
USB^A,U.S. Bancorp Depositary Shares Each representing a 1/100th interest in a share of Series A Non-CumulativePerpetual Pfd Stock,$773.505,-6.195,-0.795%,,United States,,770,,
USB^H,U.S. Bancorp Depositary Shares repstg 1/1000th Pfd Ser B,$18.89,0.04,0.212%,,United States,,150548,,
USB^P,U.S. Bancorp Depositary Shares each representing a 1/1000th interest in a share of Series K Non-Cumulative Perpetual Preferred Stock,$23.01,-0.07,-0.303%,,United States,,64703,,
USB^Q,U.S. Bancorp Depositary Shares Each Representing a 1/1000th Interest in a Share of Series L Non-Cumulative Perpetual Preferred Stock,$15.38,0.00,0.00%,,United States,,53092,,
USB^R,U.S. Bancorp Depositary Shares Each Representing a 1/1000th Interest in a Share of Series M Non-Cumulative Perpetual Preferred Stock,$16.45,-0.09,-0.544%,,United States,,43171,,
USB^S,U.S. Bancorp Depositary Shares each representing a 1/1000th interest in a share of Series O Non-Cumulative Perpetual Preferred Stock,$18.44,-0.07,-0.378%,,United States,,34953,,
USBC,USBC Inc. Common Stock,$0.372,-0.0088,-2.311%,144389449.00,,,145278,Industrials,Industrial Machinery/Components
USCB,USCB Financial Holdings Inc. Class A Common Stock,$18.34,-0.11,-0.596%,332144461.00,United States,2021,37680,Finance,Major Banks
USEA,United Maritime Corporation Common Stock,$2.07,0.07,3.50%,18307633.00,Greece,,95669,Consumer Discretionary,Marine Transportation
USEG,U.S. Energy Corp. Common Stock (DE),$1.05,-0.10,-8.696%,62721465.00,United States,,26669876,Energy,Oil & Gas Production
USFD,US Foods Holding Corp. Common Stock,$90.73,0.52,0.576%,20009771759.00,United States,2016,1826335,Consumer Discretionary,Food Distributors
USGO,U.S. GoldMining Inc. Common stock,$13.38,0.34,2.607%,177595349.00,United States,2023,68067,Basic Materials,Precious Metals
USGOW,U.S. GoldMining Inc. Warrant,$1.00,0.10,11.111%,13273195.00,United States,2023,41972,Basic Materials,Precious Metals
USIO,Usio Inc. Common Stock,$1.32,-0.02,-1.493%,36046347.00,United States,,59326,Finance,Investment Bankers/Brokers/Service
USLM,United States Lime & Minerals Inc. Common Stock,$118.97,1.52,1.294%,3410876562.00,United States,,113195,Industrials,Mining & Quarrying of Nonmetallic Minerals (No Fuels)
USNA,USANA Health Sciences Inc. Common Stock,$17.65,-0.18,-1.01%,322657126.00,United States,,141178,Health Care, Medicinal Chemicals and Botanical Products 
USPH,U.S. Physical Therapy Inc. Common Stock,$80.57,-0.52,-0.641%,1218424820.00,United States,1992,148303,Health Care,Medical/Nursing Services
UTF,Cohen & Steers Infrastructure Fund Inc Common Stock,$25.96,-0.23,-0.878%,0.00,United States,2004,736885,Finance,Finance Companies
UTG,Reaves Utility Income Fund Common Shares of Beneficial Interest,$39.94,0.13,0.327%,0.00,United States,2004,388930,Finance,Investment Managers
UTHR,United Therapeutics Corporation Common Stock,$529.17,51.01,10.668%,23192296601.00,United States,1999,1006247,Health Care,Biotechnology: Pharmaceutical Preparations
UTI,Universal Technical Institute Inc Common Stock,$35.17,0.18,0.514%,1935071196.00,United States,2003,557905,Real Estate,Other Consumer Services
UTL,UNITIL Corporation Common Stock,$53.29,0.22,0.415%,958367040.00,United States,1985,81668,Utilities,Power Generation
UTMD,Utah Medical Products Inc. Common Stock,$64.04,-1.08,-1.658%,205163155.00,United States,,10312,Health Care,Medical/Dental Instruments
UTSI,UTStarcom Holdings Corp. Ordinary Shares,$2.40,-0.03,-1.235%,22728612.00,China,2000,2390,Telecommunications,Telecommunications Equipment
UTZ,Utz Brands Inc Class A Common Stock ,$8.21,-0.36,-4.201%,1180449432.00,United States,2018,2301723,Consumer Staples,Packaged Foods
UUU,Universal Safety Products Inc. Common Stock,$5.40,0.31,6.09%,14676050.00,United States,2003,56978,Technology,Electronic Components
UUUU,Energy Fuels Inc Ordinary Shares (Canada),$19.87,0.84,4.414%,4800711220.00,Canada,,9332801,Industrials,Mining & Quarrying of Nonmetallic Minerals (No Fuels)
UVE,UNIVERSAL INSURANCE HOLDINGS INC Common Stock,$34.45,-0.73,-2.075%,964882111.00,United States,,314539,Finance,Property-Casualty Insurers
UVSP,Univest Financial Corporation Common Stock,$33.22,0.16,0.484%,932934966.00,United States,,162179,Finance,Major Banks
UVV,Universal Corporation Common Stock,$52.55,-0.40,-0.755%,1309729715.00,United States,,234486,Industrials,Farming/Seeds/Milling
UWMC,UWM Holdings Corporation Class A Common Stock,$3.89,0.03,0.777%,6223792861.00,United States,,23199583,Finance,Finance: Consumer Services
UXIN,Uxin Limited ADS,$3.43,0.11,3.313%,707160483.00,China,2018,128002,Real Estate,Real Estate
UYSC,UY Scuti Acquisition Corp. Ordinary Shares,$10.33,-0.01,-0.097%,0.00,United States,2025,9105,Finance,Blank Checks
UYSCR,UY Scuti Acquisition Corp. Rights,$0.1601,0.0001,0.063%,0.00,United States,2025,10242,Finance,Blank Checks
UYSCU,UY Scuti Acquisition Corp. Units,$10.40,0.00,0.00%,0.00,United States,2025,5,,
UZD,Array Digital Infrastructure Inc. 6.250% Senior Notes due 2069,$20.61,-0.29,-1.388%,1772460000.00,United States,2020,6984,Telecommunications,Telecommunications Equipment
UZE,Array Digital Infrastructure Inc. 5.500% Senior Notes due 2070,$18.42,-0.35,-1.865%,1584120000.00,United States,2020,3955,Telecommunications,Telecommunications Equipment
UZF,Array Digital Infrastructure Inc. 5.500% Senior Notes due 2070,$18.55,-0.11,-0.589%,1595300000.00,United States,2021,3940,Telecommunications,Telecommunications Equipment
V,Visa Inc.,$315.97,-1.39,-0.438%,605401460417.00,United States,,8380251,Real Estate,Real Estate
VABK,Virginia National Bankshares Corporation Common Stock,$38.30,-0.76,-1.946%,206557224.00,United States,,79768,Finance,Major Banks
VAC,Marriott Vacations Worldwide Corporation Common Stock,$68.72,-1.78,-2.525%,2357472105.00,United States,,732620,Finance,Real Estate
VACH,Voyager Acquisition Corp Class A Ordinary Shares,$10.68,-0.03,-0.28%,0.00,United States,2024,1198,,
VACHW,Voyager Acquisition Corp Warrants,$0.28,-0.02,-6.667%,0.00,United States,2024,13100,Finance,Blank Checks
VACI,Viking Acquisition Corp. I Class A Ordinary Shares,$9.90,-0.01,-0.101%,0.00,,2025,2873,Telecommunications,Telecommunications Equipment
VAL,Valaris Limited Common Shares,$90.81,3.30,3.771%,6286860390.00,United States,2021,832835,Energy,Oil & Gas Production
VALE,VALE S.A.  American Depositary Shares Each Representing one common share,$15.33,0.36,2.405%,65440378805.00,Brazil,,48894365,Basic Materials,Metal Mining
VALN,Valneva SE American Depositary Shares,$10.5001,-0.0199,-0.189%,853246127.00,France,2021,6094,Health Care,Biotechnology: Biological Products (No Diagnostic Substances)
VALU,Value Line Inc. Common Stock,$35.88,-0.71,-1.94%,336908643.00,United States,1983,2232,Finance,Investment Managers
VANI,Vivani Medical Inc. Common Stock (DE),$1.17,0.00,0.00%,91453669.00,United States,2014,116799,Health Care,Biotechnology: Electromedical & Electrotherapeutic Apparatus
VATE,INNOVATE Corp. Common Stock,$4.89,0.11,2.301%,66773253.00,United States,,4209,Industrials,Metal Fabrications
VAVX,VanEck Avalanche ETF Common Shares of Beneficial Interest,$19.4525,0.9107,4.912%,11180461.00,United States,,1843,,
VBF,Invesco Bond Fund Common Stock,$15.16,0.02,0.132%,0.00,United States,,124950,Finance,Trusts Except Educational Religious and Charitable
VBIX,Viewbix Inc. Common Stock,$1.72,-0.08,-4.444%,18353074.00,Israel,,35079,Technology,Computer Software: Prepackaged Software
VBNK,VersaBank Common Shares,$14.32,-0.06,-0.417%,459234481.00,Canada,,83673,Finance,Commercial Banks
VC,Visteon Corporation Common Stock,$91.82,1.49,1.65%,2462565205.00,United States,,489599,Consumer Discretionary,Auto Parts:O.E.M.
VCEL,Vericel Corporation Common Stock,$34.12,0.41,1.216%,1732044444.00,United States,,558367,Health Care,Biotechnology: Biological Products (No Diagnostic Substances)
VCIC,Vine Hill Capital Investment Corp. Class A Ordinary Shares,$10.64,0.00,0.00%,0.00,United States,2024,380514,,
VCICW,Vine Hill Capital Investment Corp. Warrant,$1.28,-0.19,-12.925%,0.00,United States,2024,246,Finance,Blank Checks
VCIG,VCI Global Limited Ordinary Share,$3.27,-0.58,-15.065%,3558744.00,Malaysia,2023,331624,Consumer Discretionary,Diversified Commercial Services
VCTR,Victory Capital Holdings Inc. Class A Common Stock,$68.57,-1.36,-1.945%,4391883541.00,United States,2018,950197,Finance,Investment Managers
VCV,Invesco California Value Municipal Income Trust Common Stock,$10.89,-0.10,-0.91%,521527817.00,United States,,96615,Finance,Trusts Except Educational Religious and Charitable
VCYT,Veracyte Inc. Common Stock,$33.37,-0.48,-1.418%,2651527709.00,United States,2013,1383809,Health Care,Medical Specialities
VECO,Veeco Instruments Inc. Common Stock,$30.79,0.49,1.617%,1859471466.00,United States,1994,680825,Technology,Industrial Machinery/Components
VEEA,Veea Inc. Common Stock,$0.5304,-0.0004,-0.075%,26736174.00,United States,2021,208448,Finance,Blank Checks
VEEE,Twin Vee PowerCats Co. Common Stock,$0.39,-0.007,-1.763%,3361917.00,United States,2021,5640749,Industrials,Marine Transportation
VEEV,Veeva Systems Inc. Class A Common Stock,$195.57,0.08,0.041%,32148159382.00,United States,2013,2239725,Technology,Computer Software: Prepackaged Software
VEL,Velocity Financial Inc. Common Stock,$17.90,-0.09,-0.50%,696310537.00,United States,2020,278885,Finance,Finance: Consumer Services
VELO,Velo3D Inc. Common stock,$12.21,0.10,0.826%,300581262.00,United States,,725747,Technology,Industrial Machinery/Components
VENU,Venu Holding Corporation Common Stock,$4.00,-0.84,-17.355%,171390168.00,United States,2024,3303551,Consumer Discretionary,Services-Misc. Amusement & Recreation
VEON,VEON Ltd. ADS,$53.05,-0.95,-1.759%,3923982612.00,Netherlands,,54152,Telecommunications,Telecommunications Equipment
VERA,Vera Therapeutics Inc. Class A Common Stock,$38.97,-0.10,-0.256%,2780730343.00,United States,2021,1275549,Health Care,Biotechnology: Pharmaceutical Preparations
VERI,Veritone Inc. Common Stock,$3.10,0.12,4.027%,284598671.00,United States,2017,1836346,Technology,EDP Services
VERU,Veru Inc. Common Stock,$2.46,-0.01,-0.405%,39483787.00,United States,,64387,Health Care,Biotechnology: Pharmaceutical Preparations
VERX,Vertex Inc. Class A Common Stock,$14.94,-0.31,-2.033%,2389755996.00,United States,2020,1347117,Technology,Computer Software: Prepackaged Software
VET,Vermilion Energy Inc. Common (Canada),$11.41,0.09,0.795%,1745159500.00,Canada,,3679325,Energy,Oil & Gas Production
VFC,V.F. Corporation Common Stock,$17.27,-0.05,-0.289%,6757117934.00,United States,,9932864,Industrials,Garments and Clothing
VFF,Village Farms International Inc. Common Shares,$3.38,-0.01,-0.295%,390450049.00,Canada,,925808,,
VFL,abrdn National Municipal Income Fund Common Stock,$10.16,-0.03,-0.294%,0.00,United States,1993,18873,Finance,Finance/Investors Services
VFS,VinFast Auto Ltd. Ordinary Shares,$3.16,0.04,1.282%,7392860056.00,Singapore,,361823,Industrials,Auto Manufacturing
VFSWW,VinFast Auto Ltd. Warrant,$0.13,-0.0184,-12.399%,304136648.00,Singapore,,5538,Industrials,Auto Manufacturing
VG,Venture Global Inc. Class A common stock,$11.51,-0.97,-7.772%,28279728211.00,United States,2025,30956824,Utilities,Oil/Gas Transmission
VGAS,Verde Clean Fuels Inc. Class A Common Stock,$1.46,0.05,3.546%,65042447.00,United States,2021,34783,Industrials,Major Chemicals
VGASW,Verde Clean Fuels Inc. Warrant,$0.0399,0.0028,7.547%,1777530.00,United States,2021,63206,Industrials,Major Chemicals
VGI,Virtus Global Multi-Sector Income Fund Common Shares of Beneficial Interest,$7.61,-0.11,-1.425%,0.00,United States,2012,91466,Finance,Investment Managers
VGM,Invesco Trust for Investment Grade Municipals Common Stock (DE),$10.36,-0.05,-0.48%,561843188.00,United States,,135776,Finance,Trusts Except Educational Religious and Charitable
VGZ,Vista Gold Corp Common Stock,$2.36,-0.05,-2.075%,299737747.00,United States,1986,1909044,Basic Materials,Precious Metals
VHC,VirnetX Holding Corp Common Stock,$18.66,1.21,6.934%,79693874.00,United States,,8008,Miscellaneous,Multi-Sector Companies
VHCP,Vine Hill Capital Investment Corp. II Class A Ordinary Shares,$9.90,0.00,0.00%,0.00,United States,2026,30,,
VHCPU,Vine Hill Capital Investment Corp. II Units,$10.01,-0.025,-0.249%,0.00,United States,2025,555,Finance,Blank Checks
VHCPW,Vine Hill Capital Investment Corp. II Warrants,$0.3502,0.0001,0.029%,0.00,United States,2026,1400,,
VHI,Valhi Inc. Common Stock,$13.28,-0.19,-1.411%,375854451.00,United States,,13451,Basic Materials,Major Chemicals
VHUB,VenHub Global Inc. Common Stock,$2.15,0.06,2.871%,161032540.00,United States,,277525,Technology,Industrial Machinery/Components
VIA,Via Transportation Inc. Class A Common Stock,$19.00,-0.04,-0.21%,1538825580.00,,2025,689023,Technology,Computer Software: Prepackaged Software
VIASP,Via Renewables Inc. 8.75% Series A Fixed-to-Floating Rate Cumulative Redeemable Perpetual Preferred Stock,$25.53,0.05,0.196%,186964589.00,United States,,2280,Utilities,Power Generation
VIAV,Viavi Solutions Inc. Common Stock,$29.24,1.36,4.878%,6765824448.00,United States,,4275189,Technology,Semiconductors
VICI,VICI Properties Inc. Common Stock,$29.50,-0.17,-0.573%,31535175471.00,United States,2018,10246001,Real Estate,Real Estate Investment Trusts
VICR,Vicor Corporation Common Stock,$170.03,7.36,4.524%,7714795674.00,United States,,969478,Technology,Industrial Machinery/Components
VIK,Viking Holdings Ltd Ordinary Shares,$72.61,3.70,5.369%,32368524292.00,United States,2024,4378214,Consumer Discretionary,Marine Transportation
VINP,Vinci Compass Investments Ltd. Class A Common Shares,$11.10,0.00,0.00%,702015715.00,Brazil,2021,125756,Finance,Investment Managers
VIOT,Viomi Technology Co. Ltd American Depositary Shares,$1.31,0.03,2.344%,89032148.00,China,2018,269217,Consumer Discretionary,Consumer Electronics/Appliances
VIPS,Vipshop Holdings Limited American Depositary Shares each representing two ordinary shares,$16.27,0.32,2.006%,9642986658.00,China,2012,2975877,Consumer Discretionary,Catalog/Specialty Distribution
VIR,Vir Biotechnology Inc. Common Stock,$9.80,0.25,2.618%,1367269324.00,United States,2019,3308164,Health Care,Biotechnology: Biological Products (No Diagnostic Substances)
VIRC,Virco Manufacturing Corporation Common Stock,$6.20,-0.05,-0.80%,97719074.00,United States,,58755,Consumer Discretionary,Industrial Specialties
VIRT,Virtu Financial Inc. Class A Common Stock,$41.94,0.93,2.268%,6486632192.00,United States,,1223525,Finance,Investment Bankers/Brokers/Service
VISN,Vistance Networks Inc. Common Stock,$17.75,0.54,3.138%,4001950731.00,United States,2013,6526540,Technology,Radio And Television Broadcasting And Communications Equipment
VIST,Vista Energy S.A.B. de C.V. American Depositary Shares each representing one series A share with no par value,$60.25,-2.34,-3.739%,6284138564.00,Mexico,2019,2166606,Energy,Oil & Gas Production
VITL,Vital Farms Inc. Common Stock,$19.10,-0.79,-3.972%,855625088.00,United States,2020,2235584,Consumer Staples,Packaged Foods
VIV,Telefonica Brasil S.A. American Depositary Shares (Each representing One Common Share),$16.09,0.31,1.965%,51417306204.00,Brazil,2020,966820,Telecommunications,Telecommunications Equipment
VIVS,VivoSim Labs Inc. Common Stock,$1.87,0.04,2.186%,4876889.00,United States,,17662,Health Care,Biotechnology: Biological Products (No Diagnostic Substances)
VKI,Invesco Advantage Municipal Income Trust II Common Shares of Beneficial Interest (DE),$9.33,0.08,0.865%,414308167.00,United States,1993,149231,Finance,Finance Companies
VKQ,Invesco Municipal Trust Common Stock,$9.76,-0.06,-0.611%,540074626.00,United States,,145893,Finance,Trusts Except Educational Religious and Charitable
VKTX,Viking Therapeutics Inc. Common Stock,$33.61,0.63,1.91%,3883779855.00,United States,2015,1931431,Health Care,Biotechnology: Pharmaceutical Preparations
VLGEA,Village Super Market Inc. Class A Common Stock,$40.41,-0.49,-1.198%,596127108.00,United States,,51451,Consumer Staples,Food Chains
VLN,Valens Semiconductor Ltd. Ordinary Shares,$1.35,0.00,0.00%,142145145.00,,,722350,Technology,Semiconductors
VLO,Valero Energy Corporation Common Stock,$215.95,-8.68,-3.864%,64574713505.00,United States,,6471604,Energy,Integrated oil Companies
VLRS,Controladora Vuela Compania de Aviacion S.A.B. de C.V. American Depositary Shares each representing ten (10) Ordinary Participation Certificates,$7.05,0.05,0.714%,822013559.00,,2013,1516998,Consumer Discretionary,Air Freight/Delivery Services
VLT,Invesco High Income Trust II,$10.50,-0.11,-1.037%,0.00,United States,1989,30774,Finance,Trusts Except Educational Religious and Charitable
VLTO,Veralto Corp Common Stock ,$94.06,-0.27,-0.286%,23312146442.00,United States,2023,1527489,Industrials,Electrical Products
VLY,Valley National Bancorp Common Stock,$11.97,-0.14,-1.156%,6648451853.00,United States,,8456258,Finance,Major Banks
VLYPN,Valley National Bancorp 8.250% Fixed-Rate Reset Non-Cumulative Perpetual Preferred Stock Series C,$26.08,0.03,0.115%,14485515818.00,United States,,12258,Finance,Major Banks
VLYPO,Valley National Bancorp 5.50% Fixed-to-Floating Rate Non-Cumulative Perpetual Preferred Stock Series B,$25.14,-0.10,-0.396%,13963415171.00,United States,,11124,Finance,Major Banks
VLYPP,Valley National Bancorp 6.25% Fixed-to-Floating Rate Non-Cumulative Perpetual Preferred Stock Series A,$25.06,-0.14,-0.556%,13918981073.00,United States,,5032,Finance,Major Banks
VMAR,Vision Marine Technologies Inc. Common Shares,$2.46,0.07,2.929%,91041488.00,Canada,2020,29904,Industrials,Marine Transportation
VMC,Vulcan Materials Company (Holding Company) Common Stock,$274.33,-0.66,-0.24%,35822116743.00,United States,,1866552,Industrials,Mining & Quarrying of Nonmetallic Minerals (No Fuels)
VMD,Viemed Healthcare Inc. Common Shares,$9.29,0.51,5.809%,358618442.00,United States,,675276,Health Care,Misc Health and Biotechnology Services
VMET,Versamet Royalties Corporation Common Stock,$10.52,-0.03,-0.284%,1111388808.00,Canada,,243401,,
VMI,Valmont Industries Inc. Common Stock,$430.04,5.95,1.403%,8400944070.00,United States,,176624,Industrials,Metal Fabrications
VMO,Invesco Municipal Opportunity Trust Common Stock,$9.81,-0.08,-0.809%,661593120.00,United States,,126205,Finance,Trusts Except Educational Religious and Charitable
VNCE,Vince Holding Corp. Common Stock,$2.60,-0.08,-2.985%,34682508.00,United States,,110585,Consumer Discretionary,Clothing/Shoe/Accessory Stores
VNDA,Vanda Pharmaceuticals Inc. Common Stock,$8.68,0.79,10.013%,513057700.00,United States,2006,2215996,Health Care,Biotechnology: Pharmaceutical Preparations
VNET,VNET Group Inc. American Depositary Shares,$9.79,0.17,1.767%,2633763571.00,China,2011,4942104,Technology,Computer Software: Programming Data Processing
VNME,Vendome Acquisition Corporation I Class A Ordinary Shares,$10.08,0.00,0.00%,0.00,United States,2025,1,Finance,Blank Checks
VNMEU,Vendome Acquisition Corporation I Unit,$10.24,0.00,0.00%,0.00,United States,2025,1,Finance,Blank Checks
VNMEW,Vendome Acquisition Corporation I Warrant,$0.24,-0.03,-11.111%,0.00,United States,2025,21801,Finance,Blank Checks
VNO,Vornado Realty Trust Common Stock,$26.99,0.05,0.186%,5146085245.00,United States,,1750517,Real Estate,Real Estate Investment Trusts
VNO^L,Vornado Realty Trust Pfd Ser L %,$17.19,-0.30,-1.715%,,United States,,21305,,
VNO^M,Vornado Realty Trust 5.25% Series M Cumulative Redeemable Preferred Shares of Beneficial Interest liquidation preference $25.00 per share no par value per share,$16.8001,-0.3999,-2.325%,,United States,,24908,,
VNO^N,Vornado Realty Trust 5.25% Series N Cumulative Redeemable Preferred Shares of Beneficial Interest liquidation preference $25.00 per share,$16.89,-0.41,-2.37%,,United States,,45082,,
VNO^O,Vornado Realty Trust 4.45% Series O Cumulative Redeemable Preferred Shares Liquidation Preference $25.00 Per Share,$14.79,-0.17,-1.136%,,United States,,30137,,
VNOM,Viper Energy Inc. Class A Common Stock,$44.14,0.04,0.091%,15782207078.00,United States,2014,4860131,Energy,Oil & Gas Production
VNRX,VolitionRX Limited Common Stock,$0.1998,0.0017,0.858%,27085952.00,Singapore,2015,1096076,Health Care,Biotechnology: In Vitro & In Vivo Diagnostic Substances
VNT,Vontier Corporation Common Stock ,$38.60,0.25,0.652%,5465760000.00,United States,2020,1032728,Industrials,Industrial Machinery/Components
VNTG,Vantage Corp Class A Ordinary Shares,$0.8131,-0.0288,-3.421%,25805761.00,,2025,46585,Industrials,Integrated Freight & Logistics
VOC,VOC Energy Trust Units of Beneficial Interest,$3.57,-0.04,-1.108%,60690000.00,United States,2011,299647,Energy,Oil & Gas Production
VOD,Vodafone Group Plc American Depositary Shares,$14.48,-0.03,-0.207%,34403044134.00,United Kingdom,,3862365,Telecommunications,Telecommunications Equipment
VOR,Vor Biopharma Inc. Common Stock,$15.46,0.34,2.249%,641896726.00,United States,2021,574731,Health Care,Biotechnology: Biological Products (No Diagnostic Substances)
VOXR,Vox Royalty Corp. Common Stock,$6.01,-0.14,-2.276%,410296233.00,Canada,,485160,Basic Materials,Precious Metals
VOYA,Voya Financial Inc. Common Stock,$68.05,0.34,0.502%,6312526233.00,United States,2013,1123613,Finance,Life Insurance
VOYA^B,Voya Financial Inc. Depositary Shares each representing a 1/40th interest in a share of 5.35% Fixed-Rate Reset Non-Cumulative Preferred Stock Series B,$23.73,-0.18,-0.753%,,United States,,16093,,
VOYG,Voyager Technologies Inc. Class A Common Stock,$26.64,-0.08,-0.299%,1586352886.00,United States,2025,1628967,Industrials,Military/Government/Technical
VPG,Vishay Precision Group Inc. Common Stock,$43.57,0.11,0.253%,579368110.00,United States,,137264,Technology,Electrical Products
VPV,Invesco Pennsylvania Value Municipal Income Trust Common Stock (DE),$10.75,0.08,0.75%,256167598.00,United States,,24741,Finance,Trusts Except Educational Religious and Charitable
VRA,Vera Bradley Inc. Common Stock,$2.59,-0.07,-2.632%,72403507.00,United States,2010,214770,Consumer Discretionary,Apparel
VRAX,Virax Biolabs Group Limited Ordinary Shares,$0.20,-0.0145,-6.76%,1484686.00,United Kingdom,2022,402193,Health Care,Biotechnology: In Vitro & In Vivo Diagnostic Substances
VRCA,Verrica Pharmaceuticals Inc. Common Stock,$5.68,0.37,6.968%,90822410.00,United States,2018,236822,Health Care,Biotechnology: Pharmaceutical Preparations
VRDN,Viridian Therapeutics Inc. Common Stock,$29.65,1.31,4.622%,3030424830.00,United States,2014,1270776,Health Care,Medical Specialities
VRE,Veris Residential Inc. Common Stock,$18.85,-0.01,-0.053%,1761690614.00,United States,,1117559,Real Estate,Real Estate Investment Trusts
VREX,Varex Imaging Corporation Common Stock,$11.40,-0.13,-1.127%,477660000.00,United States,,367058,Technology,Industrial Machinery/Components
VRM,Vroom Inc. Common Stock,$16.63,0.13,0.788%,86469681.00,United States,,1448,Consumer Discretionary,Retail-Auto Dealers and Gas Stations
VRME,VerifyMe Inc. Common Stock,$0.9494,-0.0406,-4.101%,11813545.00,United States,,117682,Technology,EDP Services
VRNS,Varonis Systems Inc. Common Stock,$24.34,-0.05,-0.205%,2858677651.00,United States,2014,1385376,Technology,Computer Software: Prepackaged Software
VRRM,Verra Mobility Corporation Class A Common Stock,$16.25,-0.22,-1.336%,2459631834.00,United States,2017,1835552,Consumer Discretionary,Transportation Services
VRSK,Verisk Analytics Inc. Common Stock,$210.28,-4.56,-2.123%,29006420209.00,United States,2009,1986998,Industrials,Diversified Commercial Services
VRSN,VeriSign Inc. Common Stock,$242.38,-1.40,-0.574%,22226246000.00,United States,1998,663370,Technology,EDP Services
VRT,Vertiv Holdings LLC Class A Common Stock,$264.35,22.57,9.335%,101139903958.00,United States,2018,20414148,Technology,Industrial Machinery/Components
VRTS,Virtus Investment Partners Inc. Common Stock,$132.26,-1.82,-1.357%,885548814.00,United States,,113481,Finance,Investment Managers
VRTX,Vertex Pharmaceuticals Incorporated Common Stock,$460.87,4.18,0.915%,117076737145.00,United States,1991,1175873,Health Care,Biotechnology: Pharmaceutical Preparations
VS,Versus Systems Inc. Common Stock,$0.8807,-0.0297,-3.262%,4316907.00,Canada,,15366,Technology,EDP Services
VSA,VisionSys AI Inc. American Depositary Shares,$1.27,-0.02,-1.55%,1411705.00,China,2014,24630,Real Estate,Other Consumer Services
VSAT,ViaSat Inc. Common Stock,$45.98,2.19,5.001%,6245527818.00,United States,1996,1300124,Technology,Radio And Television Broadcasting And Communications Equipment
VSCO,Victorias Secret & Co. Common Stock ,$48.12,1.39,2.975%,3862540623.00,United States,2021,5182555,Consumer Discretionary,Clothing/Shoe/Accessory Stores
VSEC,VSE Corporation Common Stock,$217.74,8.35,3.988%,6094766219.00,United States,,1020817,Consumer Discretionary,Military/Government/Technical
VSECU,VSE Corporation Tangible Equity Units,$57.09,2.49,4.56%,0.00,United States,,221132,,
VSEE,VSee Health Inc. Common Stock,$0.285,0.005,1.786%,11465791.00,United States,2021,469410,Health Care,Medical/Nursing Services
VSEEW,VSee Health Inc. Warrant,$0.0584,-0.0015,-2.504%,2349481.00,United States,2021,400,Health Care,Medical/Nursing Services
VSH,Vishay Intertechnology Inc. Common Stock,$16.79,0.10,0.599%,2279985290.00,United States,,2467371,Technology,Electrical Products
VSME,VS Media Holdings Limited Class A Ordinary Shares,$1.12,-0.06,-5.085%,3080766.00,Singapore,2023,456333,Consumer Discretionary,Publishing
VSNT,Versant Media Group Inc. Class A Common Stock ,$36.54,-0.16,-0.436%,5267921229.00,United States,,2421530,Industrials,Broadcasting
VST,Vistra Corp. Common Stock,$163.62,4.97,3.133%,55132455367.00,United States,,4107158,Utilities,Electric Utilities: Central
VSTD,Vestand Inc. Class A Common Stock,$0.3209,0.0264,8.964%,4564796.00,United States,2022,107541,Consumer Discretionary,Restaurants
VSTM,Verastem Inc. Common Stock,$6.30,-0.08,-1.254%,553361168.00,United States,2012,1696404,Health Care,Biotechnology: Pharmaceutical Preparations
VSTS,Vestis Corporation Common Stock,$8.06,0.20,2.545%,1063508440.00,United States,2023,1690048,Consumer Discretionary,Consumer Specialties
VTAK,Catheter Precision Inc. Common Stock,$1.37,-0.04,-2.837%,2285674.00,,2018,14557,Health Care,Medical/Dental Instruments
VTEX,VTEX Class A Common Shares,$4.00,0.08,2.041%,761454624.00,United Kingdom,2021,2086590,Technology,Computer Software: Prepackaged Software
VTGN,Vistagen Therapeutics Inc. Common Stock,$0.615,0.0073,1.201%,24366495.00,United States,,446287,Health Care,Biotechnology: Pharmaceutical Preparations
VTIX,Virtuix Holdings Inc. Class A Common Stock,$7.52,0.86,12.913%,232010477.00,United States,,171627,Technology,Computer peripheral equipment
VTMX,Corporacion Inmobiliaria Vesta S.A.B de C.V. American Depositary Shares each representing ten (10) Common Shares,$32.82,-0.24,-0.726%,2902884496.00,,2023,48052,Finance,Real Estate
VTN,Invesco Trust for Investment Grade New York Municipals Common Stock,$11.28,0.21,1.897%,219801843.00,United States,,30323,Finance,Finance Companies
VTOL,Bristow Group Inc. Common Stock,$45.83,1.23,2.758%,1337823530.00,United States,,203862,Consumer Discretionary,Transportation Services
VTR,Ventas Inc. Common Stock,$86.21,1.34,1.579%,40946751961.00,United States,,1734087,Real Estate,Real Estate Investment Trusts
VTRS,Viatris Inc. Common Stock,$14.22,0.18,1.282%,16372807351.00,United States,,8863469,Health Care,Biotechnology: Pharmaceutical Preparations
VTS,Vitesse Energy Inc. Common Stock,$19.81,0.27,1.382%,787976962.00,United States,2023,576462,Energy,Oil & Gas Production
VTSI,VirTra Inc. Common Stock,$4.26,0.12,2.899%,48140586.00,United States,,96699,Consumer Discretionary,Miscellaneous manufacturing industries
VTVT,vTv Therapeutics Inc. Class A Common Stock,$36.52,1.11,3.135%,143825219.00,United States,2015,58380,Health Care,Biotechnology: Pharmaceutical Preparations
VUZI,Vuzix Corporation Common Stock,$2.59,0.04,1.569%,207527599.00,United States,,934054,Technology,Radio And Television Broadcasting And Communications Equipment
VVOS,Vivos Therapeutics Inc. Common Stock,$1.33,0.00,0.00%,13922158.00,United States,2020,46807,Health Care,Medical/Dental Instruments
VVPR,VivoPower International PLC Ordinary Shares,$1.88,-0.12,-6.00%,31490461.00,United Kingdom,,798603,Utilities,Power Generation
VVR,Invesco Senior Income Trust Common Stock (DE),$3.07,-0.01,-0.325%,0.00,United States,1998,933514,Finance,Trusts Except Educational Religious and Charitable
VVV,Valvoline Inc. Common Stock,$34.81,-0.46,-1.304%,4431863903.00,United States,2016,2209993,Industrials,Major Chemicals
VVX,V2X Inc. Common Stock,$73.06,0.15,0.206%,2277531892.00,United States,2014,460444,Consumer Discretionary,Diversified Commercial Services
VWAV,VisionWave Holdings Inc. Common Stock,$7.45,-0.21,-2.742%,123048692.00,United States,,417590,Technology,Computer Software: Prepackaged Software
VWAVW,VisionWave Holdings Inc. Warrant,$1.47,-0.10,-6.369%,24279406.00,United States,,10129,Technology,Computer Software: Prepackaged Software
VYGR,Voyager Therapeutics Inc. Common Stock,$4.11,0.21,5.385%,325195214.00,United States,2015,487383,Health Care,Biotechnology: Biological Products (No Diagnostic Substances)
VYNE,VYNE Therapeutics Inc. Common Stock,$0.5902,-0.0049,-0.823%,19667336.00,United States,2018,70117,Health Care,Biotechnology: Pharmaceutical Preparations
VYX,NCR Voyix Corporation Common Stock,$7.35,-0.50,-6.369%,1021733525.00,United States,,2322737,Miscellaneous,Office Equipment/Supplies/Services
VZ,Verizon Communications Inc. Common Stock,$50.45,-0.67,-1.311%,212782166276.00,United States,,29044779,Telecommunications,Telecommunications Equipment
VZLA,Vizsla Silver Corp. Common Shares,$3.99,-0.01,-0.25%,1372935830.00,Canada,2024,7863942,Basic Materials,Precious Metals
W,Wayfair Inc. Class A Common Stock,$75.72,-0.48,-0.63%,9900228111.00,United States,2014,3325123,Consumer Discretionary,Catalog/Specialty Distribution
WAB,Westinghouse Air Brake Technologies Corporation Common Stock,$247.00,2.32,0.948%,42117745930.00,United States,,1134634,Industrials,Railroads
WABC,Westamerica Bancorporation Common Stock,$49.98,-0.20,-0.399%,1217013700.00,United States,,234734,Finance,Major Banks
WAFD,WaFd Inc. Common Stock,$30.84,-0.16,-0.516%,2339625221.00,United States,,741472,Finance,Major Banks
WAFDP,WaFd Inc. Depositary Shares,$16.415,-0.025,-0.152%,1245296628.00,United States,,30592,Finance,Major Banks
WAFU,Wah Fu Education Group Limited Ordinary Shares,$1.68,-0.01,-0.592%,7409739.00,China,2019,3744,Real Estate,Other Consumer Services
WAI,Top KingWin Ltd Class A Ordinary Shares,$2.28,-0.03,-1.299%,3775960.00,China,2023,13458,Real Estate,Real Estate
WAL,Western Alliance Bancorporation Common Stock (DE),$73.39,-0.52,-0.704%,8064029864.00,United States,2005,2396141,Finance,Major Banks
WAL^A,Western Alliance Bancorporation Depositary Shares Each Representing a 1/400th Interest in a Share of 4.250% Fixed-Rate Non-Cumulative Perpetual Preferred Stock Series A,$23.34,0.05,0.215%,,United States,,19528,,
WALD,Waldencast plc Class A Ordinary Share,$1.58,0.01,0.637%,202305117.00,United States,2021,59187,Consumer Discretionary,Package Goods/Cosmetics
WALDW,Waldencast plc Warrant ,$0.0388,-0.0001,-0.257%,4967999.00,United States,2021,1135,Consumer Discretionary,Package Goods/Cosmetics
WASH,Washington Trust Bancorp Inc. Common Stock,$32.88,-0.37,-1.113%,626033490.00,United States,,161238,Finance,Major Banks
WAT,Waters Corporation Common Stock,$305.67,3.13,1.035%,29986798909.00,United States,1995,926408,Industrials,Biotechnology: Laboratory Analytical Instruments
WATT,Energous Corporation Common Stock,$11.46,0.46,4.182%,24927070.00,United States,2014,306159,Technology,Radio And Television Broadcasting And Communications Equipment
WAVE,Eco Wave Power Global AB (publ) American Depositary Shares,$5.59,0.1131,2.065%,261242188.00,Israel,2021,6920,Utilities,Electric Utilities: Central
WAY,Waystar Holding Corp. Common Stock,$25.88,0.17,0.661%,4960719601.00,United States,2024,1806586,Technology,EDP Services
WB,Weibo Corporation American Depositary Share,$9.64,0.10,1.048%,2360115699.00,China,2014,1352365,Technology,Computer Software: Programming Data Processing
WBD,Warner Bros. Discovery Inc. Series A Common Stock ,$27.75,-0.20,-0.716%,68818044041.00,United States,,24401260,Consumer Discretionary,Services-Misc. Amusement & Recreation
WBI,WaterBridge Infrastructure LLC Class A Shares Representing Limited Liability Company Interests,$25.19,-0.04,-0.159%,3109831450.00,,2025,372821,Energy,Oilfield Services/Equipment
WBS,Webster Financial Corporation Common Stock,$68.61,0.11,0.161%,11061755997.00,United States,,8534130,Finance,Major Banks
WBS^F,Webster Financial Corporation Depositary Shares Each Representing 1/1000th Interest in a Share of 5.25% Series F Non-Cumulative Perpetual Preferred Stock,$20.26,-0.1499,-0.734%,,United States,,11447,,
WBS^G,Webster Financial Corporation Depositary Shares each representing a 1/40th interest in a share of 6.50% Series G non-cumulative perpetual preferred stock,$24.415,-0.075,-0.306%,,United States,,22108,,
WBTN,WEBTOON Entertainment Inc. Common stock,$9.67,-0.04,-0.412%,1290778860.00,United States,2024,508895,Consumer Discretionary,Publishing
WBUY,WEBUY GLOBAL LTD. Class A Ordinary Shares,$0.96,-0.01,-1.031%,1963728.00,Singapore,2023,5823,Consumer Discretionary,Other Specialty Stores
WBX,Wallbox N.V. Class A Ordinary Shares,$2.89,0.00,0.00%,47187906.00,Spain,,27536,Consumer Discretionary,Industrial Specialties
WCC,WESCO International Inc. Common Stock,$267.89,3.76,1.424%,13036040409.00,United States,1999,842169,Consumer Discretionary,Telecommunications Equipment
WCN,Waste Connections Inc. Common Shares,$171.73,1.59,0.935%,44309669673.00,Canada,,1333349,Utilities,Environmental Services
WCT,Wellchange Holdings Company Limited Class A Ordinary shares,$4.08,0.48,13.333%,12506424.00,Hong Kong,2024,50553,Technology,Computer Software: Prepackaged Software
WD,Walker & Dunlop Inc Common Stock,$49.92,1.73,3.59%,1700295018.00,United States,2010,617134,Finance,Finance: Consumer Services
WDAY,Workday Inc. Class A Common Stock,$148.14,-2.90,-1.92%,38960820000.00,United States,,5460748,Technology,EDP Services
WDC,Western Digital Corporation Common Stock,$262.06,16.81,6.854%,88848277839.00,United States,,10362856,Technology,Electronic Components
WDFC,WD-40 Company Common Stock,$230.20,-6.12,-2.59%,3104546720.00,United States,1973,156961,Industrials,Major Chemicals
WDH,Waterdrop Inc. American Depositary Shares (each representing the right to receive 10 Class A Ordinary Shares),$1.76,0.02,1.149%,636526018.00,Cayman Islands,2021,299285,Finance,Specialty Insurers
WDI,Western Asset Diversified Income Fund Common Shares of Beneficial Interest,$13.48,-0.20,-1.462%,0.00,United States,2021,305992,Finance,Trusts Except Educational Religious and Charitable
WDS,Woodside Energy Group Limited American Depositary Shares each representing one Ordinary Share,$21.86,-0.48,-2.149%,41558049126.00,Australia,2022,2461873,Energy,Oil & Gas Production
WEA,Western Asset Bond Fund Share of Beneficial Interest,$10.74,0.01,0.093%,0.00,United States,2002,86802,Finance,Trusts Except Educational Religious and Charitable
WEAV,Weave Communications Inc. Common Stock,$5.41,-0.15,-2.698%,425488986.00,United States,2021,1586710,Technology,Computer Software: Prepackaged Software
WEC,WEC Energy Group Inc. Common Stock,$115.59,-0.18,-0.155%,36883520859.00,United States,,2171298,Utilities,Power Generation
WELL,Welltower Inc. Common Stock,$207.68,3.39,1.659%,144909245430.00,United States,,3757516,Real Estate,Real Estate Investment Trusts
WEN,Wendy's Company (The) Common Stock,$7.27,-0.15,-2.022%,1383921249.00,United States,,7615640,Consumer Discretionary,Restaurants
WENN,Wen Acquisition Corp Class A Ordinary Shares,$10.16,0.00,0.00%,0.00,United States,2025,849,,
WENNW,Wen Acquisition Corp Warrant,$0.38,0.00,0.00%,0.00,United States,2025,13,Finance,Blank Checks
WERN,Werner Enterprises Inc. Common Stock,$31.22,0.42,1.364%,1869122824.00,United States,1986,1119727,Industrials,Trucking Freight/Courier Services
WES,Western Midstream Partners LP Common Units Representing Limited Partner Interests,$41.33,-0.38,-0.911%,16270275047.00,United States,2012,1761981,Utilities,Natural Gas Distribution
WEST,Westrock Coffee Company Common Stock,$3.88,-0.02,-0.513%,375680651.00,United States,,645257,Consumer Staples,Beverages (Production/Distribution)
WETH,Wetouch Technology Inc. Common Stock,$1.44,0.05,3.597%,17181409.00,China,,11612,Technology,Computer peripheral equipment
WETO,Webus International Limited Ordinary Shares,$0.46,0.014,3.139%,10120000.00,China,2025,10042,Industrials,Other Transportation
WEX,WEX Inc. common stock,$161.98,-5.09,-3.047%,5557633904.00,United States,,681323,Real Estate,Real Estate
WEYS,Weyco Group Inc. Common Stock,$31.95,0.89,2.865%,305070997.00,United States,,22994,Consumer Staples,Apparel
WF,Woori Financial Group Inc. American Depositary Shares (each representing three (3) shares of Common Stock),$68.29,2.17,3.282%,16874175733.00,South Korea,,117779,Finance,Commercial Banks
WFC,Wells Fargo & Company Common Stock,$78.83,-1.59,-1.977%,243240657580.00,United States,,24933838,Finance,Major Banks
WFC^A,Wells Fargo & Company Depositary Shares each representing a 1/1000th interest in a share of Non-Cumulative Perpetual Class A Preferred Stock Series AA,$19.31,0.03,0.156%,,United States,,196361,,
WFC^C,Wells Fargo & Company Depositary Shares each representing a 1/1000th interest in a share of Non-Cumulative Perpetual Class A Preferred Stock Series CC,$17.97,0.03,0.167%,,United States,,109800,,
WFC^D,Wells Fargo & Company Depositary Shares each representing a 1/1000th interest in  a share of Non-Cumulative Perpetual Class A Preferred Stock Series DD,$17.65,0.00,0.00%,,United States,,76693,,
WFC^L,Wells Fargo & Company 7.50% Non-Cumulative Perpetual Convertible Class A Preferred Stock Series L,$1195.00,-4.25,-0.354%,,United States,,10072,,
WFC^Y,Wells Fargo & Company Depositary Shares each representing a 1/1000th interest in a share of Non-Cumulative Perpetual Class A Preferred Stock Series Y,$24.40,0.01,0.041%,,United States,,67394,,
WFC^Z,Wells Fargo & Company Depositary Shares each representing a 1/1000th interest in a share of Non-Cumulative Perpetual Class A Preferred Stock Series Z,$19.59,-0.05,-0.255%,,United States,,438702,,
WFCF,Where Food Comes From Inc. Common Stock,$12.14,0.078,0.647%,61285767.00,United States,,436,Technology,Computer Software: Prepackaged Software
WFF,WF Holding Limited Ordinary Shares,$0.4699,-0.0096,-2.002%,11724005.00,Malaysia,2025,118193,Consumer Discretionary,Miscellaneous manufacturing industries
WFG,West Fraser Timber Co. Ltd Common stock,$64.87,-0.30,-0.46%,5079309453.00,,2021,166462,Basic Materials,Forest Products
WFRD,Weatherford International plc Ordinary Shares,$90.95,0.15,0.165%,6522715083.00,United States,,2838873,Consumer Discretionary,Oil and Gas Field Machinery
WGO,Winnebago Industries Inc. Common Stock,$35.25,-1.04,-2.866%,994777067.00,United States,,658238,Industrials,Homebuilding
WGRX,Wellgistics Health Inc. Common Stock,$0.1747,0.0096,5.815%,15675705.00,United States,2025,2483758,Health Care,Other Pharmaceuticals
WGS,GeneDx Holdings Corp. Class A Common Stock,$94.51,6.40,7.264%,2768078723.00,United States,2020,748679,Technology,Retail: Computer Software & Peripheral Equipment
WGSWW,GeneDx Holdings Corp. Warrant,$0.0084,-0.0004,-4.545%,246025.00,United States,2020,141122,Technology,Retail: Computer Software & Peripheral Equipment
WH,Wyndham Hotels & Resorts Inc. Common Stock ,$76.24,-0.53,-0.69%,5729347867.00,United States,2018,1458268,Consumer Discretionary,Hotels/Resorts
WHD,Cactus Inc. Class A Common Stock,$51.70,1.69,3.379%,4128672869.00,United States,2018,1619453,Consumer Discretionary,Oil and Gas Field Machinery
WHF,WhiteHorse Finance Inc. Common Stock,$7.42,0.00,0.00%,172463713.00,United States,,175587,Finance,Finance Companies
WHFCL,WhiteHorse Finance Inc. 7.875% Notes due 2028,$25.438,0.138,0.545%,591257673.00,United States,,2946,,
WHG,Westwood Holdings Group Inc Common Stock,$15.69,0.54,3.564%,148811381.00,United States,,17338,Finance,Investment Managers
WHLR,Wheeler Real Estate Investment Trust Inc. Common Stock,$1.55,0.065,4.377%,1999607.00,United States,2012,85775,Real Estate,Real Estate Investment Trusts
WHLRD,Wheeler Real Estate Investment Trust Inc. Series D Cumulative Preferred Stock,$37.56,0.00,0.00%,48454992.00,United States,,210,Real Estate,Real Estate Investment Trusts
WHLRL,Wheeler Real Estate Investment Trust Inc. 7.00% Senior Subordinated Convertible Notes Due 2031,$97.00,0.00,0.00%,125136693.00,United States,,2,Real Estate,Real Estate Investment Trusts
WHLRP,Wheeler Real Estate Investment Trust Inc. Class B Preferred Stock,$6.75,0.00,0.00%,8707966.00,United States,,125,Real Estate,Real Estate Investment Trusts
WHR,Whirlpool Corporation Common Stock,$58.74,-0.02,-0.034%,3319908379.00,United States,,3975867,Consumer Discretionary,Consumer Electronics/Appliances
WHR^A,Whirlpool Corporation Depositary Shares each representing a 1/20th interest in a share of 8.50% Series A Mandatory Convertible Preferred Stock,$44.60,0.12,0.27%,,United States,,407968,,
WHWK,Whitehawk Therapeutics Inc. Common Stock,$4.08,0.33,8.80%,192283717.00,United States,,323108,Health Care,Biotechnology: Pharmaceutical Preparations
WIA,Western Asset Inflation-Linked Income Fund,$8.15,-0.03,-0.367%,0.00,United States,2003,64588,Finance,Trusts Except Educational Religious and Charitable
WILC,G. Willi-Food International  Ltd. Ordinary Shares,$27.86,0.37,1.346%,386335094.00,Israel,,3770,Consumer Discretionary,Food Distributors
WIMI,WiMi Hologram Cloud Inc. Class B Ordinary Shares,$1.86,0.03,1.639%,9133350.00,China,2020,41377,Technology,Computer Software: Prepackaged Software
WINA,Winmark Corporation Common Stock,$440.19,10.85,2.527%,1574744950.00,United States,,99397,Consumer Discretionary,Other Specialty Stores
WING,Wingstop Inc. Common Stock,$224.28,-4.89,-2.134%,6164239360.00,United States,2015,1096270,Consumer Discretionary,Restaurants
WIT,Wipro Limited Common Stock,$2.31,-0.01,-0.431%,24190634273.00,India,,21746549,Technology,EDP Services
WIW,Western Asset Inflation-Linked Opportunities & Income Fund,$8.62,-0.04,-0.462%,0.00,United States,2004,438553,Finance,Finance Companies
WIX,Wix.com Ltd. Ordinary Shares,$92.00,-1.89,-2.013%,5064365676.00,Israel,2013,2683643,Technology,Computer Software: Programming Data Processing
WK,Workiva Inc. Class A Common Stock,$64.01,-0.89,-1.371%,3637985306.00,United States,2014,869484,Technology,Computer Software: Prepackaged Software
WKC,World Kinect Corporation Common Stock,$23.59,-0.83,-3.399%,1209671374.00,United States,,1074017,Energy,Oil Refining/Marketing
WKEY,WISeKey International Holding Ltd American Depositary Shares,$7.55,0.14,1.889%,68780153.00,Switzerland,,63649,Technology,EDP Services
WKHS,Workhorse Group Inc. Common Stock,$3.50,0.06,1.744%,7594188.00,United States,,72691,Industrials,Auto Manufacturing
WKSP,Worksport Ltd. Common Stock,$1.31,-0.04,-2.963%,12857473.00,Canada,,151216,Consumer Discretionary,Auto Parts:O.E.M.
WLAC,Willow Lane Acquisition Corp. Class A Ordinary Shares,$10.64,-0.01,-0.094%,0.00,United States,2024,57540,Finance,Blank Checks
WLACW,Willow Lane Acquisition Corp. Warrants,$2.75,0.00,0.00%,0.00,United States,2024,1119,Finance,Blank Checks
WLDN,Willdan Group Inc. Common Stock,$83.06,0.08,0.096%,1228964897.00,United States,2006,291280,Consumer Discretionary,Military/Government/Technical
WLDS,Wearable Devices Ltd. Ordinary Share,$0.73,-0.0504,-6.458%,7532436.00,Israel,2022,159646,Telecommunications,Computer Communications Equipment
WLFC,Willis Lease Finance Corporation Common Stock,$177.89,-0.72,-0.403%,1212169855.00,United States,1996,72015,Consumer Discretionary,Industrial Specialties
WLIIU,Willow Lane Acquisition Corp. II Unit,$10.12,-0.06,-0.589%,0.00,United States,2026,533,,
WLK,Westlake Corporation Common Stock,$106.34,3.15,3.053%,13601985343.00,United States,2004,1215531,Industrials,Major Chemicals
WLKP,Westlake Chemical Partners LP Common Units representing limited partner interests,$21.70,-0.40,-1.81%,764835574.00,United States,2014,49223,Industrials,Major Chemicals
WLTH,Wealthfront Corporation Common Stock,$8.62,0.13,1.531%,1294037701.00,United States,2025,1381885,Finance,Finance: Consumer Services
WLY,John Wiley & Sons Inc. Common Stock,$36.98,-0.48,-1.281%,1943609410.00,United States,,1035487,Consumer Discretionary,Books
WLYB,John Wiley & Sons Inc. Common Stock,$36.50,0.00,0.00%,1918381381.00,United States,,215,Consumer Discretionary,Books
WM,Waste Management Inc. Common Stock,$246.51,0.46,0.187%,99426303374.00,United States,,3292650,Utilities,Environmental Services
WMB,Williams Companies Inc. (The) Common Stock,$73.18,-1.06,-1.428%,89393988463.00,United States,,9301507,Utilities,Natural Gas Distribution
WMG,Warner Music Group Corp. Class A Common Stock,$27.51,-0.33,-1.185%,14369743082.00,United States,2020,1712319,Consumer Discretionary,Services-Misc. Amusement & Recreation
WMK,Weis Markets Inc. Common Stock,$62.81,-1.49,-2.317%,1554208138.00,United States,,271750,Consumer Staples,Food Chains
WMS,Advanced Drainage Systems Inc. Common Stock,$149.90,3.79,2.594%,11676548192.00,United States,2014,1564556,Consumer Discretionary,Containers/Packaging
WMT,Walmart Inc. Common Stock,$124.34,0.54,0.436%,991010560304.00,United States,,19369203,Consumer Discretionary,Department/Specialty Retail Stores
WNC,Wabash National Corporation Common Stock,$9.09,-0.12,-1.303%,367567212.00,United States,1991,505535,Industrials,Construction/Ag Equipment/Trucks
WNEB,Western New England Bancorp Inc. Common Stock,$12.54,0.06,0.481%,256969254.00,United States,,139195,Finance,Savings Institutions
WNW,Meiwu Technology Company Limited Ordinary Shares,$1.86,0.17,10.059%,29096637.00,China,2020,46898,Consumer Discretionary,Catalog/Specialty Distribution
WOK,WORK Medical Technology Group LTD Class A Ordinary Shares,$1.12,0.01,0.901%,1931556.00,China,2024,22602,Health Care,Medical/Dental Instruments
WOLF,Wolfspeed Inc. Common Stock New,$17.76,1.19,7.182%,800774921.00,United States,2025,1493314,Technology,Semiconductors
WOOF,Petco Health and Wellness Company Inc. Class A Common Stock,$2.33,-0.05,-2.101%,743351324.00,United States,2021,2034213,Consumer Discretionary,Other Specialty Stores
WOR,Worthington Enterprises Inc. Common Shares,$50.24,-0.79,-1.548%,2489220229.00,United States,,122559,Industrials,Steel/Iron Ore
WORX,SCWorx Corp. Common Stock,$0.1281,0.0061,5.00%,2027417.00,United States,2016,1564594,Consumer Discretionary,Services-Misc. Amusement & Recreation
WPAC,White Pearl Acquisition Corp. Class A Ordinary Shares,$9.92,0.00,0.00%,0.00,,2026,291,Finance,Blank Checks
WPC,W. P. Carey Inc. REIT,$72.40,-0.21,-0.289%,15867879112.00,United States,,1058525,Real Estate,Real Estate Investment Trusts
WPM,Wheaton Precious Metals Corp Common Shares (Canada),$147.95,1.10,0.749%,67172515989.00,Canada,,2920669,Basic Materials,Precious Metals
WPP,WPP plc American Depositary Shares,$17.60,-0.17,-0.957%,3797384307.00,Ireland,,505548,Consumer Discretionary,Advertising
WPRT,Westport Fuel Systems Inc Common Shares,$2.04,0.04,2.00%,35396050.00,Canada,2008,19216,Industrials,Industrial Machinery/Components
WRAP,Wrap Technologies Inc. Common Stock,$1.60,0.02,1.266%,87202621.00,United States,,217645,Industrials,Ordnance And Accessories
WRB,W.R. Berkley Corporation Common Stock,$68.24,-1.68,-2.403%,25555256013.00,United States,,1926951,Finance,Property-Casualty Insurers
WRB^E,W.R. Berkley Corporation 5.70% Subordinated Debentures due 2058,$22.31,-0.28,-1.239%,,United States,,12960,,
WRB^F,W.R. Berkley Corporation 5.10% Subordinated Debentures due 2059,$20.04,-0.20,-0.988%,,United States,,20840,,
WRB^G,W.R. Berkley Corporation 4.25% Subordinated Debentures due 2060,$17.10,-0.09,-0.524%,,United States,,17032,,
WRB^H,W.R. Berkley Corporation 4.125% Subordinated Debentures due 2061,$16.68,-0.16,-0.95%,,United States,,16395,,
WRBY,Warby Parker Inc. Class A Common Stock,$25.28,0.46,1.853%,3095479803.00,United States,2021,2388381,Health Care,Ophthalmic Goods
WRD,WeRide Inc. American Depositary Shares,$6.29,-0.08,-1.256%,1789686812.00,China,2024,4864594,Technology,EDP Services
WRLD,World Acceptance Corporation Common Stock,$137.66,-1.31,-0.943%,679610763.00,United States,1991,204950,Finance,Finance: Consumer Services
WRN,Western Copper and Gold Corporation Common Stock,$2.84,0.03,1.068%,573840250.00,Canada,2011,1941006,Basic Materials,Metal Mining
WS,Worthington Steel Inc. Common Shares,$36.85,-0.68,-1.812%,1872187650.00,United States,2023,271057,Industrials,Steel/Iron Ore
WSBC,WesBanco Inc. Common Stock,$33.37,-0.31,-0.92%,3207292779.00,United States,,594409,Finance,Major Banks
WSBCO,WesBanco Inc. Depositary Shares each representing 1/40th interest in a share of 7.375% Fixed-Rate Reset Non-Cumulative Perpetual Preferred Stock Series B,$25.48,-0.12,-0.469%,2448960743.00,United States,,13540,Finance,Major Banks
WSBF,Waterstone Financial Inc. Common Stock (MD),$17.45,-0.01,-0.057%,320380779.00,United States,2005,70563,Finance,Savings Institutions
WSBK,Winchester Bancorp Inc. Common Stock,$12.87,-0.09,-0.694%,0.00,United States,2025,4748,,
WSC,WillScot Holdings Corporation Class A Common Stock,$19.80,0.54,2.804%,3580917872.00,United States,2015,2524998,Industrials,Misc Corporate Leasing Services
WSFS,WSFS Financial Corporation Common Stock,$62.74,-0.24,-0.381%,3308416471.00,United States,,492631,Finance,Major Banks
WSHP,WeShop Holdings Limited Class A Ordinary Shares,$15.8157,-0.6343,-3.856%,370778257.00,Jersey,,55612,Consumer Discretionary,Other Specialty Stores
WSM,Williams-Sonoma Inc. Common Stock (DE),$188.30,1.78,0.954%,22479387881.00,United States,,1521647,Consumer Discretionary,Home Furnishings
WSO,Watsco Inc. Common Stock,$393.92,0.73,0.186%,15994288853.00,United States,,399681,Consumer Discretionary,Industrial Machinery/Components
WSO/B,Watsco Inc.,$419.25,0.00,0.00%,,United States,,33,,
WSR,Whitestone REIT Common Shares,$16.20,0.24,1.504%,826526009.00,United States,2010,575335,Real Estate,Real Estate Investment Trusts
WST,West Pharmaceutical Services Inc. Common Stock,$248.06,2.20,0.895%,17865651057.00,United States,,665931,Health Care,Medical/Dental Instruments
WSTN,Westin Acquisition Corp Class A Ordinary Share,$9.99,-0.01,-0.10%,80469450.00,Singapore,2025,101,,
WSTNU,Westin Acquisition Corp Units,$10.14,0.01,0.099%,0.00,Singapore,2026,281,,
WT,WisdomTree Inc. Common Stock,$16.59,-0.03,-0.181%,2349421020.00,United States,2022,1668693,Finance,Investment Bankers/Brokers/Service
WTBA,West Bancorporation Common Stock,$23.67,-0.26,-1.087%,400988381.00,United States,,31246,Finance,Major Banks
WTF,Waton Financial Limited Ordinary Shares,$4.14,-0.20,-4.608%,199703134.00,Hong Kong,2025,1866,Finance,Investment Bankers/Brokers/Service
WTFC,Wintrust Financial Corporation Common Stock,$137.20,-0.87,-0.63%,9229510816.00,United States,,986341,Finance,Major Banks
WTFCN,Wintrust Financial Corporation Depositary Shares Each Representing a 1/1000th Interest in a Share of 7.875% Fixed-Rate Reset Non-Cumulative Perpetual Preferred StocK,$26.47,-0.01,-0.038%,1780649791.00,United States,,29525,Finance,Major Banks
WTGUR,Wintergreen Acquisition Corp. Rights,$0.14,0.00,0.00%,0.00,China,2025,11,Finance,Blank Checks
WTI,W&T Offshore Inc. Common Stock,$3.09,-0.05,-1.592%,459721622.00,United States,2005,27381577,Energy,Oil & Gas Production
WTM,White Mountains Insurance Group Ltd. Common Stock,$2148.65,-16.95,-0.783%,5300837726.00,United States,,28506,Finance,Property-Casualty Insurers
WTO,UTime Limited Class A Ordinary Shares,$2.86,-0.14,-4.667%,4840404.00,China,2021,8413,Technology,Consumer Electronics/Appliances
WTRG,Essential Utilities Inc. Common Stock,$40.85,0.50,1.239%,11565362784.00,United States,,3401776,Utilities,Water Supply
WTS,Watts Water Technologies Inc. Class A Common Stock,$308.76,2.60,0.849%,10294035552.00,United States,1986,152145,Industrials,Metal Fabrications
WTTR,Select Water Solutions Inc. Class A common stock,$13.92,0.09,0.651%,1880412919.00,United States,2017,938159,Energy,Oilfield Services/Equipment
WTW,Willis Towers Watson Public Limited Company Ordinary Shares,$294.67,-8.27,-2.73%,27859841237.00,United Kingdom,,742343,Finance,Specialty Insurers
WU,Western Union Company (The) Common Stock,$9.71,-0.03,-0.308%,3043646195.00,United States,,8155195,Real Estate,Real Estate
WULF,TeraWulf Inc. Common Stock,$13.85,0.10,0.727%,5873343531.00,United States,,27904865,Technology,EDP Services
WVE,Wave Life Sciences Ltd. Ordinary Shares,$13.29,0.17,1.296%,2501908339.00,Singapore,2015,2792423,Health Care,Biotechnology: Pharmaceutical Preparations
WVVI,Willamette Valley Vineyards Inc. Common Stock,$2.7356,0.0256,0.945%,13580966.00,United States,,987,Consumer Staples,Beverages (Production/Distribution)
WVVIP,Willamette Valley Vineyards Inc. Series A Redeemable Preferred Stock,$3.05,0.00,0.00%,15141813.00,United States,,1531,Consumer Staples,Beverages (Production/Distribution)
WW,WW International Inc.  Common Stock,$21.95,-0.52,-2.314%,219213070.00,United States,,119366,Consumer Discretionary,Other Consumer Services
WWD,Woodward Inc. Common Stock,$384.56,10.66,2.851%,22925878583.00,United States,,620037,Energy,Industrial Machinery/Components
WWR,Westwater Resources Inc. Common Stock,$0.7967,-0.0072,-0.896%,94002206.00,United States,,996946,Basic Materials,Metal Mining
WWW,Wolverine World Wide Inc. Common Stock,$16.71,0.30,1.828%,1358778446.00,United States,,1178275,Consumer Discretionary,Shoe Manufacturing
WXM,WF International Limited Ordinary Shares,$0.51,0.00,0.00%,4396551.00,China,2025,60967,Consumer Discretionary,Engineering & Construction
WY,Weyerhaeuser Company Common Stock,$24.45,-0.05,-0.204%,17620259250.00,United States,,7571847,Real Estate,Real Estate Investment Trusts
WYFI,WhiteFiber Inc. Ordinary Shares,$15.81,0.31,2.00%,604890426.00,United States,2025,653231,Finance,Finance: Consumer Services
WYHG,Wing Yip Food Holdings Group Limited American Depositary Shares,$0.46,0.00,0.00%,23152227.00,China,2024,1696,Consumer Staples,Specialty Foods
WYNN,Wynn Resorts Limited Common stock,$101.56,-0.05,-0.049%,10591011034.00,United States,2002,4359198,Consumer Discretionary,Hotels/Resorts
WYY,WidePoint Corporation Common Stock,$4.49,-0.14,-3.024%,44410599.00,United States,,14574,Technology,EDP Services
XAIR,Beyond Air Inc. Common Stock,$0.859,0.0501,6.194%,9044706.00,United States,,187262,Health Care,Medical/Dental Instruments
XBIO,Xenetic Biosciences Inc. Common Stock,$2.31,0.02,0.873%,5292339.00,United States,,5568,Health Care,Biotechnology: Pharmaceutical Preparations
XBIT,XBiotech Inc. Common Stock,$2.35,0.00,0.00%,71646168.00,United States,2015,27875,Health Care,Biotechnology: Pharmaceutical Preparations
XBP,XBP Global Holdings Inc. Common Stock,$5.17,-0.945,-15.454%,60755756.00,United States,2021,34352,Technology,EDP Services
XBPEW,XBP Europe Holdings Inc. Warrant,$0.052,-0.0025,-4.587%,611083.00,United States,2021,200,Technology,EDP Services
XCBEU,X3 Acquisition Corp. Ltd. Unit,$9.95,-0.0117,-0.117%,0.00,United States,2026,656,Finance,Blank Checks
XCH,XCHG Limited American Depositary Share,$1.48,0.045,3.136%,87988276.00,Germany,2024,41330,Industrials,Electrical Products
XCUR,Exicure Inc. Common Stock,$4.0901,-0.0599,-1.443%,26069762.00,United States,,6269,Health Care,Biotechnology: Pharmaceutical Preparations
XEL,Xcel Energy Inc. Common Stock,$82.10,-0.42,-0.509%,51220286347.00,United States,,3586477,Utilities,Power Generation
XELB,Xcel Brands Inc. Common Stock,$1.46,-0.06,-3.947%,8604970.00,United States,,13488,Miscellaneous,Multi-Sector Companies
XELLL,Xcel Energy Inc. 6.25% Junior Subordinated Notes Series due 2085,$24.81,-0.11,-0.441%,0.00,United States,,73823,Utilities,Power Generation
XENE,Xenon Pharmaceuticals Inc. Common Shares,$62.76,20.82,49.642%,5221024232.00,Canada,2014,11514318,Health Care,Biotechnology: Pharmaceutical Preparations
XERS,Xeris Biopharma Holdings Inc. Common Stock,$5.60,-0.21,-3.614%,965615224.00,United States,2018,2344384,Health Care,Biotechnology: Pharmaceutical Preparations
XFLH,XFLH Capital Corporation,$9.89,9.89,,0.00,,,229651,,
XFLT,XAI Octagon Floating Rate & Alternative Income Trust Common Shares of Beneficial Interest,$3.11,-0.01,-0.321%,110307135.00,United States,2017,1406353,Finance,Investment Managers
XFOR,X4 Pharmaceuticals Inc. Common Stock,$4.15,0.39,10.372%,362862255.00,United States,2017,590519,Health Care,Biotechnology: Biological Products (No Diagnostic Substances)
XGN,Exagen Inc. Common Stock,$3.38,0.09,2.736%,76601275.00,United States,2019,237380,Health Care,Medical Specialities
XHG,XChange TEC.INC American Depositary Shares ,$1.05,0.2749,35.466%,54125322.00,China,2019,111206,Finance,Real Estate
XHLD,TEN Holdings Inc. Common Stock,$1.69,-0.03,-1.744%,5024084.00,United States,2025,27833,Real Estate,Real Estate
XHR,Xenia Hotels & Resorts Inc. Common Stock,$14.97,-0.12,-0.795%,1379544317.00,United States,2015,566167,Consumer Discretionary,Hotels/Resorts
XIFR,XPLR Infrastructure LP Common Units representing limited partner interests,$9.95,0.03,0.302%,934965143.00,United States,2014,814350,Utilities,Electric Utilities: Central
XLO,Xilio Therapeutics Inc. Common Stock,$0.54,0.01,1.887%,39666889.00,United States,2021,556406,Health Care,Biotechnology: Pharmaceutical Preparations
XMTR,Xometry Inc. Class A Common Stock,$43.82,0.43,0.991%,2270946260.00,United States,2021,665846,Real Estate,Real Estate
XNCR,Xencor Inc. Common Stock,$11.87,0.55,4.859%,870529681.00,United States,2013,835939,Health Care,Biotechnology: Pharmaceutical Preparations
XNET,Xunlei Limited American Depositary Shares,$5.78,0.21,3.77%,1802552713.00,China,2014,114673,Technology,Computer Software: Prepackaged Software
XOM,Exxon Mobil Corporation Common Stock,$150.44,-0.77,-0.509%,626847893869.00,United States,,25493763,Energy,Integrated oil Companies
XOMA,XOMA Royalty Corporation Common Stock,$27.45,1.47,5.658%,339916177.00,United States,1986,278221,Health Care,Biotechnology: Pharmaceutical Preparations
XOMAO,XOMA Royalty Corporation Depositary Shares Rep Series B 8.375% Cumulative Preferred Stock,$25.3001,-0.1249,-0.491%,313293744.00,United States,,2432,Health Care,Biotechnology: Pharmaceutical Preparations
XOMAP,XOMA Royalty Corporation 8.625% Series A Cumulative Perpetual Preferred Stock,$25.885,0.115,0.446%,320536621.00,United States,,677,Health Care,Biotechnology: Pharmaceutical Preparations
XOS,Xos Inc. Common Stock,$2.06,-0.07,-3.286%,23348436.00,United States,2020,17011,Consumer Discretionary,Auto Parts:O.E.M.
XOSWW,Xos Inc. Warrants,$0.0043,0.0009,26.471%,48737.00,United States,2020,10702,Consumer Discretionary,Auto Parts:O.E.M.
XP,XP Inc. Class A Common Stock,$19.53,0.89,4.775%,10127615932.00,Brazil,2019,6630482,Finance,Investment Bankers/Brokers/Service
XPEL,XPEL Inc. Common Stock,$39.87,-0.57,-1.409%,1100578776.00,United States,,317601,Industrials,Industrial Specialties
XPER,Xperi Inc. Common Stock ,$6.07,-0.09,-1.461%,285106692.00,United States,2022,275349,Technology,Computer Software: Prepackaged Software
XPEV,XPeng Inc. American depositary shares each representing two Class A ordinary shares,$18.45,1.13,6.524%,17531637652.00,China,2020,14779793,Industrials,Auto Manufacturing
XPL,Solitario Resources Corp. Common Stock,$0.8353,0.0153,1.866%,77027179.00,United States,,551099,Basic Materials,Precious Metals
XPO,XPO Inc. Common Stock,$194.32,5.67,3.006%,22764074412.00,United States,,1840249,Consumer Discretionary,Transportation Services
XPOF,Xponential Fitness Inc. Class A Common Stock,$5.90,0.07,1.201%,289395000.00,United States,2021,677507,Consumer Discretionary,Services-Misc. Amusement & Recreation
XPON,Expion360 Inc. Common Stock,$0.718,0.012,1.70%,6933539.00,United States,2022,181213,Miscellaneous,Industrial Machinery/Components
XPRO,Expro Group Holdings N.V. Common Stock,$16.99,0.35,2.103%,1932876881.00,United States,2013,1198439,Energy,Oilfield Services/Equipment
XRAY,DENTSPLY SIRONA Inc. Common Stock,$12.80,0.06,0.471%,2556791462.00,United States,1987,3590986,Health Care,Medical/Dental Instruments
XRN,Chiron Real Estate Inc. Common Stock,$35.78,0.04,0.112%,473542217.00,United States,2016,206052,Real Estate,Real Estate Investment Trusts
XRN^A,Chiron Real Estate Inc. Series A Cumulative Redeemable Preferred Stock,$24.50,-0.1618,-0.656%,,United States,,10172,,
XRN^B,Chiron Real Estate Inc. 8.00% Series B Cumulative Redeemable Preferred Stock $0.001 par value per share,$25.10,0.17,0.682%,,United States,,21822,,
XRPN,Armada Acquisition Corp. II Class A Ordinary Shares,$10.32,0.01,0.097%,0.00,United States,2025,40820,Finance,Blank Checks
XRPNU,Armada Acquisition Corp. II Units,$10.75,0.03,0.28%,0.00,United States,2025,6088,Finance,Blank Checks
XRPNW,Armada Acquisition Corp. II Warrant,$0.62,-0.03,-4.615%,0.00,United States,2025,702,Finance,Blank Checks
XRTX,XORTX Therapeutics Inc. Common Stock,$0.4599,-0.0088,-1.878%,3201924.00,Canada,,56008,Health Care,Biotechnology: Pharmaceutical Preparations
XRX,Xerox Holdings Corporation Common Stock,$1.72,-0.02,-1.149%,330343062.00,United States,,6464926,Technology,Computer peripheral equipment
XRXDW,Xerox Holdings Corporation Warrants,$0.105,0.02,23.529%,20166292.00,United States,,951683,Technology,Computer peripheral equipment
XSLLU,Xsolla SPAC 1 Units,$9.9016,0.0016,0.016%,0.00,United States,2026,4296,Finance,Blank Checks
XTIA,XTI Aerospace Inc. Common Stock,$2.78,0.14,5.303%,95934453.00,United States,2014,4394802,Technology,EDP Services
XTKG,X3 Holdings Co. Ltd. Ordinary Shares,$1.15,-0.07,-5.738%,11166470.00,China,2019,378378,Technology,EDP Services
XTLB,XTL Biopharmaceuticals Ltd. American Depositary Shares,$0.702,-0.0261,-3.585%,1546831.00,Israel,,10930,Health Care,Biotechnology: Pharmaceutical Preparations
XTNT,Xtant Medical Holdings Inc. Common Stock,$0.627,0.007,1.129%,87782658.00,United States,,113165,Health Care,Biotechnology: Biological Products (No Diagnostic Substances)
XWEL,XWELL Inc. Common Stock,$1.30,-0.02,-1.515%,7496714.00,United States,,572306,Consumer Discretionary,Other Consumer Services
XWIN,XMAX Inc. Common Stock,$6.19,-0.04,-0.642%,266613990.00,United States,,718365,Consumer Discretionary,Home Furnishings
XXI,Twenty One Capital Inc. Class A Common Stock,$6.77,0.65,10.621%,4409916474.00,,2025,1948997,Finance,Finance: Consumer Services
XXII,22nd Century Group Inc. Common Stock,$4.09,0.04,0.988%,2086624.00,United States,,10623,Health Care, Medicinal Chemicals and Botanical Products 
XYF,X Financial American Depositary Shares each representing six Class A Ordinary Shares,$4.93,-0.04,-0.805%,208092312.00,Cayman Islands,2018,65125,Finance,Finance: Consumer Services
XYL,Xylem Inc. Common Stock New,$123.52,0.37,0.30%,30032826346.00,United States,2011,2505086,Industrials,Fluid Controls
XYZ,Block Inc. Class A Common Stock,$65.54,-0.79,-1.191%,39264751840.00,United States,2015,7502118,Technology,Computer Software: Prepackaged Software
XZO,Exzeo Group Inc. Common Stock,$15.20,-0.25,-1.618%,1381885808.00,,2025,203855,Finance,Property-Casualty Insurers
YAAS,Youxin Technology Ltd Class A Ordinary shares,$1.06,-0.02,-1.852%,4916492.00,China,2024,15072,Technology,Computer Software: Prepackaged Software
YALA,Yalla Group Limited American Depositary Shares each representing one Class A Ordinary Share,$7.11,0.12,1.717%,1120079915.00,United Arab Emirates,2020,384897,Technology,Computer Software: Programming Data Processing
YB,Yuanbao Inc. American Depositary Shares,$19.64,-0.47,-2.337%,885468673.00,China,2025,59837,Finance,Specialty Insurers
YCBD,cbdMD Inc. Common Stock,$0.7401,-0.0401,-5.14%,7767765.00,United States,2017,314799,Consumer Discretionary,Package Goods/Cosmetics
YCY,AA Mission Acquisition Corp. II Class A Ordinary Shares,$10.02,0.00,0.00%,0.00,,2025,5166,,
YDDL,One and One Green Technologies. Inc Class A Ordinary Shares,$8.49,0.89,11.711%,462705000.00,Philippines,2025,177570,Consumer Discretionary,Industrial Specialties
YDES,YD Bio Limited Ordinary Shares,$7.90,-0.2499,-3.066%,557118736.00,United States,,15944,Health Care,Medical Specialities
YDESW,YD Bio Limited Warrants,$0.75,0.04,5.634%,52891019.00,United States,,1373,Health Care,Medical Specialities
YDKG,Yueda Digital Holding Class A Ordinary Share,$0.8301,-0.0199,-2.341%,4600600.00,China,2007,23999,Consumer Discretionary,Advertising
YELP,Yelp Inc. Common Stock,$24.22,-0.31,-1.264%,1441502055.00,United States,2012,1382166,Consumer Discretionary,Other Consumer Services
YETI,YETI Holdings Inc. Common Stock,$40.39,-0.05,-0.124%,3040089343.00,United States,2018,1473086,Consumer Discretionary,Recreational Games/Products/Toys
YEXT,Yext Inc. Common Stock,$5.64,0.06,1.075%,691616263.00,United States,2017,3045185,Technology,EDP Services
YHC,LQR House Inc. Common Stock,$0.8675,0.0275,3.274%,18539912.00,United States,2023,101689,Consumer Staples,Beverages (Production/Distribution)
YHGJ,Yunhong Green CTI Ltd. Common Stock,$2.78,0.00,0.00%,7711339.00,United States,,4516,Industrials,Specialty Chemicals
YI,111 Inc. American Depositary Shares,$6.941,-0.019,-0.273%,60160673.00,China,2018,9532,Consumer Staples,Retail-Drug Stores and Proprietary Stores
YIBO,Planet Image International Limited Class A Ordinary Shares,$1.00,-0.06,-5.66%,53881600.00,China,2024,6647,Industrials,Industrial Machinery/Components
YJ,Yunji Inc. American Depository Shares,$1.5501,-0.2199,-12.424%,7635080.00,China,2019,9596,Consumer Discretionary,Other Specialty Stores
YMAT,J-Star Holding Co. Ltd. Class A Ordinary Shares,$0.3652,0.0032,0.884%,6213106.00,Taiwan,2025,33501,Consumer Discretionary,Recreational Games/Products/Toys
YMM,Full Truck Alliance Co. Ltd. American Depositary Shares (each representing 20 Class A Ordinary Shares),$9.09,0.12,1.338%,9507178214.00,China,2021,7497959,Technology,Computer Software: Prepackaged Software
YMT,Yimutian Inc. American Depositary Shares,$0.64,0.086,15.523%,73201325.00,China,2025,324445,Technology,EDP Services
YORW,York Water Company (The) Common Stock,$32.49,-0.21,-0.642%,469433325.00,United States,,87659,Utilities,Water Supply
YOU,Clear Secure Inc. Class A Common Stock,$46.23,0.05,0.108%,6163457568.00,United States,2021,1401378,Technology,Computer Software: Prepackaged Software
YOUL,Youlife Group Inc. American Depositary Shares,$1.04,-0.04,-3.704%,79090544.00,China,,7686,Real Estate,Other Consumer Services
YPF,YPF Sociedad Anonima Common Stock,$36.78,-0.11,-0.298%,14466044527.00,Argentina,1993,3093171,Energy,Integrated oil Companies
YQ,17 Education & Technology Group Inc. American Depositary Shares,$2.98,0.19,6.81%,26378096.00,China,2020,4118,Real Estate,Other Consumer Services
YRD,Yiren Digital Ltd. American Depositary Shares each representing two ordinary shares,$3.72,-0.10,-2.618%,321432120.00,China,2015,39002,Finance,Finance: Consumer Services
YSG,Yatsen Holding Limited American Depositary Shares each representing twenty (20) Class A Ordinary Shares,$3.93,0.18,4.80%,368823717.00,China,,55056,Consumer Discretionary,Package Goods/Cosmetics
YSS,York Space Systems Inc. Common Stock,$21.65,0.25,1.168%,2748345979.00,,2026,594062,Industrials,Military/Government/Technical
YSXT,YSX Tech. Co. Ltd Class A Ordinary Shares,$1.38,0.00,0.00%,32343750.00,China,2024,344988,Consumer Discretionary,Automotive Aftermarket
YTRA,Yatra Online Inc. Ordinary Shares,$1.05,-0.13,-11.017%,65158538.00,India,,171511,Consumer Discretionary,Transportation Services
YUM,Yum! Brands Inc.,$159.85,-0.15,-0.094%,44187356281.00,United States,,1506194,Consumer Discretionary,Restaurants
YUMC,Yum China Holdings Inc. Common Stock,$53.38,1.55,2.991%,18848288181.00,United States,2016,2451169,Consumer Discretionary,Restaurants
YXT,YXT.COM GROUP HOLDING LIMITED American Depository Shares,$0.617,0.0178,2.971%,37066603.00,China,2024,972,Technology,Computer Software: Prepackaged Software
YYAI,AiRWA Inc. Common Stock,$0.9832,0.0132,1.361%,18662645.00,United States,,393925,Consumer Discretionary,Recreational Games/Products/Toys
YYGH,YY Group Holding Limited Class A Ordinary Shares,$0.103,-0.0096,-8.526%,7610276.00,Singapore,2024,6773216,Consumer Discretionary,Professional Services
Z,Zillow Group Inc. Class C Capital Stock,$45.25,-0.66,-1.438%,10856751774.00,United States,,5553451,Real Estate,Real Estate
ZBAI,ATIF Holdings Limited Ordinary Shares,$6.50,-0.13,-1.961%,67036925.00,United States,2019,5519,Consumer Discretionary,Professional Services
ZBAO,Zhibao Technology Inc. Class A Ordinary Shares,$1.14,0.0601,5.565%,55010238.00,China,2024,128093,Finance,Specialty Insurers
ZBH,Zimmer Biomet Holdings Inc. Common Stock,$93.28,-0.83,-0.882%,18250418933.00,United States,,2124871,Health Care,Industrial Specialties
ZBIO,Zenas BioPharma Inc. Common Stock,$26.14,0.86,3.402%,1403173399.00,United States,2024,532523,Health Care,Biotechnology: Pharmaceutical Preparations
ZBRA,Zebra Technologies Corporation Class A Common Stock,$213.78,-5.87,-2.672%,10516202481.00,United States,1991,881752,Industrials,Industrial Machinery/Components
ZCMD,Zhongchao Inc. Class A Ordinary Shares,$1.74,0.12,7.407%,6688976.00,China,2020,29045,Real Estate,Other Consumer Services
ZD,Ziff Davis Inc. Common Stock,$40.24,-2.08,-4.915%,1515214505.00,United States,,1286890,Telecommunications,Telecommunications Equipment
ZDAI,DirectBooking Technology Co. Ltd. Class A Ordinary Shares,$4.38,0.10,2.336%,35231625.00,Hong Kong,2024,4561,Consumer Discretionary,General Bldg Contractors - Nonresidential Bldgs
ZDGE,Zedge Inc. Class B Common Stock ,$3.25,0.15,4.839%,42282845.00,,2016,51994,Technology,Computer Software: Prepackaged Software
ZENA,ZenaTech Inc. Common Stock,$2.36,0.03,1.288%,132893689.00,Canada,,1158492,Technology,Computer Software: Prepackaged Software
ZENV,Zenvia Inc. Class A Common Stock,$0.45,0.042,10.294%,23370585.00,Brazil,2021,205578,Technology,Computer Software: Prepackaged Software
ZEO,Zeo Energy Corporation Class A Common Stock,$1.01,0.0656,6.946%,58136451.00,United States,2021,114782,Miscellaneous,Industrial Machinery/Components
ZEOWW,Zeo Energy Corporation Warrants,$0.0411,-0.0001,-0.243%,2365751.00,United States,2021,108,Miscellaneous,Industrial Machinery/Components
ZEPP,Zepp Health Corporation American depositary shares each representing sixteen Class A ordinary shares,$18.74,0.66,3.65%,269257482.00,China,,54733,Technology,Computer Manufacturing
ZETA,Zeta Global Holdings Corp. Class A Common Stock,$19.08,0.24,1.274%,4657878288.00,United States,2021,7586981,Technology,Computer Software: Prepackaged Software
ZG,Zillow Group Inc. Class A Common Stock,$45.14,-0.83,-1.806%,10830359670.00,United States,2011,1400258,Real Estate,Real Estate
ZGM,Zenta Group Company Limited Ordinary Shares,$2.05,-0.13,-5.963%,24208120.00,Macau,2025,1422,Consumer Discretionary,Professional Services
ZGN,Ermenegildo Zegna N.V. Ordinary Shares,$10.41,-0.06,-0.573%,2629356540.00,,2021,812897,Consumer Discretionary,Apparel
ZH,Zhihu Inc. American Depositary Shares each representing three (3) Class A Ordinary Shares,$3.13,0.03,0.968%,274078015.00,China,,291806,Real Estate,Real Estate
ZIM,ZIM Integrated Shipping Services Ltd. Ordinary Shares,$29.11,1.30,4.675%,3506518116.00,,2021,2823768,Consumer Discretionary,Marine Transportation
ZION,Zions Bancorporation N.A. Common Stock,$55.78,0.04,0.072%,8249238882.00,United States,,2027670,Finance,Major Banks
ZIONP,Zions Bancorporation N.A. Depositary Shares (Each representing 1/40th Interest in a Share of Series A Floating-Rate Non-Cumulative Perpetual Preferred Stock),$18.96,-0.04,-0.211%,2803972198.00,United States,,3913,Finance,Major Banks
ZIP,ZipRecruiter Inc. Class A Common Stock,$2.79,0.09,3.333%,398322089.00,United States,2021,2096146,Technology,Computer Software: Programming Data Processing
ZJK,ZJK Industrial Co. Ltd. Ordinary Shares,$1.90,-0.15,-7.317%,116624373.00,China,2024,8287,Industrials,Metal Fabrications
ZJYL,JIN MEDICAL INTERNATIONAL LTD. Ordinary Shares,$0.1518,0.0063,4.33%,23763850.00,China,2023,345081,Health Care,Industrial Specialties
ZKH,ZKH Group Limited American Depositary Shares each representing thirty-five (35) Class A Ordinary Shares,$3.29,0.088,2.748%,525786520.00,Cayman Islands,2023,12594,Consumer Discretionary,RETAIL: Building Materials
ZKIN,ZK International Group Co. Ltd Ordinary Share,$1.50,0.10,7.143%,25908462.00,China,2017,9964,Industrials,Metal Fabrications
ZKP,Lafayette Digital Acquisition Corp. I Class A Ordinary Shares,$9.89,0.00,0.00%,0.00,United States,2026,6,Finance,Blank Checks
ZKPU,Lafayette Digital Acquisition Corp. I Unit,$9.93,-0.0112,-0.113%,0.00,United States,2026,678,Finance,Blank Checks
ZKPW,Lafayette Digital Acquisition Corp. I Warrant,$0.28,0.00,0.00%,0.00,United States,2026,8,Finance,Blank Checks
ZLAB,Zai Lab Limited American Depositary Shares,$19.12,-0.42,-2.149%,2115450930.00,China,2017,536594,Health Care,Biotechnology: Pharmaceutical Preparations
ZM,Zoom Communications Inc. Class A Common Stock,$77.06,-0.44,-0.568%,22707030235.00,United States,2019,3372831,Technology,Computer Software: Programming Data Processing
ZNB,Zeta Network Group Class A Ordinary Shares,$0.1954,-0.025,-11.343%,29560043.00,United States,,729174,Consumer Discretionary,Engineering & Construction
ZNTL,Zentalis Pharmaceuticals Inc. Common Stock,$2.48,0.185,8.061%,179181932.00,United States,2020,518635,Health Care,Biotechnology: Pharmaceutical Preparations
ZONE,CleanCore Solutions Inc. Class B Common Stock,$0.3144,0.0135,4.487%,66198878.00,,2024,2472378,Industrials,Industrial Machinery/Components
ZOOZ,ZOOZ Strategy Ltd. Ordinary Shares,$0.3792,0.0022,0.584%,61392397.00,Israel,,77894,Technology,Industrial Machinery/Components
ZOOZW,ZOOZ Strategy Ltd. Warrant,$0.03,0.0001,0.334%,4856993.00,Israel,,4803,Technology,Industrial Machinery/Components
ZS,Zscaler Inc. Common Stock,$162.62,-1.44,-0.878%,26147784122.00,United States,2018,2420049,Technology,EDP Services
ZSPC,zSpace Inc. Common stock,$0.2284,-0.0113,-4.714%,7606401.00,United States,2024,674994,Technology,Computer Software: Prepackaged Software
ZSTK,ZeroStack Corp. Common Stock,$7.075,0.385,5.755%,17197967.00,Canada,2021,23721,Health Care,Biotechnology: Pharmaceutical Preparations
ZTEK,Zentek Ltd. Common Stock,$0.6489,-0.0035,-0.536%,69785013.00,Canada,,106129,Industrials,Major Chemicals
ZTO,ZTO Express (Cayman) Inc. American Depositary Shares each representing one Class A ordinary share.,$23.01,0.21,0.921%,18510819955.00,China,2016,1125902,Industrials,Trucking Freight/Courier Services
ZTR,Virtus Total Return Fund Inc.,$6.74,-0.08,-1.173%,0.00,United States,1988,259601,Finance,Investment Managers
ZTS,Zoetis Inc. Class A Common Stock,$122.36,0.93,0.766%,51651546473.00,United States,2013,3689301,Health Care,Biotechnology: Pharmaceutical Preparations
ZUMZ,Zumiez Inc. Common Stock,$23.28,0.79,3.513%,394586176.00,United States,2005,221448,Consumer Discretionary,Clothing/Shoe/Accessory Stores
ZURA,Zura Bio Limited Class A Ordinary Shares,$7.04,0.07,1.004%,518712198.00,Cayman Islands,,552513,Health Care,Biotechnology: Biological Products (No Diagnostic Substances)
ZVIA,Zevia PBC Class A Common Stock,$1.42,0.04,2.899%,106644079.00,United States,2021,433279,Consumer Staples,Beverages (Production/Distribution)
ZVRA,Zevra Therapeutics Inc. Common Stock,$9.12,0.14,1.559%,513433519.00,United States,,1852314,Health Care,Biotechnology: Pharmaceutical Preparations
ZWS,Zurn Elkay Water Solutions Corporation Common Stock,$47.29,-0.10,-0.211%,7887876190.00,United States,2012,904625,Industrials,Industrial Machinery/Components
ZYBT,Zhengye Biotechnology Holding Limited Ordinary Shares,$0.75,0.00,0.00%,35543532.00,China,2025,13360,Health Care,Biotechnology: Pharmaceutical Preparations
ZYME,Zymeworks Inc. Common Stock,$24.25,0.17,0.706%,1788427970.00,United States,,963834,Health Care,Biotechnology: Pharmaceutical Preparations
